==========================================================================================
EVALUATION #001 (Generation 01)
Parameters   : r1 = 0.375771, r2 = 0.364295
Cost         : 1.000000 | Dirac Freq: 0.000000 | FAILED: Disconnected slab (Slab breaks unit cell continuity along X-axis (left-right), Y-axis (top-bottom) (connection is too narrow, <4px width))
Connectivity : FAILED (Slab breaks unit cell continuity along X-axis (left-right), Y-axis (top-bottom) (connection is too narrow, <4px width))
------------------------------------------------------------------------------------------
  No irrep map available.
==========================================================================================

==========================================================================================
EVALUATION #002 (Generation 01)
Parameters   : r1 = 0.313271, r2 = 0.376795
Cost         : 1.000000 | Dirac Freq: 0.000000 | FAILED: Disconnected slab (Slab breaks unit cell continuity along X-axis (left-right), Y-axis (top-bottom) (connection is too narrow, <4px width))
Connectivity : FAILED (Slab breaks unit cell continuity along X-axis (left-right), Y-axis (top-bottom) (connection is too narrow, <4px width))
------------------------------------------------------------------------------------------
  No irrep map available.
==========================================================================================

==========================================================================================
EVALUATION #003 (Generation 01)
Parameters   : r1 = 0.363271, r2 = 0.326795
Cost         : 1.000000 | Dirac Freq: 0.000000 | FAILED: Disconnected slab (Slab breaks unit cell continuity along X-axis (left-right), Y-axis (top-bottom) (connection is too narrow, <4px width))
Connectivity : FAILED (Slab breaks unit cell continuity along X-axis (left-right), Y-axis (top-bottom) (connection is too narrow, <4px width))
------------------------------------------------------------------------------------------
  No irrep map available.
==========================================================================================

==========================================================================================
EVALUATION #004 (Generation 01)
Parameters   : r1 = 0.344521, r2 = 0.383045
Cost         : 1.000000 | Dirac Freq: 0.000000 | FAILED: Disconnected slab (Slab breaks unit cell continuity along X-axis (left-right), Y-axis (top-bottom) (connection is too narrow, <4px width))
Connectivity : FAILED (Slab breaks unit cell continuity along X-axis (left-right), Y-axis (top-bottom) (connection is too narrow, <4px width))
------------------------------------------------------------------------------------------
  No irrep map available.
==========================================================================================

==========================================================================================
EVALUATION #005 (Generation 01)
Parameters   : r1 = 0.388271, r2 = 0.351795
Cost         : 1.000000 | Dirac Freq: 0.000000 | FAILED: Disconnected slab (Slab breaks unit cell continuity along X-axis (left-right), Y-axis (top-bottom) (connection is too narrow, <4px width))
Connectivity : FAILED (Slab breaks unit cell continuity along X-axis (left-right), Y-axis (top-bottom) (connection is too narrow, <4px width))
------------------------------------------------------------------------------------------
  No irrep map available.
==========================================================================================

==========================================================================================
EVALUATION #006 (Generation 01)
Parameters   : r1 = 0.207021, r2 = 0.370545
Cost         : 0.047320 | Dirac Freq: 0.606297 | Mapped to bands [6, 4, 5]
Connectivity : PASSED (Slab is continuous and unbroken across unit cell boundaries. (passes >=4px neck width constraint))
Top Band vg  : 0.000305 c (Band #6 at delta_k = 0.0010)
------------------------------------------------------------------------------------------
  Band  2           : A_2      (freq = 0.384527, conf = 1.000)
  Band  3           : B_2      (freq = 0.505938, conf = 1.000)
* Band  4 [Target #2]: E        (freq = 0.591952, conf = 1.000)
* Band  5 [Target #3]: E        (freq = 0.591972, conf = 1.000)
* Band  6 [Target #1]: A_2      (freq = 0.620642, conf = 1.000)
  Band  7           : E        (freq = 0.709770, conf = 1.000)
  Band  8           : E        (freq = 0.709781, conf = 1.000)
  Band  9           : B_2      (freq = 0.822851, conf = 1.000)
  Band 10           : B_1      (freq = 0.824616, conf = 1.000)
==========================================================================================

==========================================================================================
EVALUATION #007 (Generation 01)
Parameters   : r1 = 0.257021, r2 = 0.320545
Cost         : 0.097027 | Dirac Freq: 0.569880 | Mapped to bands [4, 5, 6]
Connectivity : PASSED (Slab is continuous and unbroken across unit cell boundaries. (passes >=4px neck width constraint))
Top Band vg  : 0.000065 c (Band #6 at delta_k = 0.0010)
------------------------------------------------------------------------------------------
  Band  2           : A_2      (freq = 0.377545, conf = 1.000)
  Band  3           : B_2      (freq = 0.446834, conf = 1.000)
* Band  4 [Target #1]: A_2      (freq = 0.542233, conf = 1.000)
* Band  5 [Target #2]: E        (freq = 0.597520, conf = 1.000)
* Band  6 [Target #3]: E        (freq = 0.597527, conf = 1.000)
  Band  7           : E        (freq = 0.677694, conf = 1.000)
  Band  8           : E        (freq = 0.677700, conf = 1.000)
  Band  9           : B_1      (freq = 0.788530, conf = 1.000)
  Band 10           : A_1      (freq = 0.858086, conf = 1.000)
==========================================================================================

==========================================================================================
EVALUATION #008 (Generation 01)
Parameters   : r1 = 0.213271, r2 = 0.276795
Cost         : 0.019768 | Dirac Freq: 0.487755 | Mapped to bands [4, 5, 6]
Connectivity : PASSED (Slab is continuous and unbroken across unit cell boundaries. (passes >=4px neck width constraint))
Top Band vg  : 0.000074 c (Band #6 at delta_k = 0.0010)
------------------------------------------------------------------------------------------
  Band  2           : A_2      (freq = 0.332639, conf = 1.000)
  Band  3           : B_2      (freq = 0.373941, conf = 1.000)
* Band  4 [Target #1]: A_2      (freq = 0.482934, conf = 1.000)
* Band  5 [Target #2]: E        (freq = 0.492561, conf = 1.000)
* Band  6 [Target #3]: E        (freq = 0.492576, conf = 1.000)
  Band  7           : E        (freq = 0.582193, conf = 1.000)
  Band  8           : E        (freq = 0.582200, conf = 1.000)
  Band  9           : B_1      (freq = 0.604148, conf = 1.000)
  Band 10           : A_1      (freq = 0.729111, conf = 1.000)
==========================================================================================

==========================================================================================
EVALUATION #009 (Generation 01)
Parameters   : r1 = 0.369521, r2 = 0.258045
Cost         : 0.039234 | Dirac Freq: 0.649330 | Mapped to bands [4, 5, 6]
Connectivity : PASSED (Slab is continuous and unbroken across unit cell boundaries. (passes >=4px neck width constraint))
Top Band vg  : 0.000052 c (Band #6 at delta_k = 0.0010)
------------------------------------------------------------------------------------------
  Band  2           : A_2      (freq = 0.429666, conf = 1.000)
  Band  3           : B_2      (freq = 0.536570, conf = 1.000)
* Band  4 [Target #1]: A_2      (freq = 0.636592, conf = 1.000)
* Band  5 [Target #2]: E        (freq = 0.662050, conf = 1.000)
* Band  6 [Target #3]: E        (freq = 0.662068, conf = 1.000)
  Band  7           : E        (freq = 0.752716, conf = 1.000)
  Band  8           : E        (freq = 0.752731, conf = 1.000)
  Band  9           : B_2      (freq = 0.943311, conf = 1.000)
  Band 10           : B_1      (freq = 0.954268, conf = 1.000)
==========================================================================================

==========================================================================================
EVALUATION #010 (Generation 01)
Parameters   : r1 = 0.200771, r2 = 0.339295
Cost         : 0.020473 | Dirac Freq: 0.546337 | Mapped to bands [6, 4, 5]
Connectivity : PASSED (Slab is continuous and unbroken across unit cell boundaries. (passes >=4px neck width constraint))
Top Band vg  : 0.000189 c (Band #6 at delta_k = 0.0010)
------------------------------------------------------------------------------------------
  Band  2           : A_2      (freq = 0.358250, conf = 1.000)
  Band  3           : B_2      (freq = 0.441989, conf = 1.000)
* Band  4 [Target #2]: E        (freq = 0.540744, conf = 1.000)
* Band  5 [Target #3]: E        (freq = 0.540752, conf = 1.000)
* Band  6 [Target #1]: A_2      (freq = 0.551929, conf = 1.000)
  Band  7           : E        (freq = 0.663495, conf = 1.000)
  Band  8           : E        (freq = 0.663498, conf = 1.000)
  Band  9           : B_1      (freq = 0.717496, conf = 1.000)
  Band 10           : B_2      (freq = 0.772471, conf = 1.000)
==========================================================================================

==========================================================================================
EVALUATION #011 (Generation 01)
Parameters   : r1 = 0.357021, r2 = 0.220545
Cost         : 0.004316 | Dirac Freq: 0.590631 | Mapped to bands [6, 4, 5]
Connectivity : PASSED (Slab is continuous and unbroken across unit cell boundaries. (passes >=4px neck width constraint))
Top Band vg  : 0.000094 c (Band #6 at delta_k = 0.0010)
------------------------------------------------------------------------------------------
  Band  2           : A_2      (freq = 0.381457, conf = 1.000)
  Band  3           : B_2      (freq = 0.484486, conf = 1.000)
* Band  4 [Target #2]: E        (freq = 0.589356, conf = 1.000)
* Band  5 [Target #3]: E        (freq = 0.589360, conf = 1.000)
* Band  6 [Target #1]: A_2      (freq = 0.591905, conf = 1.000)
  Band  7           : E        (freq = 0.701822, conf = 1.000)
  Band  8           : E        (freq = 0.701827, conf = 1.000)
  Band  9           : B_1      (freq = 0.813251, conf = 1.000)
  Band 10           : B_2      (freq = 0.829320, conf = 1.000)
==========================================================================================

==========================================================================================
EVALUATION #012 (Generation 01)
Parameters   : r1 = 0.219521, r2 = 0.308045
Cost         : 0.033630 | Dirac Freq: 0.521702 | Mapped to bands [4, 5, 6]
Connectivity : PASSED (Slab is continuous and unbroken across unit cell boundaries. (passes >=4px neck width constraint))
Top Band vg  : 0.000075 c (Band #6 at delta_k = 0.0010)
------------------------------------------------------------------------------------------
  Band  2           : A_2      (freq = 0.348749, conf = 1.000)
  Band  3           : B_2      (freq = 0.407820, conf = 1.000)
* Band  4 [Target #1]: A_2      (freq = 0.512929, conf = 1.000)
* Band  5 [Target #2]: E        (freq = 0.530468, conf = 1.000)
* Band  6 [Target #3]: E        (freq = 0.530474, conf = 1.000)
  Band  7           : E        (freq = 0.629039, conf = 1.000)
  Band  8           : E        (freq = 0.629042, conf = 1.000)
  Band  9           : B_1      (freq = 0.676293, conf = 1.000)
  Band 10           : A_1      (freq = 0.782999, conf = 0.877)
==========================================================================================

==========================================================================================
EVALUATION #013 (Generation 01)
Parameters   : r1 = 0.275771, r2 = 0.264295
Cost         : 0.102744 | Dirac Freq: 0.529607 | Mapped to bands [4, 5, 6]
Connectivity : PASSED (Slab is continuous and unbroken across unit cell boundaries. (passes >=4px neck width constraint))
Top Band vg  : 0.000101 c (Band #6 at delta_k = 0.0010)
------------------------------------------------------------------------------------------
  Band  2           : A_2      (freq = 0.353235, conf = 1.000)
  Band  3           : B_2      (freq = 0.403581, conf = 1.000)
* Band  4 [Target #1]: A_2      (freq = 0.502400, conf = 1.000)
* Band  5 [Target #2]: E        (freq = 0.556783, conf = 1.000)
* Band  6 [Target #3]: E        (freq = 0.556814, conf = 1.000)
  Band  7           : E        (freq = 0.618877, conf = 1.000)
  Band  8           : E        (freq = 0.618880, conf = 1.000)
  Band  9           : B_1      (freq = 0.690755, conf = 1.000)
  Band 10           : A_1      (freq = 0.777161, conf = 1.000)
==========================================================================================

==========================================================================================
EVALUATION #014 (Generation 01)
Parameters   : r1 = 0.325771, r2 = 0.314295
Cost         : 0.146970 | Dirac Freq: 0.639191 | Mapped to bands [4, 5, 6]
Connectivity : PASSED (Slab is continuous and unbroken across unit cell boundaries. (passes >=4px neck width constraint))
Top Band vg  : 0.000085 c (Band #6 at delta_k = 0.0010)
------------------------------------------------------------------------------------------
  Band  2           : A_2      (freq = 0.445307, conf = 1.000)
  Band  3           : B_2      (freq = 0.509381, conf = 1.000)
* Band  4 [Target #1]: A_2      (freq = 0.592220, conf = 1.000)
* Band  5 [Target #2]: E        (freq = 0.686158, conf = 1.000)
* Band  6 [Target #3]: E        (freq = 0.686162, conf = 1.000)
  Band  7           : E        (freq = 0.762181, conf = 1.000)
  Band  8           : E        (freq = 0.762190, conf = 1.000)
  Band  9           : B_1      (freq = 0.958778, conf = 1.000)
  Band 10           : E        (freq = 0.986136, conf = 1.000)
==========================================================================================

==========================================================================================
EVALUATION #015 (Generation 01)
Parameters   : r1 = 0.282021, r2 = 0.345545
Cost         : 0.110123 | Dirac Freq: 0.630824 | Mapped to bands [4, 5, 6]
Connectivity : PASSED (Slab is continuous and unbroken across unit cell boundaries. (passes >=4px neck width constraint))
Top Band vg  : 0.000031 c (Band #6 at delta_k = 0.0010)
------------------------------------------------------------------------------------------
  Band  2           : A_2      (freq = 0.427323, conf = 1.000)
  Band  3           : B_2      (freq = 0.506488, conf = 1.000)
* Band  4 [Target #1]: A_2      (freq = 0.596090, conf = 1.000)
* Band  5 [Target #2]: E        (freq = 0.665540, conf = 1.000)
* Band  6 [Target #3]: E        (freq = 0.665558, conf = 1.000)
  Band  7           : E        (freq = 0.745492, conf = 1.000)
  Band  8           : E        (freq = 0.745501, conf = 1.000)
  Band  9           : B_1      (freq = 0.935378, conf = 1.000)
  Band 10           : B_2      (freq = 0.976054, conf = 1.000)
==========================================================================================

==========================================================================================
EVALUATION #016 (Generation 01)
Parameters   : r1 = 0.394521, r2 = 0.233045
Cost         : 0.064799 | Dirac Freq: 0.685785 | Mapped to bands [6, 4, 5]
Connectivity : PASSED (Slab is continuous and unbroken across unit cell boundaries. (passes >=4px neck width constraint))
Top Band vg  : 0.000404 c (Band #6 at delta_k = 0.0010)
------------------------------------------------------------------------------------------
  Band  2           : A_2      (freq = 0.435739, conf = 1.000)
  Band  3           : B_2      (freq = 0.588211, conf = 1.000)
* Band  4 [Target #2]: E        (freq = 0.663566, conf = 1.000)
* Band  5 [Target #3]: E        (freq = 0.663577, conf = 1.000)
* Band  6 [Target #1]: A_2      (freq = 0.708004, conf = 1.000)
  Band  7           : E        (freq = 0.765453, conf = 1.000)
  Band  8           : E        (freq = 0.765470, conf = 1.000)
  Band  9           : B_2      (freq = 0.931211, conf = 1.000)
  Band 10           : B_1      (freq = 0.972144, conf = 1.000)
==========================================================================================

==========================================================================================
EVALUATION #017 (Generation 01)
Parameters   : r1 = 0.319521, r2 = 0.208045
Cost         : 0.006479 | Dirac Freq: 0.525669 | Mapped to bands [4, 5, 6]
Connectivity : PASSED (Slab is continuous and unbroken across unit cell boundaries. (passes >=4px neck width constraint))
Top Band vg  : 0.000114 c (Band #6 at delta_k = 0.0010)
------------------------------------------------------------------------------------------
  Band  2           : A_2      (freq = 0.350026, conf = 1.000)
  Band  3           : B_2      (freq = 0.416452, conf = 1.000)
* Band  4 [Target #1]: A_2      (freq = 0.523966, conf = 1.000)
* Band  5 [Target #2]: E        (freq = 0.527365, conf = 1.000)
* Band  6 [Target #3]: E        (freq = 0.527372, conf = 1.000)
  Band  7           : E        (freq = 0.638588, conf = 1.000)
  Band  8           : E        (freq = 0.638591, conf = 1.000)
  Band  9           : B_1      (freq = 0.681930, conf = 1.000)
  Band 10           : B_2      (freq = 0.769870, conf = 1.000)
==========================================================================================

==========================================================================================
EVALUATION #018 (Generation 01)
Parameters   : r1 = 0.307021, r2 = 0.270545
Cost         : 0.123459 | Dirac Freq: 0.567656 | Mapped to bands [4, 5, 6]
Connectivity : PASSED (Slab is continuous and unbroken across unit cell boundaries. (passes >=4px neck width constraint))
Top Band vg  : 0.000110 c (Band #6 at delta_k = 0.0010)
------------------------------------------------------------------------------------------
  Band  2           : A_2      (freq = 0.376959, conf = 1.000)
  Band  3           : B_2      (freq = 0.439807, conf = 1.000)
* Band  4 [Target #1]: A_2      (freq = 0.532615, conf = 1.000)
* Band  5 [Target #2]: E        (freq = 0.602687, conf = 1.000)
* Band  6 [Target #3]: E        (freq = 0.602697, conf = 1.000)
  Band  7           : E        (freq = 0.669941, conf = 1.000)
  Band  8           : E        (freq = 0.669949, conf = 1.000)
  Band  9           : B_1      (freq = 0.783269, conf = 1.000)
  Band 10           : A_1      (freq = 0.849189, conf = 1.000)
==========================================================================================

==========================================================================================
EVALUATION #019 (Generation 01)
Parameters   : r1 = 0.382021, r2 = 0.245545
Cost         : 0.010376 | Dirac Freq: 0.665452 | Mapped to bands [6, 4, 5]
Connectivity : PASSED (Slab is continuous and unbroken across unit cell boundaries. (passes >=4px neck width constraint))
Top Band vg  : 0.000175 c (Band #6 at delta_k = 0.0010)
------------------------------------------------------------------------------------------
  Band  2           : A_2      (freq = 0.432301, conf = 1.000)
  Band  3           : B_2      (freq = 0.559697, conf = 1.000)
* Band  4 [Target #2]: E        (freq = 0.661999, conf = 1.000)
* Band  5 [Target #3]: E        (freq = 0.662000, conf = 1.000)
* Band  6 [Target #1]: A_2      (freq = 0.668904, conf = 1.000)
  Band  7           : E        (freq = 0.756977, conf = 1.000)
  Band  8           : E        (freq = 0.756981, conf = 1.000)
  Band  9           : B_2      (freq = 0.934973, conf = 1.000)
  Band 10           : B_1      (freq = 0.966373, conf = 1.000)
==========================================================================================

==========================================================================================
EVALUATION #020 (Generation 01)
Parameters   : r1 = 0.288271, r2 = 0.251795
Cost         : 0.090894 | Dirac Freq: 0.529869 | Mapped to bands [4, 5, 6]
Connectivity : PASSED (Slab is continuous and unbroken across unit cell boundaries. (passes >=4px neck width constraint))
Top Band vg  : 0.000066 c (Band #6 at delta_k = 0.0010)
------------------------------------------------------------------------------------------
  Band  2           : A_2      (freq = 0.353493, conf = 1.000)
  Band  3           : B_2      (freq = 0.405931, conf = 1.000)
* Band  4 [Target #1]: A_2      (freq = 0.505788, conf = 1.000)
* Band  5 [Target #2]: E        (freq = 0.553942, conf = 1.000)
* Band  6 [Target #3]: E        (freq = 0.553950, conf = 1.000)
  Band  7           : E        (freq = 0.623421, conf = 1.000)
  Band  8           : E        (freq = 0.623425, conf = 1.000)
  Band  9           : B_1      (freq = 0.693527, conf = 1.000)
  Band 10           : A_1      (freq = 0.781132, conf = 1.000)
==========================================================================================

==========================================================================================
EVALUATION #021 (Generation 01)
Parameters   : r1 = 0.225771, r2 = 0.214295
Cost         : 0.019099 | Dirac Freq: 0.452319 | Mapped to bands [6, 4, 5]
Connectivity : PASSED (Slab is continuous and unbroken across unit cell boundaries. (passes >=4px neck width constraint))
Top Band vg  : 0.000132 c (Band #6 at delta_k = 0.0010)
------------------------------------------------------------------------------------------
  Band  2           : A_2      (freq = 0.316908, conf = 1.000)
  Band  3           : B_2      (freq = 0.341908, conf = 1.000)
* Band  4 [Target #2]: E        (freq = 0.448000, conf = 1.000)
* Band  5 [Target #3]: E        (freq = 0.448003, conf = 1.000)
* Band  6 [Target #1]: A_2      (freq = 0.456639, conf = 1.000)
  Band  7           : E        (freq = 0.533529, conf = 0.992)
  Band  8           : E        (freq = 0.533532, conf = 1.000)
  Band  9           : B_1      (freq = 0.533823, conf = 0.994)
  Band 10           : A_1      (freq = 0.683983, conf = 1.000)
==========================================================================================

==========================================================================================
EVALUATION #022 (Generation 01)
Parameters   : r1 = 0.332021, r2 = 0.295545
Cost         : 0.137914 | Dirac Freq: 0.625360 | Mapped to bands [4, 5, 6]
Connectivity : PASSED (Slab is continuous and unbroken across unit cell boundaries. (passes >=4px neck width constraint))
Top Band vg  : 0.000130 c (Band #6 at delta_k = 0.0010)
------------------------------------------------------------------------------------------
  Band  2           : A_2      (freq = 0.426802, conf = 1.000)
  Band  3           : B_2      (freq = 0.496921, conf = 1.000)
* Band  4 [Target #1]: A_2      (freq = 0.582237, conf = 1.000)
* Band  5 [Target #2]: E        (freq = 0.668476, conf = 1.000)
* Band  6 [Target #3]: E        (freq = 0.668483, conf = 1.000)
  Band  7           : E        (freq = 0.743017, conf = 1.000)
  Band  8           : E        (freq = 0.743029, conf = 1.000)
  Band  9           : B_1      (freq = 0.922039, conf = 1.000)
  Band 10           : A_1      (freq = 0.972969, conf = 0.991)
==========================================================================================

==========================================================================================
EVALUATION #023 (Generation 01)
Parameters   : r1 = 0.300771, r2 = 0.239295
Cost         : 0.072884 | Dirac Freq: 0.530623 | Mapped to bands [4, 5, 6]
Connectivity : PASSED (Slab is continuous and unbroken across unit cell boundaries. (passes >=4px neck width constraint))
Top Band vg  : 0.000121 c (Band #6 at delta_k = 0.0010)
------------------------------------------------------------------------------------------
  Band  2           : A_2      (freq = 0.354009, conf = 1.000)
  Band  3           : B_2      (freq = 0.410685, conf = 1.000)
* Band  4 [Target #1]: A_2      (freq = 0.511286, conf = 1.000)
* Band  5 [Target #2]: E        (freq = 0.549929, conf = 1.000)
* Band  6 [Target #3]: E        (freq = 0.549960, conf = 1.000)
  Band  7           : E        (freq = 0.632170, conf = 1.000)
  Band  8           : E        (freq = 0.632173, conf = 1.000)
  Band  9           : B_1      (freq = 0.696213, conf = 1.000)
  Band 10           : A_1      (freq = 0.788579, conf = 1.000)
==========================================================================================

==========================================================================================
EVALUATION #024 (Generation 01)
Parameters   : r1 = 0.338271, r2 = 0.201795
Cost         : 0.017435 | Dirac Freq: 0.545567 | Mapped to bands [6, 4, 5]
Connectivity : PASSED (Slab is continuous and unbroken across unit cell boundaries. (passes >=4px neck width constraint))
Top Band vg  : 0.000210 c (Band #6 at delta_k = 0.0010)
------------------------------------------------------------------------------------------
  Band  2           : A_2      (freq = 0.358063, conf = 1.000)
  Band  3           : B_2      (freq = 0.440789, conf = 1.000)
* Band  4 [Target #2]: E        (freq = 0.540811, conf = 1.000)
* Band  5 [Target #3]: E        (freq = 0.540817, conf = 1.000)
* Band  6 [Target #1]: A_2      (freq = 0.550323, conf = 1.000)
  Band  7           : E        (freq = 0.662623, conf = 1.000)
  Band  8           : E        (freq = 0.662625, conf = 1.000)
  Band  9           : B_1      (freq = 0.716575, conf = 1.000)
  Band 10           : B_2      (freq = 0.773218, conf = 1.000)
==========================================================================================

==========================================================================================
EVALUATION #025 (Generation 01)
Parameters   : r1 = 0.232021, r2 = 0.395545
Cost         : 0.069347 | Dirac Freq: 0.687777 | Mapped to bands [6, 4, 5]
Connectivity : PASSED (Slab is continuous and unbroken across unit cell boundaries. (passes >=4px neck width constraint))
Top Band vg  : 0.000292 c (Band #6 at delta_k = 0.0010)
------------------------------------------------------------------------------------------
  Band  2           : A_2      (freq = 0.436079, conf = 1.000)
  Band  3           : B_2      (freq = 0.590691, conf = 1.000)
* Band  4 [Target #2]: E        (freq = 0.663930, conf = 1.000)
* Band  5 [Target #3]: E        (freq = 0.663939, conf = 1.000)
* Band  6 [Target #1]: A_2      (freq = 0.711625, conf = 1.000)
  Band  7           : E        (freq = 0.766477, conf = 1.000)
  Band  8           : E        (freq = 0.766495, conf = 1.000)
  Band  9           : B_2      (freq = 0.931608, conf = 1.000)
  Band 10           : B_1      (freq = 0.973090, conf = 1.000)
==========================================================================================

==========================================================================================
EVALUATION #026 (Generation 01)
Parameters   : r1 = 0.263271, r2 = 0.226795
Cost         : 0.035389 | Dirac Freq: 0.486871 | Mapped to bands [4, 5, 6]
Connectivity : PASSED (Slab is continuous and unbroken across unit cell boundaries. (passes >=4px neck width constraint))
Top Band vg  : 0.000079 c (Band #6 at delta_k = 0.0010)
------------------------------------------------------------------------------------------
  Band  2           : A_2      (freq = 0.331914, conf = 1.000)
  Band  3           : B_2      (freq = 0.370145, conf = 1.000)
* Band  4 [Target #1]: A_2      (freq = 0.478256, conf = 1.000)
* Band  5 [Target #2]: E        (freq = 0.495476, conf = 1.000)
* Band  6 [Target #3]: E        (freq = 0.495486, conf = 1.000)
  Band  7           : E        (freq = 0.574063, conf = 1.000)
  Band  8           : E        (freq = 0.574066, conf = 1.000)
  Band  9           : B_1      (freq = 0.599749, conf = 1.000)
  Band 10           : A_1      (freq = 0.720860, conf = 1.000)
==========================================================================================

==========================================================================================
EVALUATION #027 (Generation 01)
Parameters   : r1 = 0.238271, r2 = 0.301795
Cost         : 0.071156 | Dirac Freq: 0.530808 | Mapped to bands [4, 5, 6]
Connectivity : PASSED (Slab is continuous and unbroken across unit cell boundaries. (passes >=4px neck width constraint))
Top Band vg  : 0.000121 c (Band #6 at delta_k = 0.0010)
------------------------------------------------------------------------------------------
  Band  2           : A_2      (freq = 0.354052, conf = 1.000)
  Band  3           : B_2      (freq = 0.411182, conf = 1.000)
* Band  4 [Target #1]: A_2      (freq = 0.511923, conf = 1.000)
* Band  5 [Target #2]: E        (freq = 0.549650, conf = 1.000)
* Band  6 [Target #3]: E        (freq = 0.549693, conf = 1.000)
  Band  7           : E        (freq = 0.632848, conf = 1.000)
  Band  8           : E        (freq = 0.632855, conf = 1.000)
  Band  9           : B_1      (freq = 0.696495, conf = 1.000)
  Band 10           : A_1      (freq = 0.789359, conf = 1.000)
==========================================================================================

==========================================================================================
EVALUATION #028 (Generation 01)
Parameters   : r1 = 0.269521, r2 = 0.358045
Cost         : 0.075523 | Dirac Freq: 0.637908 | Mapped to bands [4, 5, 6]
Connectivity : PASSED (Slab is continuous and unbroken across unit cell boundaries. (passes >=4px neck width constraint))
Top Band vg  : 0.000220 c (Band #6 at delta_k = 0.0010)
------------------------------------------------------------------------------------------
  Band  2           : A_2      (freq = 0.428192, conf = 1.000)
  Band  3           : B_2      (freq = 0.520113, conf = 1.000)
* Band  4 [Target #1]: A_2      (freq = 0.613819, conf = 1.000)
* Band  5 [Target #2]: E        (freq = 0.661994, conf = 1.000)
* Band  6 [Target #3]: E        (freq = 0.661996, conf = 1.000)
  Band  7           : E        (freq = 0.748801, conf = 1.000)
  Band  8           : E        (freq = 0.748812, conf = 1.000)
  Band  9           : B_1      (freq = 0.940870, conf = 1.000)
  Band 10           : B_2      (freq = 0.956076, conf = 1.000)
==========================================================================================

==========================================================================================
EVALUATION #029 (Generation 01)
Parameters   : r1 = 0.244521, r2 = 0.283045
Cost         : 0.077983 | Dirac Freq: 0.518499 | Mapped to bands [4, 5, 6]
Connectivity : PASSED (Slab is continuous and unbroken across unit cell boundaries. (passes >=4px neck width constraint))
Top Band vg  : 0.000088 c (Band #6 at delta_k = 0.0010)
------------------------------------------------------------------------------------------
  Band  2           : A_2      (freq = 0.347306, conf = 1.000)
  Band  3           : B_2      (freq = 0.396270, conf = 1.000)
* Band  4 [Target #1]: A_2      (freq = 0.498282, conf = 1.000)
* Band  5 [Target #2]: E        (freq = 0.538712, conf = 1.000)
* Band  6 [Target #3]: E        (freq = 0.538716, conf = 1.000)
  Band  7           : E        (freq = 0.610423, conf = 1.000)
  Band  8           : E        (freq = 0.610426, conf = 1.000)
  Band  9           : B_1      (freq = 0.667875, conf = 1.000)
  Band 10           : A_1      (freq = 0.764879, conf = 1.000)
==========================================================================================

==========================================================================================
EVALUATION #030 (Generation 01)
Parameters   : r1 = 0.250771, r2 = 0.389295
Cost         : 0.026989 | Dirac Freq: 0.687456 | Mapped to bands [6, 4, 5]
Connectivity : PASSED (Slab is continuous and unbroken across unit cell boundaries. (passes >=4px neck width constraint))
Top Band vg  : 0.000119 c (Band #6 at delta_k = 0.0010)
------------------------------------------------------------------------------------------
  Band  2           : A_2      (freq = 0.451714, conf = 1.000)
  Band  3           : B_2      (freq = 0.584979, conf = 1.000)
* Band  4 [Target #2]: E        (freq = 0.678179, conf = 1.000)
* Band  5 [Target #3]: E        (freq = 0.678182, conf = 1.000)
* Band  6 [Target #1]: A_2      (freq = 0.696733, conf = 1.000)
  Band  7           : E        (freq = 0.775215, conf = 1.000)
  Band  8           : E        (freq = 0.775225, conf = 1.000)
  Band  9           : B_2      (freq = 0.963549, conf = 1.000)
  Band 10           : B_1      (freq = 1.004370, conf = 1.000)
==========================================================================================

==========================================================================================
EVALUATION #031 (Generation 01)
Parameters   : r1 = 0.294521, r2 = 0.333045
Cost         : 0.136306 | Dirac Freq: 0.625660 | Mapped to bands [4, 5, 6]
Connectivity : PASSED (Slab is continuous and unbroken across unit cell boundaries. (passes >=4px neck width constraint))
Top Band vg  : 0.000105 c (Band #6 at delta_k = 0.0010)
------------------------------------------------------------------------------------------
  Band  2           : A_2      (freq = 0.426824, conf = 1.000)
  Band  3           : B_2      (freq = 0.497410, conf = 1.000)
* Band  4 [Target #1]: A_2      (freq = 0.583019, conf = 1.000)
* Band  5 [Target #2]: E        (freq = 0.668293, conf = 1.000)
* Band  6 [Target #3]: E        (freq = 0.668300, conf = 1.000)
  Band  7           : E        (freq = 0.743152, conf = 1.000)
  Band  8           : E        (freq = 0.743165, conf = 1.000)
  Band  9           : B_1      (freq = 0.923100, conf = 1.000)
  Band 10           : A_1      (freq = 0.974420, conf = 0.947)
==========================================================================================

==========================================================================================
EVALUATION #032 (Generation 01)
Parameters   : r1 = 0.350771, r2 = 0.289295
Cost         : 0.108563 | Dirac Freq: 0.646786 | Mapped to bands [4, 5, 6]
Connectivity : PASSED (Slab is continuous and unbroken across unit cell boundaries. (passes >=4px neck width constraint))
Top Band vg  : 0.000018 c (Band #6 at delta_k = 0.0010)
------------------------------------------------------------------------------------------
  Band  2           : A_2      (freq = 0.445515, conf = 1.000)
  Band  3           : B_2      (freq = 0.523326, conf = 1.000)
* Band  4 [Target #1]: A_2      (freq = 0.611677, conf = 1.000)
* Band  5 [Target #2]: E        (freq = 0.681877, conf = 1.000)
* Band  6 [Target #3]: E        (freq = 0.681894, conf = 1.000)
  Band  7           : E        (freq = 0.763870, conf = 1.000)
  Band  8           : E        (freq = 0.763871, conf = 1.000)
  Band  9           : B_1      (freq = 0.971206, conf = 1.000)
  Band 10           : B_2      (freq = 1.006980, conf = 0.999)
==========================================================================================

==========================================================================================
EVALUATION #033 (Generation 02)
Parameters   : r1 = 0.391396, r2 = 0.298670
Cost         : 1.000000 | Dirac Freq: 0.000000 | FAILED: Disconnected slab (Slab breaks unit cell continuity along X-axis (left-right), Y-axis (top-bottom) (connection is too narrow, <4px width))
Connectivity : FAILED (Slab breaks unit cell continuity along X-axis (left-right), Y-axis (top-bottom) (connection is too narrow, <4px width))
------------------------------------------------------------------------------------------
  No irrep map available.
==========================================================================================

==========================================================================================
EVALUATION #034 (Generation 02)
Parameters   : r1 = 0.291396, r2 = 0.398670
Cost         : 1.000000 | Dirac Freq: 0.000000 | FAILED: Disconnected slab (Slab breaks unit cell continuity along X-axis (left-right), Y-axis (top-bottom) (connection is too narrow, <4px width))
Connectivity : FAILED (Slab breaks unit cell continuity along X-axis (left-right), Y-axis (top-bottom) (connection is too narrow, <4px width))
------------------------------------------------------------------------------------------
  No irrep map available.
==========================================================================================

==========================================================================================
EVALUATION #035 (Generation 02)
Parameters   : r1 = 0.347646, r2 = 0.342420
Cost         : 1.000000 | Dirac Freq: 0.000000 | FAILED: Disconnected slab (Slab breaks unit cell continuity along X-axis (left-right), Y-axis (top-bottom) (connection is too narrow, <4px width))
Connectivity : FAILED (Slab breaks unit cell continuity along X-axis (left-right), Y-axis (top-bottom) (connection is too narrow, <4px width))
------------------------------------------------------------------------------------------
  No irrep map available.
==========================================================================================

==========================================================================================
EVALUATION #036 (Generation 02)
Parameters   : r1 = 0.366396, r2 = 0.373670
Cost         : 1.000000 | Dirac Freq: 0.000000 | FAILED: Disconnected slab (Slab breaks unit cell continuity along X-axis (left-right), Y-axis (top-bottom) (connection is too narrow, <4px width))
Connectivity : FAILED (Slab breaks unit cell continuity along X-axis (left-right), Y-axis (top-bottom) (connection is too narrow, <4px width))
------------------------------------------------------------------------------------------
  No irrep map available.
==========================================================================================

==========================================================================================
EVALUATION #037 (Generation 02)
Parameters   : r1 = 0.328896, r2 = 0.361170
Cost         : 1.000000 | Dirac Freq: 0.000000 | FAILED: Disconnected slab (Slab breaks unit cell continuity along X-axis (left-right), Y-axis (top-bottom) (connection is too narrow, <4px width))
Connectivity : FAILED (Slab breaks unit cell continuity along X-axis (left-right), Y-axis (top-bottom) (connection is too narrow, <4px width))
------------------------------------------------------------------------------------------
  No irrep map available.
==========================================================================================

==========================================================================================
EVALUATION #038 (Generation 02)
Parameters   : r1 = 0.335146, r2 = 0.354920
Cost         : 1.000000 | Dirac Freq: 0.000000 | FAILED: Disconnected slab (Slab breaks unit cell continuity along X-axis (left-right), Y-axis (top-bottom) (connection is too narrow, <4px width))
Connectivity : FAILED (Slab breaks unit cell continuity along X-axis (left-right), Y-axis (top-bottom) (connection is too narrow, <4px width))
------------------------------------------------------------------------------------------
  No irrep map available.
==========================================================================================

==========================================================================================
EVALUATION #039 (Generation 02)
Parameters   : r1 = 0.397646, r2 = 0.292420
Cost         : 1.000000 | Dirac Freq: 0.000000 | FAILED: Disconnected slab (Slab breaks unit cell continuity along X-axis (left-right), Y-axis (top-bottom) (connection is too narrow, <4px width))
Connectivity : FAILED (Slab breaks unit cell continuity along X-axis (left-right), Y-axis (top-bottom) (connection is too narrow, <4px width))
------------------------------------------------------------------------------------------
  No irrep map available.
==========================================================================================

==========================================================================================
EVALUATION #040 (Generation 02)
Parameters   : r1 = 0.297646, r2 = 0.392420
Cost         : 1.000000 | Dirac Freq: 0.000000 | FAILED: Disconnected slab (Slab breaks unit cell continuity along X-axis (left-right), Y-axis (top-bottom) (connection is too narrow, <4px width))
Connectivity : FAILED (Slab breaks unit cell continuity along X-axis (left-right), Y-axis (top-bottom) (connection is too narrow, <4px width))
------------------------------------------------------------------------------------------
  No irrep map available.
==========================================================================================

==========================================================================================
EVALUATION #041 (Generation 02)
Parameters   : r1 = 0.378896, r2 = 0.311170
Cost         : 1.000000 | Dirac Freq: 0.000000 | FAILED: Disconnected slab (Slab breaks unit cell continuity along X-axis (left-right), Y-axis (top-bottom) (connection is too narrow, <4px width))
Connectivity : FAILED (Slab breaks unit cell continuity along X-axis (left-right), Y-axis (top-bottom) (connection is too narrow, <4px width))
------------------------------------------------------------------------------------------
  No irrep map available.
==========================================================================================

==========================================================================================
EVALUATION #042 (Generation 02)
Parameters   : r1 = 0.228896, r2 = 0.261170
Cost         : 0.037447 | Dirac Freq: 0.486876 | Mapped to bands [4, 5, 6]
Connectivity : PASSED (Slab is continuous and unbroken across unit cell boundaries. (passes >=4px neck width constraint))
Top Band vg  : 0.000072 c (Band #6 at delta_k = 0.0010)
------------------------------------------------------------------------------------------
  Band  2           : A_2      (freq = 0.331844, conf = 1.000)
  Band  3           : B_2      (freq = 0.369725, conf = 1.000)
* Band  4 [Target #1]: A_2      (freq = 0.477760, conf = 1.000)
* Band  5 [Target #2]: E        (freq = 0.495977, conf = 1.000)
* Band  6 [Target #3]: E        (freq = 0.495992, conf = 1.000)
  Band  7           : E        (freq = 0.573045, conf = 1.000)
  Band  8           : E        (freq = 0.573047, conf = 1.000)
  Band  9           : B_1      (freq = 0.599438, conf = 1.000)
  Band 10           : A_1      (freq = 0.720256, conf = 1.000)
==========================================================================================

==========================================================================================
EVALUATION #043 (Generation 02)
Parameters   : r1 = 0.316396, r2 = 0.323670
Cost         : 0.147480 | Dirac Freq: 0.639096 | Mapped to bands [4, 5, 6]
Connectivity : PASSED (Slab is continuous and unbroken across unit cell boundaries. (passes >=4px neck width constraint))
Top Band vg  : 0.000378 c (Band #6 at delta_k = 0.0010)
------------------------------------------------------------------------------------------
  Band  2           : A_2      (freq = 0.445405, conf = 1.000)
  Band  3           : B_2      (freq = 0.509069, conf = 1.000)
* Band  4 [Target #1]: A_2      (freq = 0.591969, conf = 1.000)
* Band  5 [Target #2]: E        (freq = 0.686221, conf = 1.000)
* Band  6 [Target #3]: E        (freq = 0.686223, conf = 1.000)
  Band  7           : E        (freq = 0.761794, conf = 1.000)
  Band  8           : E        (freq = 0.761810, conf = 1.000)
  Band  9           : B_1      (freq = 0.958389, conf = 1.000)
  Band 10           : E        (freq = 0.985856, conf = 1.000)
==========================================================================================

==========================================================================================
EVALUATION #044 (Generation 02)
Parameters   : r1 = 0.303896, r2 = 0.286170
Cost         : 0.139680 | Dirac Freq: 0.580799 | Mapped to bands [4, 5, 6]
Connectivity : PASSED (Slab is continuous and unbroken across unit cell boundaries. (passes >=4px neck width constraint))
Top Band vg  : 0.000086 c (Band #6 at delta_k = 0.0010)
------------------------------------------------------------------------------------------
  Band  2           : A_2      (freq = 0.386676, conf = 1.000)
  Band  3           : B_2      (freq = 0.450216, conf = 1.000)
* Band  4 [Target #1]: A_2      (freq = 0.540236, conf = 1.000)
* Band  5 [Target #2]: E        (freq = 0.621324, conf = 1.000)
* Band  6 [Target #3]: E        (freq = 0.621362, conf = 1.000)
  Band  7           : E        (freq = 0.683779, conf = 1.000)
  Band  8           : E        (freq = 0.683783, conf = 1.000)
  Band  9           : B_1      (freq = 0.814510, conf = 1.000)
  Band 10           : A_1      (freq = 0.872355, conf = 1.000)
==========================================================================================

==========================================================================================
EVALUATION #045 (Generation 02)
Parameters   : r1 = 0.247646, r2 = 0.242420
Cost         : 0.045674 | Dirac Freq: 0.486882 | Mapped to bands [4, 5, 6]
Connectivity : PASSED (Slab is continuous and unbroken across unit cell boundaries. (passes >=4px neck width constraint))
Top Band vg  : 0.000082 c (Band #6 at delta_k = 0.0010)
------------------------------------------------------------------------------------------
  Band  2           : A_2      (freq = 0.331599, conf = 1.000)
  Band  3           : B_2      (freq = 0.368014, conf = 1.000)
* Band  4 [Target #1]: A_2      (freq = 0.475763, conf = 1.000)
* Band  5 [Target #2]: E        (freq = 0.497996, conf = 1.000)
* Band  6 [Target #3]: E        (freq = 0.498001, conf = 1.000)
  Band  7           : E        (freq = 0.569538, conf = 1.000)
  Band  8           : E        (freq = 0.569540, conf = 1.000)
  Band  9           : B_1      (freq = 0.598949, conf = 1.000)
  Band 10           : A_1      (freq = 0.719110, conf = 1.000)
==========================================================================================

==========================================================================================
EVALUATION #046 (Generation 02)
Parameters   : r1 = 0.360146, r2 = 0.279920
Cost         : 0.083179 | Dirac Freq: 0.652267 | Mapped to bands [4, 5, 6]
Connectivity : PASSED (Slab is continuous and unbroken across unit cell boundaries. (passes >=4px neck width constraint))
Top Band vg  : 0.000038 c (Band #6 at delta_k = 0.0010)
------------------------------------------------------------------------------------------
  Band  2           : A_2      (freq = 0.446492, conf = 1.000)
  Band  3           : B_2      (freq = 0.533525, conf = 1.000)
* Band  4 [Target #1]: A_2      (freq = 0.625139, conf = 1.000)
* Band  5 [Target #2]: E        (freq = 0.679385, conf = 1.000)
* Band  6 [Target #3]: E        (freq = 0.679394, conf = 1.000)
  Band  7           : E        (freq = 0.765882, conf = 1.000)
  Band  8           : E        (freq = 0.765912, conf = 1.000)
  Band  9           : B_1      (freq = 0.978755, conf = 1.000)
  Band 10           : B_2      (freq = 0.988691, conf = 1.000)
==========================================================================================

==========================================================================================
EVALUATION #047 (Generation 02)
Parameters   : r1 = 0.235146, r2 = 0.254920
Cost         : 0.042738 | Dirac Freq: 0.486945 | Mapped to bands [4, 5, 6]
Connectivity : PASSED (Slab is continuous and unbroken across unit cell boundaries. (passes >=4px neck width constraint))
Top Band vg  : 0.000096 c (Band #6 at delta_k = 0.0010)
------------------------------------------------------------------------------------------
  Band  2           : A_2      (freq = 0.331728, conf = 1.000)
  Band  3           : B_2      (freq = 0.368759, conf = 1.000)
* Band  4 [Target #1]: A_2      (freq = 0.476539, conf = 1.000)
* Band  5 [Target #2]: E        (freq = 0.497327, conf = 1.000)
* Band  6 [Target #3]: E        (freq = 0.497350, conf = 1.000)
  Band  7           : E        (freq = 0.570848, conf = 1.000)
  Band  8           : E        (freq = 0.570849, conf = 1.000)
  Band  9           : B_1      (freq = 0.598896, conf = 1.000)
  Band 10           : A_1      (freq = 0.719111, conf = 1.000)
==========================================================================================

==========================================================================================
EVALUATION #048 (Generation 02)
Parameters   : r1 = 0.266396, r2 = 0.273670
Cost         : 0.103805 | Dirac Freq: 0.529572 | Mapped to bands [4, 5, 6]
Connectivity : PASSED (Slab is continuous and unbroken across unit cell boundaries. (passes >=4px neck width constraint))
Top Band vg  : 0.000105 c (Band #6 at delta_k = 0.0010)
------------------------------------------------------------------------------------------
  Band  2           : A_2      (freq = 0.353245, conf = 1.000)
  Band  3           : B_2      (freq = 0.403439, conf = 1.000)
* Band  4 [Target #1]: A_2      (freq = 0.502086, conf = 1.000)
* Band  5 [Target #2]: E        (freq = 0.557036, conf = 1.000)
* Band  6 [Target #3]: E        (freq = 0.557058, conf = 1.000)
  Band  7           : E        (freq = 0.618681, conf = 1.000)
  Band  8           : E        (freq = 0.618684, conf = 1.000)
  Band  9           : B_1      (freq = 0.690440, conf = 1.000)
  Band 10           : A_1      (freq = 0.776679, conf = 1.000)
==========================================================================================

==========================================================================================
EVALUATION #049 (Generation 02)
Parameters   : r1 = 0.372646, r2 = 0.217420
Cost         : 0.032805 | Dirac Freq: 0.619478 | Mapped to bands [6, 4, 5]
Connectivity : PASSED (Slab is continuous and unbroken across unit cell boundaries. (passes >=4px neck width constraint))
Top Band vg  : 0.000141 c (Band #6 at delta_k = 0.0010)
------------------------------------------------------------------------------------------
  Band  2           : A_2      (freq = 0.393552, conf = 1.000)
  Band  3           : B_2      (freq = 0.516854, conf = 1.000)
* Band  4 [Target #2]: E        (freq = 0.609317, conf = 1.000)
* Band  5 [Target #3]: E        (freq = 0.609349, conf = 1.000)
* Band  6 [Target #1]: A_2      (freq = 0.629639, conf = 1.000)
  Band  7           : E        (freq = 0.719931, conf = 1.000)
  Band  8           : E        (freq = 0.719954, conf = 1.000)
  Band  9           : B_2      (freq = 0.848078, conf = 1.000)
  Band 10           : B_1      (freq = 0.858953, conf = 1.000)
==========================================================================================

==========================================================================================
EVALUATION #050 (Generation 02)
Parameters   : r1 = 0.278896, r2 = 0.211170
Cost         : 0.016495 | Dirac Freq: 0.487957 | Mapped to bands [4, 5, 6]
Connectivity : PASSED (Slab is continuous and unbroken across unit cell boundaries. (passes >=4px neck width constraint))
Top Band vg  : 0.000088 c (Band #6 at delta_k = 0.0010)
------------------------------------------------------------------------------------------
  Band  2           : A_2      (freq = 0.332781, conf = 1.000)
  Band  3           : B_2      (freq = 0.374736, conf = 1.000)
* Band  4 [Target #1]: A_2      (freq = 0.483932, conf = 1.000)
* Band  5 [Target #2]: E        (freq = 0.491968, conf = 1.000)
* Band  6 [Target #3]: E        (freq = 0.491981, conf = 1.000)
  Band  7           : E        (freq = 0.583625, conf = 1.000)
  Band  8           : E        (freq = 0.583629, conf = 1.000)
  Band  9           : B_1      (freq = 0.604751, conf = 1.000)
  Band 10           : A_1      (freq = 0.730443, conf = 1.000)
==========================================================================================

==========================================================================================
EVALUATION #051 (Generation 02)
Parameters   : r1 = 0.222646, r2 = 0.367420
Cost         : 0.014307 | Dirac Freq: 0.612688 | Mapped to bands [6, 4, 5]
Connectivity : PASSED (Slab is continuous and unbroken across unit cell boundaries. (passes >=4px neck width constraint))
Top Band vg  : 0.000245 c (Band #6 at delta_k = 0.0010)
------------------------------------------------------------------------------------------
  Band  2           : A_2      (freq = 0.392440, conf = 1.000)
  Band  3           : B_2      (freq = 0.507784, conf = 1.000)
* Band  4 [Target #2]: E        (freq = 0.608305, conf = 1.000)
* Band  5 [Target #3]: E        (freq = 0.608318, conf = 1.000)
* Band  6 [Target #1]: A_2      (freq = 0.617071, conf = 1.000)
  Band  7           : E        (freq = 0.717310, conf = 1.000)
  Band  8           : E        (freq = 0.717314, conf = 1.000)
  Band  9           : B_2      (freq = 0.849415, conf = 1.000)
  Band 10           : B_1      (freq = 0.853785, conf = 1.000)
==========================================================================================

==========================================================================================
EVALUATION #052 (Generation 02)
Parameters   : r1 = 0.385146, r2 = 0.204920
Cost         : 0.082268 | Dirac Freq: 0.638059 | Mapped to bands [6, 4, 5]
Connectivity : PASSED (Slab is continuous and unbroken across unit cell boundaries. (passes >=4px neck width constraint))
Top Band vg  : 0.000286 c (Band #6 at delta_k = 0.0010)
------------------------------------------------------------------------------------------
  Band  2           : A_2      (freq = 0.397384, conf = 1.000)
  Band  3           : B_2      (freq = 0.542006, conf = 1.000)
* Band  4 [Target #2]: E        (freq = 0.611813, conf = 1.000)
* Band  5 [Target #3]: E        (freq = 0.611816, conf = 1.000)
* Band  6 [Target #1]: A_2      (freq = 0.664305, conf = 1.000)
  Band  7           : E        (freq = 0.726609, conf = 1.000)
  Band  8           : E        (freq = 0.726613, conf = 1.000)
  Band  9           : B_2      (freq = 0.847491, conf = 1.000)
  Band 10           : B_1      (freq = 0.867219, conf = 1.000)
==========================================================================================

==========================================================================================
EVALUATION #053 (Generation 02)
Parameters   : r1 = 0.353896, r2 = 0.236170
Cost         : 0.030022 | Dirac Freq: 0.598957 | Mapped to bands [4, 5, 6]
Connectivity : PASSED (Slab is continuous and unbroken across unit cell boundaries. (passes >=4px neck width constraint))
Top Band vg  : 0.000138 c (Band #6 at delta_k = 0.0010)
------------------------------------------------------------------------------------------
  Band  2           : A_2      (freq = 0.389898, conf = 1.000)
  Band  3           : B_2      (freq = 0.487626, conf = 1.000)
* Band  4 [Target #1]: A_2      (freq = 0.589966, conf = 1.000)
* Band  5 [Target #2]: E        (freq = 0.607922, conf = 1.000)
* Band  6 [Target #3]: E        (freq = 0.607948, conf = 1.000)
  Band  7           : E        (freq = 0.709311, conf = 1.000)
  Band  8           : E        (freq = 0.709330, conf = 1.000)
  Band  9           : B_1      (freq = 0.840254, conf = 1.000)
  Band 10           : B_2      (freq = 0.861949, conf = 1.000)
==========================================================================================

==========================================================================================
EVALUATION #054 (Generation 02)
Parameters   : r1 = 0.285146, r2 = 0.304920
Cost         : 0.138929 | Dirac Freq: 0.580894 | Mapped to bands [4, 5, 6]
Connectivity : PASSED (Slab is continuous and unbroken across unit cell boundaries. (passes >=4px neck width constraint))
Top Band vg  : 0.000082 c (Band #6 at delta_k = 0.0010)
------------------------------------------------------------------------------------------
  Band  2           : A_2      (freq = 0.386704, conf = 1.000)
  Band  3           : B_2      (freq = 0.450413, conf = 1.000)
* Band  4 [Target #1]: A_2      (freq = 0.540543, conf = 1.000)
* Band  5 [Target #2]: E        (freq = 0.621208, conf = 1.000)
* Band  6 [Target #3]: E        (freq = 0.621246, conf = 1.000)
  Band  7           : E        (freq = 0.684055, conf = 1.000)
  Band  8           : E        (freq = 0.684061, conf = 1.000)
  Band  9           : B_1      (freq = 0.815097, conf = 1.000)
  Band 10           : A_1      (freq = 0.873119, conf = 1.000)
==========================================================================================

==========================================================================================
EVALUATION #055 (Generation 02)
Parameters   : r1 = 0.216396, r2 = 0.223670
Cost         : 0.018873 | Dirac Freq: 0.452292 | Mapped to bands [6, 4, 5]
Connectivity : PASSED (Slab is continuous and unbroken across unit cell boundaries. (passes >=4px neck width constraint))
Top Band vg  : 0.000108 c (Band #6 at delta_k = 0.0010)
------------------------------------------------------------------------------------------
  Band  2           : A_2      (freq = 0.316864, conf = 1.000)
  Band  3           : B_2      (freq = 0.341802, conf = 1.000)
* Band  4 [Target #2]: E        (freq = 0.448024, conf = 1.000)
* Band  5 [Target #3]: E        (freq = 0.448028, conf = 1.000)
* Band  6 [Target #1]: A_2      (freq = 0.456560, conf = 1.000)
  Band  7           : E        (freq = 0.533264, conf = 0.997)
  Band  8           : E        (freq = 0.533267, conf = 1.000)
  Band  9           : B_1      (freq = 0.533698, conf = 0.998)
  Band 10           : A_1      (freq = 0.683877, conf = 1.000)
==========================================================================================

==========================================================================================
EVALUATION #056 (Generation 02)
Parameters   : r1 = 0.210146, r2 = 0.329920
Cost         : 0.004302 | Dirac Freq: 0.539950 | Mapped to bands [4, 5, 6]
Connectivity : PASSED (Slab is continuous and unbroken across unit cell boundaries. (passes >=4px neck width constraint))
Top Band vg  : 0.000105 c (Band #6 at delta_k = 0.0010)
------------------------------------------------------------------------------------------
  Band  2           : A_2      (freq = 0.356699, conf = 1.000)
  Band  3           : B_2      (freq = 0.432045, conf = 1.000)
* Band  4 [Target #1]: A_2      (freq = 0.538789, conf = 1.000)
* Band  5 [Target #2]: E        (freq = 0.541097, conf = 1.000)
* Band  6 [Target #3]: E        (freq = 0.541112, conf = 1.000)
  Band  7           : E        (freq = 0.656374, conf = 1.000)
  Band  8           : E        (freq = 0.656385, conf = 1.000)
  Band  9           : B_1      (freq = 0.711232, conf = 1.000)
  Band 10           : B_2      (freq = 0.779982, conf = 1.000)
==========================================================================================

==========================================================================================
EVALUATION #057 (Generation 02)
Parameters   : r1 = 0.241396, r2 = 0.348670
Cost         : 0.046791 | Dirac Freq: 0.594918 | Mapped to bands [4, 5, 6]
Connectivity : PASSED (Slab is continuous and unbroken across unit cell boundaries. (passes >=4px neck width constraint))
Top Band vg  : 0.000105 c (Band #6 at delta_k = 0.0010)
------------------------------------------------------------------------------------------
  Band  2           : A_2      (freq = 0.389202, conf = 1.000)
  Band  3           : B_2      (freq = 0.480661, conf = 1.000)
* Band  4 [Target #1]: A_2      (freq = 0.581000, conf = 1.000)
* Band  5 [Target #2]: E        (freq = 0.608818, conf = 1.000)
* Band  6 [Target #3]: E        (freq = 0.608837, conf = 1.000)
  Band  7           : E        (freq = 0.706441, conf = 1.000)
  Band  8           : E        (freq = 0.706449, conf = 1.000)
  Band  9           : B_1      (freq = 0.838092, conf = 1.000)
  Band 10           : B_2      (freq = 0.867659, conf = 1.000)
==========================================================================================

==========================================================================================
EVALUATION #058 (Generation 02)
Parameters   : r1 = 0.260146, r2 = 0.379920
Cost         : 0.014536 | Dirac Freq: 0.673961 | Mapped to bands [4, 5, 6]
Connectivity : PASSED (Slab is continuous and unbroken across unit cell boundaries. (passes >=4px neck width constraint))
Top Band vg  : 0.000036 c (Band #6 at delta_k = 0.0010)
------------------------------------------------------------------------------------------
  Band  2           : A_2      (freq = 0.449145, conf = 1.000)
  Band  3           : B_2      (freq = 0.564978, conf = 1.000)
* Band  4 [Target #1]: A_2      (freq = 0.669063, conf = 1.000)
* Band  5 [Target #2]: E        (freq = 0.678837, conf = 1.000)
* Band  6 [Target #3]: E        (freq = 0.678860, conf = 1.000)
  Band  7           : E        (freq = 0.770570, conf = 1.000)
  Band  8           : E        (freq = 0.770603, conf = 1.000)
  Band  9           : B_2      (freq = 0.972058, conf = 1.000)
  Band 10           : B_1      (freq = 0.997003, conf = 1.000)
==========================================================================================

==========================================================================================
EVALUATION #059 (Generation 02)
Parameters   : r1 = 0.322646, r2 = 0.267420
Cost         : 0.112817 | Dirac Freq: 0.582917 | Mapped to bands [4, 5, 6]
Connectivity : PASSED (Slab is continuous and unbroken across unit cell boundaries. (passes >=4px neck width constraint))
Top Band vg  : 0.000109 c (Band #6 at delta_k = 0.0010)
------------------------------------------------------------------------------------------
  Band  2           : A_2      (freq = 0.387232, conf = 1.000)
  Band  3           : B_2      (freq = 0.457649, conf = 1.000)
* Band  4 [Target #1]: A_2      (freq = 0.550036, conf = 1.000)
* Band  5 [Target #2]: E        (freq = 0.615784, conf = 1.000)
* Band  6 [Target #3]: E        (freq = 0.615799, conf = 1.000)
  Band  7           : E        (freq = 0.691462, conf = 1.000)
  Band  8           : E        (freq = 0.691466, conf = 1.000)
  Band  9           : B_1      (freq = 0.818773, conf = 1.000)
  Band 10           : A_1      (freq = 0.881403, conf = 1.000)
==========================================================================================

==========================================================================================
EVALUATION #060 (Generation 02)
Parameters   : r1 = 0.310146, r2 = 0.229920
Cost         : 0.053570 | Dirac Freq: 0.532739 | Mapped to bands [4, 5, 6]
Connectivity : PASSED (Slab is continuous and unbroken across unit cell boundaries. (passes >=4px neck width constraint))
Top Band vg  : 0.000072 c (Band #6 at delta_k = 0.0010)
------------------------------------------------------------------------------------------
  Band  2           : A_2      (freq = 0.354641, conf = 1.000)
  Band  3           : B_2      (freq = 0.415952, conf = 1.000)
* Band  4 [Target #1]: A_2      (freq = 0.518469, conf = 1.000)
* Band  5 [Target #2]: E        (freq = 0.547003, conf = 1.000)
* Band  6 [Target #3]: E        (freq = 0.547008, conf = 1.000)
  Band  7           : E        (freq = 0.638923, conf = 1.000)
  Band  8           : E        (freq = 0.638931, conf = 1.000)
  Band  9           : B_1      (freq = 0.700624, conf = 1.000)
  Band 10           : A_1      (freq = 0.796751, conf = 1.000)
==========================================================================================

==========================================================================================
EVALUATION #061 (Generation 02)
Parameters   : r1 = 0.272646, r2 = 0.317420
Cost         : 0.122688 | Dirac Freq: 0.582004 | Mapped to bands [4, 5, 6]
Connectivity : PASSED (Slab is continuous and unbroken across unit cell boundaries. (passes >=4px neck width constraint))
Top Band vg  : 0.000089 c (Band #6 at delta_k = 0.0010)
------------------------------------------------------------------------------------------
  Band  2           : A_2      (freq = 0.387063, conf = 1.000)
  Band  3           : B_2      (freq = 0.454620, conf = 1.000)
* Band  4 [Target #1]: A_2      (freq = 0.546301, conf = 1.000)
* Band  5 [Target #2]: E        (freq = 0.617704, conf = 1.000)
* Band  6 [Target #3]: E        (freq = 0.617706, conf = 1.000)
  Band  7           : E        (freq = 0.688577, conf = 1.000)
  Band  8           : E        (freq = 0.688586, conf = 1.000)
  Band  9           : B_1      (freq = 0.818482, conf = 1.000)
  Band 10           : A_1      (freq = 0.879060, conf = 1.000)
==========================================================================================

==========================================================================================
EVALUATION #062 (Generation 02)
Parameters   : r1 = 0.341396, r2 = 0.248670
Cost         : 0.068089 | Dirac Freq: 0.590299 | Mapped to bands [4, 5, 6]
Connectivity : PASSED (Slab is continuous and unbroken across unit cell boundaries. (passes >=4px neck width constraint))
Top Band vg  : 0.000062 c (Band #6 at delta_k = 0.0010)
------------------------------------------------------------------------------------------
  Band  2           : A_2      (freq = 0.388503, conf = 1.000)
  Band  3           : B_2      (freq = 0.472515, conf = 1.000)
* Band  4 [Target #1]: A_2      (freq = 0.570202, conf = 1.000)
* Band  5 [Target #2]: E        (freq = 0.610391, conf = 1.000)
* Band  6 [Target #3]: E        (freq = 0.610395, conf = 1.000)
  Band  7           : E        (freq = 0.702737, conf = 1.000)
  Band  8           : E        (freq = 0.702742, conf = 1.000)
  Band  9           : B_1      (freq = 0.833536, conf = 1.000)
  Band 10           : B_2      (freq = 0.875495, conf = 1.000)
==========================================================================================

==========================================================================================
EVALUATION #063 (Generation 02)
Parameters   : r1 = 0.253896, r2 = 0.336170
Cost         : 0.082057 | Dirac Freq: 0.587482 | Mapped to bands [4, 5, 6]
Connectivity : PASSED (Slab is continuous and unbroken across unit cell boundaries. (passes >=4px neck width constraint))
Top Band vg  : 0.000073 c (Band #6 at delta_k = 0.0010)
------------------------------------------------------------------------------------------
  Band  2           : A_2      (freq = 0.388074, conf = 1.000)
  Band  3           : B_2      (freq = 0.467561, conf = 1.000)
* Band  4 [Target #1]: A_2      (freq = 0.563379, conf = 1.000)
* Band  5 [Target #2]: E        (freq = 0.611583, conf = 1.000)
* Band  6 [Target #3]: E        (freq = 0.611586, conf = 1.000)
  Band  7           : E        (freq = 0.700081, conf = 1.000)
  Band  8           : E        (freq = 0.700098, conf = 1.000)
  Band  9           : B_1      (freq = 0.829040, conf = 1.000)
  Band 10           : B_2      (freq = 0.882210, conf = 1.000)
==========================================================================================

==========================================================================================
EVALUATION #064 (Generation 02)
Parameters   : r1 = 0.203896, r2 = 0.386170
Cost         : 0.086531 | Dirac Freq: 0.639715 | Mapped to bands [6, 4, 5]
Connectivity : PASSED (Slab is continuous and unbroken across unit cell boundaries. (passes >=4px neck width constraint))
Top Band vg  : 0.000306 c (Band #6 at delta_k = 0.0010)
------------------------------------------------------------------------------------------
  Band  2           : A_2      (freq = 0.397703, conf = 1.000)
  Band  3           : B_2      (freq = 0.544273, conf = 1.000)
* Band  4 [Target #2]: E        (freq = 0.612038, conf = 1.000)
* Band  5 [Target #3]: E        (freq = 0.612041, conf = 1.000)
* Band  6 [Target #1]: A_2      (freq = 0.667393, conf = 1.000)
  Band  7           : E        (freq = 0.727281, conf = 1.000)
  Band  8           : E        (freq = 0.727285, conf = 1.000)
  Band  9           : B_2      (freq = 0.847625, conf = 1.000)
  Band 10           : B_1      (freq = 0.867668, conf = 1.000)
==========================================================================================

==========================================================================================
EVALUATION #065 (Generation 03)
Parameters   : r1 = 0.386708, r2 = 0.325233
Cost         : 1.000000 | Dirac Freq: 0.000000 | FAILED: Disconnected slab (Slab breaks unit cell continuity along X-axis (left-right), Y-axis (top-bottom) (connection is too narrow, <4px width))
Connectivity : FAILED (Slab breaks unit cell continuity along X-axis (left-right), Y-axis (top-bottom) (connection is too narrow, <4px width))
------------------------------------------------------------------------------------------
  No irrep map available.
==========================================================================================

==========================================================================================
EVALUATION #066 (Generation 03)
Parameters   : r1 = 0.374208, r2 = 0.337733
Cost         : 1.000000 | Dirac Freq: 0.000000 | FAILED: Disconnected slab (Slab breaks unit cell continuity along X-axis (left-right), Y-axis (top-bottom) (connection is too narrow, <4px width))
Connectivity : FAILED (Slab breaks unit cell continuity along X-axis (left-right), Y-axis (top-bottom) (connection is too narrow, <4px width))
------------------------------------------------------------------------------------------
  No irrep map available.
==========================================================================================

==========================================================================================
EVALUATION #067 (Generation 03)
Parameters   : r1 = 0.361708, r2 = 0.350233
Cost         : 1.000000 | Dirac Freq: 0.000000 | FAILED: Disconnected slab (Slab breaks unit cell continuity along X-axis (left-right), Y-axis (top-bottom) (connection is too narrow, <4px width))
Connectivity : FAILED (Slab breaks unit cell continuity along X-axis (left-right), Y-axis (top-bottom) (connection is too narrow, <4px width))
------------------------------------------------------------------------------------------
  No irrep map available.
==========================================================================================

==========================================================================================
EVALUATION #068 (Generation 03)
Parameters   : r1 = 0.342958, r2 = 0.381483
Cost         : 1.000000 | Dirac Freq: 0.000000 | FAILED: Disconnected slab (Slab breaks unit cell continuity along X-axis (left-right), Y-axis (top-bottom) (connection is too narrow, <4px width))
Connectivity : FAILED (Slab breaks unit cell continuity along X-axis (left-right), Y-axis (top-bottom) (connection is too narrow, <4px width))
------------------------------------------------------------------------------------------
  No irrep map available.
==========================================================================================

==========================================================================================
EVALUATION #069 (Generation 03)
Parameters   : r1 = 0.399208, r2 = 0.362733
Cost         : 1.000000 | Dirac Freq: 0.000000 | FAILED: Disconnected slab (Slab breaks unit cell continuity along X-axis (left-right), Y-axis (top-bottom) (connection is too narrow, <4px width))
Connectivity : FAILED (Slab breaks unit cell continuity along X-axis (left-right), Y-axis (top-bottom) (connection is too narrow, <4px width))
------------------------------------------------------------------------------------------
  No irrep map available.
==========================================================================================

==========================================================================================
EVALUATION #070 (Generation 03)
Parameters   : r1 = 0.324208, r2 = 0.387733
Cost         : 1.000000 | Dirac Freq: 0.000000 | FAILED: Disconnected slab (Slab breaks unit cell continuity along X-axis (left-right), Y-axis (top-bottom) (connection is too narrow, <4px width))
Connectivity : FAILED (Slab breaks unit cell continuity along X-axis (left-right), Y-axis (top-bottom) (connection is too narrow, <4px width))
------------------------------------------------------------------------------------------
  No irrep map available.
==========================================================================================

==========================================================================================
EVALUATION #071 (Generation 03)
Parameters   : r1 = 0.305458, r2 = 0.368983
Cost         : 1.000000 | Dirac Freq: 0.000000 | FAILED: Disconnected slab (Slab breaks unit cell continuity along X-axis (left-right), Y-axis (top-bottom) (connection is too narrow, <4px width))
Connectivity : FAILED (Slab breaks unit cell continuity along X-axis (left-right), Y-axis (top-bottom) (connection is too narrow, <4px width))
------------------------------------------------------------------------------------------
  No irrep map available.
==========================================================================================

==========================================================================================
EVALUATION #072 (Generation 03)
Parameters   : r1 = 0.355458, r2 = 0.318983
Cost         : 1.000000 | Dirac Freq: 0.000000 | FAILED: Disconnected slab (Slab breaks unit cell continuity along X-axis (left-right), Y-axis (top-bottom) (connection is too narrow, <4px width))
Connectivity : FAILED (Slab breaks unit cell continuity along X-axis (left-right), Y-axis (top-bottom) (connection is too narrow, <4px width))
------------------------------------------------------------------------------------------
  No irrep map available.
==========================================================================================

==========================================================================================
EVALUATION #073 (Generation 03)
Parameters   : r1 = 0.261708, r2 = 0.250233
Cost         : 0.070721 | Dirac Freq: 0.504502 | Mapped to bands [4, 5, 6]
Connectivity : PASSED (Slab is continuous and unbroken across unit cell boundaries. (passes >=4px neck width constraint))
Top Band vg  : 0.000076 c (Band #6 at delta_k = 0.0010)
------------------------------------------------------------------------------------------
  Band  2           : A_2      (freq = 0.340034, conf = 1.000)
  Band  3           : B_2      (freq = 0.382508, conf = 1.000)
* Band  4 [Target #1]: A_2      (freq = 0.486662, conf = 1.000)
* Band  5 [Target #2]: E        (freq = 0.522331, conf = 1.000)
* Band  6 [Target #3]: E        (freq = 0.522341, conf = 1.000)
  Band  7           : E        (freq = 0.589529, conf = 1.000)
  Band  8           : E        (freq = 0.589532, conf = 1.000)
  Band  9           : B_1      (freq = 0.635447, conf = 1.000)
  Band 10           : A_1      (freq = 0.740709, conf = 1.000)
==========================================================================================

==========================================================================================
EVALUATION #074 (Generation 03)
Parameters   : r1 = 0.299208, r2 = 0.262733
Cost         : 0.110929 | Dirac Freq: 0.551072 | Mapped to bands [4, 5, 6]
Connectivity : PASSED (Slab is continuous and unbroken across unit cell boundaries. (passes >=4px neck width constraint))
Top Band vg  : 0.000115 c (Band #6 at delta_k = 0.0010)
------------------------------------------------------------------------------------------
  Band  2           : A_2      (freq = 0.366188, conf = 1.000)
  Band  3           : B_2      (freq = 0.425112, conf = 1.000)
* Band  4 [Target #1]: A_2      (freq = 0.520507, conf = 1.000)
* Band  5 [Target #2]: E        (freq = 0.581633, conf = 1.000)
* Band  6 [Target #3]: E        (freq = 0.581637, conf = 1.000)
  Band  7           : E        (freq = 0.650032, conf = 1.000)
  Band  8           : E        (freq = 0.650033, conf = 1.000)
  Band  9           : B_1      (freq = 0.741971, conf = 1.000)
  Band 10           : A_1      (freq = 0.816111, conf = 1.000)
==========================================================================================

==========================================================================================
EVALUATION #075 (Generation 03)
Parameters   : r1 = 0.286708, r2 = 0.225233
Cost         : 0.043729 | Dirac Freq: 0.505476 | Mapped to bands [4, 5, 6]
Connectivity : PASSED (Slab is continuous and unbroken across unit cell boundaries. (passes >=4px neck width constraint))
Top Band vg  : 0.000061 c (Band #6 at delta_k = 0.0010)
------------------------------------------------------------------------------------------
  Band  2           : A_2      (freq = 0.340876, conf = 1.000)
  Band  3           : B_2      (freq = 0.388667, conf = 1.000)
* Band  4 [Target #1]: A_2      (freq = 0.494424, conf = 1.000)
* Band  5 [Target #2]: E        (freq = 0.516515, conf = 1.000)
* Band  6 [Target #3]: E        (freq = 0.516528, conf = 1.000)
  Band  7           : E        (freq = 0.601719, conf = 1.000)
  Band  8           : E        (freq = 0.601722, conf = 1.000)
  Band  9           : B_1      (freq = 0.640378, conf = 1.000)
  Band 10           : A_1      (freq = 0.750408, conf = 1.000)
==========================================================================================

==========================================================================================
EVALUATION #076 (Generation 03)
Parameters   : r1 = 0.274208, r2 = 0.237733
Cost         : 0.062786 | Dirac Freq: 0.504637 | Mapped to bands [4, 5, 6]
Connectivity : PASSED (Slab is continuous and unbroken across unit cell boundaries. (passes >=4px neck width constraint))
Top Band vg  : 0.000143 c (Band #6 at delta_k = 0.0010)
------------------------------------------------------------------------------------------
  Band  2           : A_2      (freq = 0.340327, conf = 1.000)
  Band  3           : B_2      (freq = 0.384447, conf = 1.000)
* Band  4 [Target #1]: A_2      (freq = 0.488795, conf = 1.000)
* Band  5 [Target #2]: E        (freq = 0.520473, conf = 1.000)
* Band  6 [Target #3]: E        (freq = 0.520479, conf = 1.000)
  Band  7           : E        (freq = 0.594058, conf = 1.000)
  Band  8           : E        (freq = 0.594064, conf = 1.000)
  Band  9           : B_1      (freq = 0.636832, conf = 1.000)
  Band 10           : A_1      (freq = 0.744319, conf = 1.000)
==========================================================================================

==========================================================================================
EVALUATION #077 (Generation 03)
Parameters   : r1 = 0.317958, r2 = 0.206483
Cost         : 0.004205 | Dirac Freq: 0.522698 | Mapped to bands [4, 5, 6]
Connectivity : PASSED (Slab is continuous and unbroken across unit cell boundaries. (passes >=4px neck width constraint))
Top Band vg  : 0.000115 c (Band #6 at delta_k = 0.0010)
------------------------------------------------------------------------------------------
  Band  2           : A_2      (freq = 0.348559, conf = 1.000)
  Band  3           : B_2      (freq = 0.413726, conf = 1.000)
* Band  4 [Target #1]: A_2      (freq = 0.521599, conf = 1.000)
* Band  5 [Target #2]: E        (freq = 0.523791, conf = 1.000)
* Band  6 [Target #3]: E        (freq = 0.523797, conf = 1.000)
  Band  7           : E        (freq = 0.635214, conf = 1.000)
  Band  8           : E        (freq = 0.635216, conf = 1.000)
  Band  9           : B_1      (freq = 0.675197, conf = 1.000)
  Band 10           : B_2      (freq = 0.766336, conf = 1.000)
==========================================================================================

==========================================================================================
EVALUATION #078 (Generation 03)
Parameters   : r1 = 0.367958, r2 = 0.256483
Cost         : 0.040210 | Dirac Freq: 0.644593 | Mapped to bands [4, 5, 6]
Connectivity : PASSED (Slab is continuous and unbroken across unit cell boundaries. (passes >=4px neck width constraint))
Top Band vg  : 0.000089 c (Band #6 at delta_k = 0.0010)
------------------------------------------------------------------------------------------
  Band  2           : A_2      (freq = 0.425669, conf = 1.000)
  Band  3           : B_2      (freq = 0.531727, conf = 1.000)
* Band  4 [Target #1]: A_2      (freq = 0.631633, conf = 1.000)
* Band  5 [Target #2]: E        (freq = 0.657544, conf = 1.000)
* Band  6 [Target #3]: E        (freq = 0.657552, conf = 1.000)
  Band  7           : E        (freq = 0.748867, conf = 1.000)
  Band  8           : E        (freq = 0.748879, conf = 1.000)
  Band  9           : B_2      (freq = 0.935432, conf = 1.000)
  Band 10           : B_1      (freq = 0.944552, conf = 1.000)
==========================================================================================

==========================================================================================
EVALUATION #079 (Generation 03)
Parameters   : r1 = 0.236708, r2 = 0.375233
Cost         : 0.004956 | Dirac Freq: 0.641844 | Mapped to bands [6, 4, 5]
Connectivity : PASSED (Slab is continuous and unbroken across unit cell boundaries. (passes >=4px neck width constraint))
Top Band vg  : 0.001442 c (Band #6 at delta_k = 0.0010)
------------------------------------------------------------------------------------------
  Band  2           : A_2      (freq = 0.413052, conf = 1.000)
  Band  3           : B_2      (freq = 0.535255, conf = 1.000)
* Band  4 [Target #2]: E        (freq = 0.640254, conf = 1.000)
* Band  5 [Target #3]: E        (freq = 0.640259, conf = 1.000)
* Band  6 [Target #1]: A_2      (freq = 0.643435, conf = 1.000)
  Band  7           : E        (freq = 0.738399, conf = 1.000)
  Band  8           : E        (freq = 0.738401, conf = 1.000)
  Band  9           : B_2      (freq = 0.899188, conf = 1.000)
  Band 10           : B_1      (freq = 0.916229, conf = 1.000)
==========================================================================================

==========================================================================================
EVALUATION #080 (Generation 03)
Parameters   : r1 = 0.380458, r2 = 0.243983
Cost         : 0.007852 | Dirac Freq: 0.660353 | Mapped to bands [6, 4, 5]
Connectivity : PASSED (Slab is continuous and unbroken across unit cell boundaries. (passes >=4px neck width constraint))
Top Band vg  : 0.000059 c (Band #6 at delta_k = 0.0010)
------------------------------------------------------------------------------------------
  Band  2           : A_2      (freq = 0.428052, conf = 1.000)
  Band  3           : B_2      (freq = 0.554137, conf = 1.000)
* Band  4 [Target #2]: E        (freq = 0.657760, conf = 1.000)
* Band  5 [Target #3]: E        (freq = 0.657760, conf = 1.000)
* Band  6 [Target #1]: A_2      (freq = 0.662945, conf = 1.000)
  Band  7           : E        (freq = 0.752922, conf = 1.000)
  Band  8           : E        (freq = 0.752925, conf = 1.000)
  Band  9           : B_2      (freq = 0.927774, conf = 1.000)
  Band 10           : B_1      (freq = 0.956656, conf = 1.000)
==========================================================================================

==========================================================================================
EVALUATION #081 (Generation 03)
Parameters   : r1 = 0.311708, r2 = 0.300233
Cost         : 0.149822 | Dirac Freq: 0.605446 | Mapped to bands [4, 5, 6]
Connectivity : PASSED (Slab is continuous and unbroken across unit cell boundaries. (passes >=4px neck width constraint))
Top Band vg  : 0.000324 c (Band #6 at delta_k = 0.0010)
------------------------------------------------------------------------------------------
  Band  2           : A_2      (freq = 0.407824, conf = 1.000)
  Band  3           : B_2      (freq = 0.473792, conf = 1.000)
* Band  4 [Target #1]: A_2      (freq = 0.560091, conf = 1.000)
* Band  5 [Target #2]: E        (freq = 0.650796, conf = 1.000)
* Band  6 [Target #3]: E        (freq = 0.650800, conf = 1.000)
  Band  7           : E        (freq = 0.715746, conf = 1.000)
  Band  8           : E        (freq = 0.715749, conf = 1.000)
  Band  9           : B_1      (freq = 0.875314, conf = 1.000)
  Band 10           : A_1      (freq = 0.925626, conf = 1.000)
==========================================================================================

==========================================================================================
EVALUATION #082 (Generation 03)
Parameters   : r1 = 0.249208, r2 = 0.312733
Cost         : 0.087759 | Dirac Freq: 0.553059 | Mapped to bands [4, 5, 6]
Connectivity : PASSED (Slab is continuous and unbroken across unit cell boundaries. (passes >=4px neck width constraint))
Top Band vg  : 0.000059 c (Band #6 at delta_k = 0.0010)
------------------------------------------------------------------------------------------
  Band  2           : A_2      (freq = 0.366739, conf = 1.000)
  Band  3           : B_2      (freq = 0.430968, conf = 1.000)
* Band  4 [Target #1]: A_2      (freq = 0.528791, conf = 1.000)
* Band  5 [Target #2]: E        (freq = 0.577325, conf = 1.000)
* Band  6 [Target #3]: E        (freq = 0.577327, conf = 1.000)
  Band  7           : E        (freq = 0.658235, conf = 1.000)
  Band  8           : E        (freq = 0.658236, conf = 1.000)
  Band  9           : B_1      (freq = 0.749487, conf = 1.000)
  Band 10           : A_1      (freq = 0.827961, conf = 1.000)
==========================================================================================

==========================================================================================
EVALUATION #083 (Generation 03)
Parameters   : r1 = 0.349208, r2 = 0.212733
Cost         : 0.007672 | Dirac Freq: 0.571049 | Mapped to bands [6, 4, 5]
Connectivity : PASSED (Slab is continuous and unbroken across unit cell boundaries. (passes >=4px neck width constraint))
Top Band vg  : 0.000218 c (Band #6 at delta_k = 0.0010)
------------------------------------------------------------------------------------------
  Band  2           : A_2      (freq = 0.370761, conf = 1.000)
  Band  3           : B_2      (freq = 0.464893, conf = 1.000)
* Band  4 [Target #2]: E        (freq = 0.568859, conf = 1.000)
* Band  5 [Target #3]: E        (freq = 0.568864, conf = 1.000)
* Band  6 [Target #1]: A_2      (freq = 0.573240, conf = 1.000)
  Band  7           : E        (freq = 0.685306, conf = 1.000)
  Band  8           : E        (freq = 0.685308, conf = 1.000)
  Band  9           : B_1      (freq = 0.771993, conf = 1.000)
  Band 10           : B_2      (freq = 0.804900, conf = 1.000)
==========================================================================================

==========================================================================================
EVALUATION #084 (Generation 03)
Parameters   : r1 = 0.205458, r2 = 0.268983
Cost         : 0.001683 | Dirac Freq: 0.475815 | Mapped to bands [4, 5, 6]
Connectivity : PASSED (Slab is continuous and unbroken across unit cell boundaries. (passes >=4px neck width constraint))
Top Band vg  : 0.000109 c (Band #6 at delta_k = 0.0010)
------------------------------------------------------------------------------------------
  Band  2           : A_2      (freq = 0.327435, conf = 1.000)
  Band  3           : B_2      (freq = 0.364497, conf = 1.000)
* Band  4 [Target #1]: A_2      (freq = 0.475415, conf = 1.000)
* Band  5 [Target #2]: E        (freq = 0.476215, conf = 1.000)
* Band  6 [Target #3]: E        (freq = 0.476216, conf = 1.000)
  Band  7           : E        (freq = 0.569122, conf = 1.000)
  Band  8           : E        (freq = 0.569126, conf = 1.000)
  Band  9           : B_1      (freq = 0.579595, conf = 1.000)
  Band 10           : A_1      (freq = 0.713873, conf = 1.000)
==========================================================================================

==========================================================================================
EVALUATION #085 (Generation 03)
Parameters   : r1 = 0.224208, r2 = 0.287733
Cost         : 0.041908 | Dirac Freq: 0.505530 | Mapped to bands [4, 5, 6]
Connectivity : PASSED (Slab is continuous and unbroken across unit cell boundaries. (passes >=4px neck width constraint))
Top Band vg  : 0.000059 c (Band #6 at delta_k = 0.0010)
------------------------------------------------------------------------------------------
  Band  2           : A_2      (freq = 0.340921, conf = 1.000)
  Band  3           : B_2      (freq = 0.389060, conf = 1.000)
* Band  4 [Target #1]: A_2      (freq = 0.494937, conf = 1.000)
* Band  5 [Target #2]: E        (freq = 0.516108, conf = 1.000)
* Band  6 [Target #3]: E        (freq = 0.516123, conf = 1.000)
  Band  7           : E        (freq = 0.602442, conf = 1.000)
  Band  8           : E        (freq = 0.602445, conf = 1.000)
  Band  9           : B_1      (freq = 0.640629, conf = 1.000)
  Band 10           : A_1      (freq = 0.750971, conf = 1.000)
==========================================================================================

==========================================================================================
EVALUATION #086 (Generation 03)
Parameters   : r1 = 0.292958, r2 = 0.331483
Cost         : 0.135870 | Dirac Freq: 0.621721 | Mapped to bands [4, 5, 6]
Connectivity : PASSED (Slab is continuous and unbroken across unit cell boundaries. (passes >=4px neck width constraint))
Top Band vg  : 0.000093 c (Band #6 at delta_k = 0.0010)
------------------------------------------------------------------------------------------
  Band  2           : A_2      (freq = 0.422623, conf = 1.000)
  Band  3           : B_2      (freq = 0.493482, conf = 1.000)
* Band  4 [Target #1]: A_2      (freq = 0.579484, conf = 1.000)
* Band  5 [Target #2]: E        (freq = 0.663952, conf = 1.000)
* Band  6 [Target #3]: E        (freq = 0.663957, conf = 1.000)
  Band  7           : E        (freq = 0.738296, conf = 1.000)
  Band  8           : E        (freq = 0.738304, conf = 1.000)
  Band  9           : B_1      (freq = 0.913238, conf = 1.000)
  Band 10           : A_1      (freq = 0.964591, conf = 1.000)
==========================================================================================

==========================================================================================
EVALUATION #087 (Generation 03)
Parameters   : r1 = 0.242958, r2 = 0.281483
Cost         : 0.074977 | Dirac Freq: 0.515675 | Mapped to bands [4, 5, 6]
Connectivity : PASSED (Slab is continuous and unbroken across unit cell boundaries. (passes >=4px neck width constraint))
Top Band vg  : 0.000092 c (Band #6 at delta_k = 0.0010)
------------------------------------------------------------------------------------------
  Band  2           : A_2      (freq = 0.345858, conf = 1.000)
  Band  3           : B_2      (freq = 0.393838, conf = 1.000)
* Band  4 [Target #1]: A_2      (freq = 0.496343, conf = 1.000)
* Band  5 [Target #2]: E        (freq = 0.535004, conf = 1.000)
* Band  6 [Target #3]: E        (freq = 0.535007, conf = 1.000)
  Band  7           : E        (freq = 0.607121, conf = 1.000)
  Band  8           : E        (freq = 0.607123, conf = 1.000)
  Band  9           : B_1      (freq = 0.661604, conf = 1.000)
  Band 10           : A_1      (freq = 0.760863, conf = 1.000)
==========================================================================================

==========================================================================================
EVALUATION #088 (Generation 03)
Parameters   : r1 = 0.255458, r2 = 0.218983
Cost         : 0.016754 | Dirac Freq: 0.475421 | Mapped to bands [4, 5, 6]
Connectivity : PASSED (Slab is continuous and unbroken across unit cell boundaries. (passes >=4px neck width constraint))
Top Band vg  : 0.000056 c (Band #6 at delta_k = 0.0010)
------------------------------------------------------------------------------------------
  Band  2           : A_2      (freq = 0.326752, conf = 1.000)
  Band  3           : B_2      (freq = 0.360823, conf = 1.000)
* Band  4 [Target #1]: A_2      (freq = 0.471439, conf = 1.000)
* Band  5 [Target #2]: E        (freq = 0.479400, conf = 1.000)
* Band  6 [Target #3]: E        (freq = 0.479404, conf = 1.000)
  Band  7           : E        (freq = 0.561149, conf = 1.000)
  Band  8           : E        (freq = 0.561150, conf = 1.000)
  Band  9           : B_1      (freq = 0.577614, conf = 1.000)
  Band 10           : A_1      (freq = 0.708814, conf = 1.000)
==========================================================================================

==========================================================================================
EVALUATION #089 (Generation 03)
Parameters   : r1 = 0.336708, r2 = 0.275233
Cost         : 0.113920 | Dirac Freq: 0.609983 | Mapped to bands [4, 5, 6]
Connectivity : PASSED (Slab is continuous and unbroken across unit cell boundaries. (passes >=4px neck width constraint))
Top Band vg  : 0.000112 c (Band #6 at delta_k = 0.0010)
------------------------------------------------------------------------------------------
  Band  2           : A_2      (freq = 0.408388, conf = 1.000)
  Band  3           : B_2      (freq = 0.484962, conf = 1.000)
* Band  4 [Target #1]: A_2      (freq = 0.575238, conf = 1.000)
* Band  5 [Target #2]: E        (freq = 0.644725, conf = 1.000)
* Band  6 [Target #3]: E        (freq = 0.644727, conf = 1.000)
  Band  7           : E        (freq = 0.723484, conf = 1.000)
  Band  8           : E        (freq = 0.723484, conf = 1.000)
  Band  9           : B_1      (freq = 0.886247, conf = 1.000)
  Band 10           : B_2      (freq = 0.942767, conf = 1.000)
==========================================================================================

==========================================================================================
EVALUATION #090 (Generation 03)
Parameters   : r1 = 0.267958, r2 = 0.356483
Cost         : 0.076218 | Dirac Freq: 0.633758 | Mapped to bands [4, 5, 6]
Connectivity : PASSED (Slab is continuous and unbroken across unit cell boundaries. (passes >=4px neck width constraint))
Top Band vg  : 0.000120 c (Band #6 at delta_k = 0.0010)
------------------------------------------------------------------------------------------
  Band  2           : A_2      (freq = 0.424027, conf = 1.000)
  Band  3           : B_2      (freq = 0.515688, conf = 1.000)
* Band  4 [Target #1]: A_2      (freq = 0.609606, conf = 1.000)
* Band  5 [Target #2]: E        (freq = 0.657905, conf = 1.000)
* Band  6 [Target #3]: E        (freq = 0.657910, conf = 1.000)
  Band  7           : E        (freq = 0.744526, conf = 1.000)
  Band  8           : E        (freq = 0.744532, conf = 1.000)
  Band  9           : B_1      (freq = 0.930774, conf = 1.000)
  Band 10           : B_2      (freq = 0.949886, conf = 1.000)
==========================================================================================

==========================================================================================
EVALUATION #091 (Generation 03)
Parameters   : r1 = 0.330458, r2 = 0.293983
Cost         : 0.137308 | Dirac Freq: 0.621465 | Mapped to bands [4, 5, 6]
Connectivity : PASSED (Slab is continuous and unbroken across unit cell boundaries. (passes >=4px neck width constraint))
Top Band vg  : 0.000127 c (Band #6 at delta_k = 0.0010)
------------------------------------------------------------------------------------------
  Band  2           : A_2      (freq = 0.422638, conf = 1.000)
  Band  3           : B_2      (freq = 0.493048, conf = 1.000)
* Band  4 [Target #1]: A_2      (freq = 0.578799, conf = 1.000)
* Band  5 [Target #2]: E        (freq = 0.664127, conf = 1.000)
* Band  6 [Target #3]: E        (freq = 0.664131, conf = 1.000)
  Band  7           : E        (freq = 0.738120, conf = 1.000)
  Band  8           : E        (freq = 0.738127, conf = 1.000)
  Band  9           : B_1      (freq = 0.912198, conf = 1.000)
  Band 10           : A_1      (freq = 0.963122, conf = 1.000)
==========================================================================================

==========================================================================================
EVALUATION #092 (Generation 03)
Parameters   : r1 = 0.280458, r2 = 0.343983
Cost         : 0.110781 | Dirac Freq: 0.626704 | Mapped to bands [4, 5, 6]
Connectivity : PASSED (Slab is continuous and unbroken across unit cell boundaries. (passes >=4px neck width constraint))
Top Band vg  : 0.000043 c (Band #6 at delta_k = 0.0010)
------------------------------------------------------------------------------------------
  Band  2           : A_2      (freq = 0.423251, conf = 1.000)
  Band  3           : B_2      (freq = 0.502191, conf = 1.000)
* Band  4 [Target #1]: A_2      (freq = 0.591991, conf = 1.000)
* Band  5 [Target #2]: E        (freq = 0.661401, conf = 1.000)
* Band  6 [Target #3]: E        (freq = 0.661418, conf = 1.000)
  Band  7           : E        (freq = 0.741069, conf = 1.000)
  Band  8           : E        (freq = 0.741077, conf = 1.000)
  Band  9           : B_1      (freq = 0.926017, conf = 1.000)
  Band 10           : B_2      (freq = 0.968881, conf = 1.000)
==========================================================================================

==========================================================================================
EVALUATION #093 (Generation 03)
Parameters   : r1 = 0.217958, r2 = 0.306483
Cost         : 0.030992 | Dirac Freq: 0.518774 | Mapped to bands [4, 5, 6]
Connectivity : PASSED (Slab is continuous and unbroken across unit cell boundaries. (passes >=4px neck width constraint))
Top Band vg  : 0.000085 c (Band #6 at delta_k = 0.0010)
------------------------------------------------------------------------------------------
  Band  2           : A_2      (freq = 0.347310, conf = 1.000)
  Band  3           : B_2      (freq = 0.405260, conf = 1.000)
* Band  4 [Target #1]: A_2      (freq = 0.510735, conf = 1.000)
* Band  5 [Target #2]: E        (freq = 0.526807, conf = 1.000)
* Band  6 [Target #3]: E        (freq = 0.526813, conf = 1.000)
  Band  7           : E        (freq = 0.625870, conf = 1.000)
  Band  8           : E        (freq = 0.625874, conf = 1.000)
  Band  9           : B_1      (freq = 0.669925, conf = 1.000)
  Band 10           : A_1      (freq = 0.778683, conf = 1.000)
==========================================================================================

==========================================================================================
EVALUATION #094 (Generation 03)
Parameters   : r1 = 0.392958, r2 = 0.231483
Cost         : 0.062617 | Dirac Freq: 0.680228 | Mapped to bands [6, 4, 5]
Connectivity : PASSED (Slab is continuous and unbroken across unit cell boundaries. (passes >=4px neck width constraint))
Top Band vg  : 0.000440 c (Band #6 at delta_k = 0.0010)
------------------------------------------------------------------------------------------
  Band  2           : A_2      (freq = 0.431519, conf = 1.000)
  Band  3           : B_2      (freq = 0.582347, conf = 1.000)
* Band  4 [Target #2]: E        (freq = 0.658931, conf = 1.000)
* Band  5 [Target #3]: E        (freq = 0.658939, conf = 1.000)
* Band  6 [Target #1]: A_2      (freq = 0.701525, conf = 1.000)
  Band  7           : E        (freq = 0.760882, conf = 1.000)
  Band  8           : E        (freq = 0.760896, conf = 1.000)
  Band  9           : B_2      (freq = 0.923238, conf = 1.000)
  Band 10           : B_1      (freq = 0.962927, conf = 1.000)
==========================================================================================

==========================================================================================
EVALUATION #095 (Generation 03)
Parameters   : r1 = 0.211708, r2 = 0.200233
Cost         : 0.053878 | Dirac Freq: 0.435948 | Mapped to bands [6, 4, 5]
Connectivity : PASSED (Slab is continuous and unbroken across unit cell boundaries. (passes >=4px neck width constraint))
Top Band vg  : 0.000159 c (Band #6 at delta_k = 0.0010)
------------------------------------------------------------------------------------------
  Band  2           : A_2      (freq = 0.310662, conf = 1.000)
  Band  3           : B_2      (freq = 0.330337, conf = 1.000)
* Band  4 [Target #2]: E        (freq = 0.424204, conf = 1.000)
* Band  5 [Target #3]: E        (freq = 0.424216, conf = 1.000)
* Band  6 [Target #1]: A_2      (freq = 0.447692, conf = 1.000)
  Band  7           : B_1      (freq = 0.505810, conf = 1.000)
  Band  8           : E        (freq = 0.517323, conf = 1.000)
  Band  9           : E        (freq = 0.517324, conf = 1.000)
  Band 10           : A_1      (freq = 0.671139, conf = 1.000)
==========================================================================================

==========================================================================================
EVALUATION #096 (Generation 03)
Parameters   : r1 = 0.230458, r2 = 0.393983
Cost         : 0.066930 | Dirac Freq: 0.682187 | Mapped to bands [6, 4, 5]
Connectivity : PASSED (Slab is continuous and unbroken across unit cell boundaries. (passes >=4px neck width constraint))
Top Band vg  : 0.000320 c (Band #6 at delta_k = 0.0010)
------------------------------------------------------------------------------------------
  Band  2           : A_2      (freq = 0.431867, conf = 1.000)
  Band  3           : B_2      (freq = 0.584782, conf = 1.000)
* Band  4 [Target #2]: E        (freq = 0.659358, conf = 1.000)
* Band  5 [Target #3]: E        (freq = 0.659362, conf = 1.000)
* Band  6 [Target #1]: A_2      (freq = 0.705017, conf = 1.000)
  Band  7           : E        (freq = 0.761902, conf = 1.000)
  Band  8           : E        (freq = 0.761916, conf = 1.000)
  Band  9           : B_2      (freq = 0.923332, conf = 1.000)
  Band 10           : B_1      (freq = 0.963980, conf = 1.000)
==========================================================================================

==========================================================================================
EVALUATION #097 (Generation 04)
Parameters   : r1 = 0.371083, r2 = 0.390858
Cost         : 1.000000 | Dirac Freq: 0.000000 | FAILED: Disconnected slab (Slab breaks unit cell continuity along X-axis (left-right), Y-axis (top-bottom) (connection is too narrow, <4px width))
Connectivity : FAILED (Slab breaks unit cell continuity along X-axis (left-right), Y-axis (top-bottom) (connection is too narrow, <4px width))
------------------------------------------------------------------------------------------
  No irrep map available.
==========================================================================================

==========================================================================================
EVALUATION #098 (Generation 04)
Parameters   : r1 = 0.352333, r2 = 0.359608
Cost         : 1.000000 | Dirac Freq: 0.000000 | FAILED: Disconnected slab (Slab breaks unit cell continuity along X-axis (left-right), Y-axis (top-bottom) (connection is too narrow, <4px width))
Connectivity : FAILED (Slab breaks unit cell continuity along X-axis (left-right), Y-axis (top-bottom) (connection is too narrow, <4px width))
------------------------------------------------------------------------------------------
  No irrep map available.
==========================================================================================

==========================================================================================
EVALUATION #099 (Generation 04)
Parameters   : r1 = 0.383583, r2 = 0.378358
Cost         : 1.000000 | Dirac Freq: 0.000000 | FAILED: Disconnected slab (Slab breaks unit cell continuity along X-axis (left-right), Y-axis (top-bottom) (connection is too narrow, <4px width))
Connectivity : FAILED (Slab breaks unit cell continuity along X-axis (left-right), Y-axis (top-bottom) (connection is too narrow, <4px width))
------------------------------------------------------------------------------------------
  No irrep map available.
==========================================================================================

==========================================================================================
EVALUATION #100 (Generation 04)
Parameters   : r1 = 0.289833, r2 = 0.372108
Cost         : 1.000000 | Dirac Freq: 0.000000 | FAILED: Disconnected slab (Slab breaks unit cell continuity along X-axis (left-right), Y-axis (top-bottom) (connection is too narrow, <4px width))
Connectivity : FAILED (Slab breaks unit cell continuity along X-axis (left-right), Y-axis (top-bottom) (connection is too narrow, <4px width))
------------------------------------------------------------------------------------------
  No irrep map available.
==========================================================================================

==========================================================================================
EVALUATION #101 (Generation 04)
Parameters   : r1 = 0.277333, r2 = 0.384608
Cost         : 1.000000 | Dirac Freq: 0.000000 | FAILED: Disconnected slab (Slab breaks unit cell continuity along X-axis (left-right), Y-axis (top-bottom) (connection is too narrow, <4px width))
Connectivity : FAILED (Slab breaks unit cell continuity along X-axis (left-right), Y-axis (top-bottom) (connection is too narrow, <4px width))
------------------------------------------------------------------------------------------
  No irrep map available.
==========================================================================================

==========================================================================================
EVALUATION #102 (Generation 04)
Parameters   : r1 = 0.377333, r2 = 0.284608
Cost         : 1.000000 | Dirac Freq: 0.000000 | FAILED: Disconnected slab (Slab breaks unit cell continuity along X-axis (left-right), Y-axis (top-bottom) (connection is too narrow, <4px width))
Connectivity : FAILED (Slab breaks unit cell continuity along X-axis (left-right), Y-axis (top-bottom) (connection is too narrow, <4px width))
------------------------------------------------------------------------------------------
  No irrep map available.
==========================================================================================

==========================================================================================
EVALUATION #103 (Generation 04)
Parameters   : r1 = 0.321083, r2 = 0.340858
Cost         : 1.000000 | Dirac Freq: 0.000000 | FAILED: Disconnected slab (Slab breaks unit cell continuity along X-axis (left-right), Y-axis (top-bottom) (connection is too narrow, <4px width))
Connectivity : FAILED (Slab breaks unit cell continuity along X-axis (left-right), Y-axis (top-bottom) (connection is too narrow, <4px width))
------------------------------------------------------------------------------------------
  No irrep map available.
==========================================================================================

==========================================================================================
EVALUATION #104 (Generation 04)
Parameters   : r1 = 0.358583, r2 = 0.303358
Cost         : 1.000000 | Dirac Freq: 0.000000 | FAILED: Disconnected slab (Slab breaks unit cell continuity along X-axis (left-right), Y-axis (top-bottom) (connection is too narrow, <4px width))
Connectivity : FAILED (Slab breaks unit cell continuity along X-axis (left-right), Y-axis (top-bottom) (connection is too narrow, <4px width))
------------------------------------------------------------------------------------------
  No irrep map available.
==========================================================================================

==========================================================================================
EVALUATION #105 (Generation 04)
Parameters   : r1 = 0.339833, r2 = 0.322108
Cost         : 1.000000 | Dirac Freq: 0.000000 | FAILED: Disconnected slab (Slab breaks unit cell continuity along X-axis (left-right), Y-axis (top-bottom) (connection is too narrow, <4px width))
Connectivity : FAILED (Slab breaks unit cell continuity along X-axis (left-right), Y-axis (top-bottom) (connection is too narrow, <4px width))
------------------------------------------------------------------------------------------
  No irrep map available.
==========================================================================================

==========================================================================================
EVALUATION #106 (Generation 04)
Parameters   : r1 = 0.396083, r2 = 0.315858
Cost         : 1.000000 | Dirac Freq: 0.000000 | FAILED: Disconnected slab (Slab breaks unit cell continuity along X-axis (left-right), Y-axis (top-bottom) (connection is too narrow, <4px width))
Connectivity : FAILED (Slab breaks unit cell continuity along X-axis (left-right), Y-axis (top-bottom) (connection is too narrow, <4px width))
------------------------------------------------------------------------------------------
  No irrep map available.
==========================================================================================

==========================================================================================
EVALUATION #107 (Generation 04)
Parameters   : r1 = 0.364833, r2 = 0.397108
Cost         : 1.000000 | Dirac Freq: 0.000000 | FAILED: Disconnected slab (Slab breaks unit cell continuity along X-axis (left-right), Y-axis (top-bottom) (connection is too narrow, <4px width))
Connectivity : FAILED (Slab breaks unit cell continuity along X-axis (left-right), Y-axis (top-bottom) (connection is too narrow, <4px width))
------------------------------------------------------------------------------------------
  No irrep map available.
==========================================================================================

==========================================================================================
EVALUATION #108 (Generation 04)
Parameters   : r1 = 0.389833, r2 = 0.272108
Cost         : 1.000000 | Dirac Freq: 0.000000 | FAILED: Disconnected slab (Slab breaks unit cell continuity along X-axis (left-right), Y-axis (top-bottom) (connection is too narrow, <4px width))
Connectivity : FAILED (Slab breaks unit cell continuity along X-axis (left-right), Y-axis (top-bottom) (connection is too narrow, <4px width))
------------------------------------------------------------------------------------------
  No irrep map available.
==========================================================================================

==========================================================================================
EVALUATION #109 (Generation 04)
Parameters   : r1 = 0.308583, r2 = 0.353358
Cost         : 1.000000 | Dirac Freq: 0.000000 | FAILED: Disconnected slab (Slab breaks unit cell continuity along X-axis (left-right), Y-axis (top-bottom) (connection is too narrow, <4px width))
Connectivity : FAILED (Slab breaks unit cell continuity along X-axis (left-right), Y-axis (top-bottom) (connection is too narrow, <4px width))
------------------------------------------------------------------------------------------
  No irrep map available.
==========================================================================================

==========================================================================================
EVALUATION #110 (Generation 04)
Parameters   : r1 = 0.208583, r2 = 0.253358
Cost         : 0.001832 | Dirac Freq: 0.466755 | Mapped to bands [6, 4, 5]
Connectivity : PASSED (Slab is continuous and unbroken across unit cell boundaries. (passes >=4px neck width constraint))
Top Band vg  : 0.000050 c (Band #6 at delta_k = 0.0010)
------------------------------------------------------------------------------------------
  Band  2           : A_2      (freq = 0.323206, conf = 1.000)
  Band  3           : B_2      (freq = 0.354794, conf = 1.000)
* Band  4 [Target #2]: E        (freq = 0.466328, conf = 1.000)
* Band  5 [Target #3]: E        (freq = 0.466330, conf = 1.000)
* Band  6 [Target #1]: A_2      (freq = 0.467183, conf = 1.000)
  Band  7           : E        (freq = 0.553566, conf = 1.000)
  Band  8           : E        (freq = 0.553567, conf = 1.000)
  Band  9           : B_1      (freq = 0.561569, conf = 1.000)
  Band 10           : A_1      (freq = 0.701027, conf = 1.000)
==========================================================================================

==========================================================================================
EVALUATION #111 (Generation 04)
Parameters   : r1 = 0.252333, r2 = 0.259608
Cost         : 0.071358 | Dirac Freq: 0.504610 | Mapped to bands [4, 5, 6]
Connectivity : PASSED (Slab is continuous and unbroken across unit cell boundaries. (passes >=4px neck width constraint))
Top Band vg  : 0.000063 c (Band #6 at delta_k = 0.0010)
------------------------------------------------------------------------------------------
  Band  2           : A_2      (freq = 0.340055, conf = 1.000)
  Band  3           : B_2      (freq = 0.382437, conf = 1.000)
* Band  4 [Target #1]: A_2      (freq = 0.486606, conf = 1.000)
* Band  5 [Target #2]: E        (freq = 0.522610, conf = 1.000)
* Band  6 [Target #3]: E        (freq = 0.522614, conf = 1.000)
  Band  7           : E        (freq = 0.589229, conf = 1.000)
  Band  8           : E        (freq = 0.589231, conf = 1.000)
  Band  9           : B_1      (freq = 0.635656, conf = 1.000)
  Band 10           : A_1      (freq = 0.740694, conf = 1.000)
==========================================================================================

==========================================================================================
EVALUATION #112 (Generation 04)
Parameters   : r1 = 0.302333, r2 = 0.309608
Cost         : 0.151027 | Dirac Freq: 0.605275 | Mapped to bands [4, 5, 6]
Connectivity : PASSED (Slab is continuous and unbroken across unit cell boundaries. (passes >=4px neck width constraint))
Top Band vg  : 0.000063 c (Band #6 at delta_k = 0.0010)
------------------------------------------------------------------------------------------
  Band  2           : A_2      (freq = 0.407759, conf = 1.000)
  Band  3           : B_2      (freq = 0.473366, conf = 1.000)
* Band  4 [Target #1]: A_2      (freq = 0.559569, conf = 1.000)
* Band  5 [Target #2]: E        (freq = 0.650982, conf = 1.000)
* Band  6 [Target #3]: E        (freq = 0.650982, conf = 1.000)
  Band  7           : E        (freq = 0.715538, conf = 1.000)
  Band  8           : E        (freq = 0.715542, conf = 1.000)
  Band  9           : B_1      (freq = 0.875728, conf = 1.000)
  Band 10           : A_1      (freq = 0.926171, conf = 1.000)
==========================================================================================

==========================================================================================
EVALUATION #113 (Generation 04)
Parameters   : r1 = 0.239833, r2 = 0.222108
Cost         : 0.007629 | Dirac Freq: 0.466391 | Mapped to bands [4, 5, 6]
Connectivity : PASSED (Slab is continuous and unbroken across unit cell boundaries. (passes >=4px neck width constraint))
Top Band vg  : 0.000086 c (Band #6 at delta_k = 0.0010)
------------------------------------------------------------------------------------------
  Band  2           : A_2      (freq = 0.322709, conf = 1.000)
  Band  3           : B_2      (freq = 0.352656, conf = 1.000)
* Band  4 [Target #1]: A_2      (freq = 0.464612, conf = 1.000)
* Band  5 [Target #2]: E        (freq = 0.468146, conf = 1.000)
* Band  6 [Target #3]: E        (freq = 0.468170, conf = 1.000)
  Band  7           : E        (freq = 0.548788, conf = 1.000)
  Band  8           : E        (freq = 0.548789, conf = 1.000)
  Band  9           : B_1      (freq = 0.559345, conf = 1.000)
  Band 10           : A_1      (freq = 0.697349, conf = 1.000)
==========================================================================================

==========================================================================================
EVALUATION #114 (Generation 04)
Parameters   : r1 = 0.264833, r2 = 0.297108
Cost         : 0.113527 | Dirac Freq: 0.550968 | Mapped to bands [4, 5, 6]
Connectivity : PASSED (Slab is continuous and unbroken across unit cell boundaries. (passes >=4px neck width constraint))
Top Band vg  : 0.000112 c (Band #6 at delta_k = 0.0010)
------------------------------------------------------------------------------------------
  Band  2           : A_2      (freq = 0.366155, conf = 1.000)
  Band  3           : B_2      (freq = 0.424537, conf = 1.000)
* Band  4 [Target #1]: A_2      (freq = 0.519693, conf = 1.000)
* Band  5 [Target #2]: E        (freq = 0.582237, conf = 1.000)
* Band  6 [Target #3]: E        (freq = 0.582243, conf = 1.000)
  Band  7           : E        (freq = 0.648898, conf = 1.000)
  Band  8           : E        (freq = 0.648900, conf = 1.000)
  Band  9           : B_1      (freq = 0.741009, conf = 1.000)
  Band 10           : A_1      (freq = 0.814431, conf = 1.000)
==========================================================================================

==========================================================================================
EVALUATION #115 (Generation 04)
Parameters   : r1 = 0.327333, r2 = 0.234608
Cost         : 0.053780 | Dirac Freq: 0.557068 | Mapped to bands [4, 5, 6]
Connectivity : PASSED (Slab is continuous and unbroken across unit cell boundaries. (passes >=4px neck width constraint))
Top Band vg  : 0.000262 c (Band #6 at delta_k = 0.0010)
------------------------------------------------------------------------------------------
  Band  2           : A_2      (freq = 0.367765, conf = 1.000)
  Band  3           : B_2      (freq = 0.441687, conf = 1.000)
* Band  4 [Target #1]: A_2      (freq = 0.542089, conf = 1.000)
* Band  5 [Target #2]: E        (freq = 0.572046, conf = 1.000)
* Band  6 [Target #3]: E        (freq = 0.572048, conf = 1.000)
  Band  7           : E        (freq = 0.669470, conf = 1.000)
  Band  8           : E        (freq = 0.669474, conf = 1.000)
  Band  9           : B_1      (freq = 0.753895, conf = 1.000)
  Band 10           : B_2      (freq = 0.828146, conf = 1.000)
==========================================================================================

==========================================================================================
EVALUATION #116 (Generation 04)
Parameters   : r1 = 0.283583, r2 = 0.278358
Cost         : 0.123793 | Dirac Freq: 0.551162 | Mapped to bands [4, 5, 6]
Connectivity : PASSED (Slab is continuous and unbroken across unit cell boundaries. (passes >=4px neck width constraint))
Top Band vg  : 0.000196 c (Band #6 at delta_k = 0.0010)
------------------------------------------------------------------------------------------
  Band  2           : A_2      (freq = 0.366011, conf = 1.000)
  Band  3           : B_2      (freq = 0.422057, conf = 1.000)
* Band  4 [Target #1]: A_2      (freq = 0.517047, conf = 1.000)
* Band  5 [Target #2]: E        (freq = 0.585274, conf = 1.000)
* Band  6 [Target #3]: E        (freq = 0.585277, conf = 1.000)
  Band  7           : E        (freq = 0.644474, conf = 1.000)
  Band  8           : E        (freq = 0.644476, conf = 1.000)
  Band  9           : B_1      (freq = 0.742484, conf = 1.000)
  Band 10           : A_1      (freq = 0.814512, conf = 1.000)
==========================================================================================

==========================================================================================
EVALUATION #117 (Generation 04)
Parameters   : r1 = 0.346083, r2 = 0.265858
Cost         : 0.089965 | Dirac Freq: 0.614672 | Mapped to bands [4, 5, 6]
Connectivity : PASSED (Slab is continuous and unbroken across unit cell boundaries. (passes >=4px neck width constraint))
Top Band vg  : 0.000189 c (Band #6 at delta_k = 0.0010)
------------------------------------------------------------------------------------------
  Band  2           : A_2      (freq = 0.408876, conf = 1.000)
  Band  3           : B_2      (freq = 0.493650, conf = 1.000)
* Band  4 [Target #1]: A_2      (freq = 0.587023, conf = 1.000)
* Band  5 [Target #2]: E        (freq = 0.642319, conf = 1.000)
* Band  6 [Target #3]: E        (freq = 0.642322, conf = 1.000)
  Band  7           : E        (freq = 0.726277, conf = 1.000)
  Band  8           : E        (freq = 0.726282, conf = 1.000)
  Band  9           : B_1      (freq = 0.890250, conf = 1.000)
  Band 10           : B_2      (freq = 0.930448, conf = 1.000)
==========================================================================================

==========================================================================================
EVALUATION #118 (Generation 04)
Parameters   : r1 = 0.202333, r2 = 0.209608
Cost         : 0.053438 | Dirac Freq: 0.435891 | Mapped to bands [6, 4, 5]
Connectivity : PASSED (Slab is continuous and unbroken across unit cell boundaries. (passes >=4px neck width constraint))
Top Band vg  : 0.000187 c (Band #6 at delta_k = 0.0010)
------------------------------------------------------------------------------------------
  Band  2           : A_2      (freq = 0.310630, conf = 1.000)
  Band  3           : B_2      (freq = 0.330230, conf = 1.000)
* Band  4 [Target #2]: E        (freq = 0.424245, conf = 1.000)
* Band  5 [Target #3]: E        (freq = 0.424250, conf = 1.000)
* Band  6 [Target #1]: A_2      (freq = 0.447538, conf = 1.000)
  Band  7           : B_1      (freq = 0.505504, conf = 1.000)
  Band  8           : E        (freq = 0.517125, conf = 1.000)
  Band  9           : E        (freq = 0.517127, conf = 1.000)
  Band 10           : A_1      (freq = 0.670813, conf = 1.000)
==========================================================================================

==========================================================================================
EVALUATION #119 (Generation 04)
Parameters   : r1 = 0.258583, r2 = 0.203358
Cost         : 0.008098 | Dirac Freq: 0.466878 | Mapped to bands [6, 4, 5]
Connectivity : PASSED (Slab is continuous and unbroken across unit cell boundaries. (passes >=4px neck width constraint))
Top Band vg  : 0.000105 c (Band #6 at delta_k = 0.0010)
------------------------------------------------------------------------------------------
  Band  2           : A_2      (freq = 0.323438, conf = 1.000)
  Band  3           : B_2      (freq = 0.356290, conf = 1.000)
* Band  4 [Target #2]: E        (freq = 0.464987, conf = 1.000)
* Band  5 [Target #3]: E        (freq = 0.464998, conf = 1.000)
* Band  6 [Target #1]: A_2      (freq = 0.468768, conf = 1.000)
  Band  7           : E        (freq = 0.556546, conf = 1.000)
  Band  8           : E        (freq = 0.556546, conf = 1.000)
  Band  9           : B_1      (freq = 0.561834, conf = 1.000)
  Band 10           : A_1      (freq = 0.702407, conf = 1.000)
==========================================================================================

==========================================================================================
EVALUATION #120 (Generation 04)
Parameters   : r1 = 0.227333, r2 = 0.334608
Cost         : 0.035217 | Dirac Freq: 0.560701 | Mapped to bands [4, 5, 6]
Connectivity : PASSED (Slab is continuous and unbroken across unit cell boundaries. (passes >=4px neck width constraint))
Top Band vg  : 0.000049 c (Band #6 at delta_k = 0.0010)
------------------------------------------------------------------------------------------
  Band  2           : A_2      (freq = 0.368555, conf = 1.000)
  Band  3           : B_2      (freq = 0.448159, conf = 1.000)
* Band  4 [Target #1]: A_2      (freq = 0.550828, conf = 1.000)
* Band  5 [Target #2]: E        (freq = 0.570565, conf = 1.000)
* Band  6 [Target #3]: E        (freq = 0.570574, conf = 1.000)
  Band  7           : E        (freq = 0.675124, conf = 1.000)
  Band  8           : E        (freq = 0.675126, conf = 1.000)
  Band  9           : B_1      (freq = 0.760087, conf = 1.000)
  Band 10           : B_2      (freq = 0.818159, conf = 1.000)
==========================================================================================

==========================================================================================
EVALUATION #121 (Generation 04)
Parameters   : r1 = 0.246083, r2 = 0.365858
Cost         : 0.028512 | Dirac Freq: 0.630305 | Mapped to bands [4, 5, 6]
Connectivity : PASSED (Slab is continuous and unbroken across unit cell boundaries. (passes >=4px neck width constraint))
Top Band vg  : 0.000260 c (Band #6 at delta_k = 0.0010)
------------------------------------------------------------------------------------------
  Band  2           : A_2      (freq = 0.411313, conf = 1.000)
  Band  3           : B_2      (freq = 0.519273, conf = 1.000)
* Band  4 [Target #1]: A_2      (freq = 0.621319, conf = 1.000)
* Band  5 [Target #2]: E        (freq = 0.639288, conf = 1.000)
* Band  6 [Target #3]: E        (freq = 0.639290, conf = 1.000)
  Band  7           : E        (freq = 0.735270, conf = 1.000)
  Band  8           : E        (freq = 0.735271, conf = 1.000)
  Band  9           : B_2      (freq = 0.902576, conf = 1.000)
  Band 10           : B_1      (freq = 0.909538, conf = 1.000)
==========================================================================================

==========================================================================================
EVALUATION #122 (Generation 04)
Parameters   : r1 = 0.296083, r2 = 0.215858
Cost         : 0.027055 | Dirac Freq: 0.506592 | Mapped to bands [4, 5, 6]
Connectivity : PASSED (Slab is continuous and unbroken across unit cell boundaries. (passes >=4px neck width constraint))
Top Band vg  : 0.000107 c (Band #6 at delta_k = 0.0010)
------------------------------------------------------------------------------------------
  Band  2           : A_2      (freq = 0.341597, conf = 1.000)
  Band  3           : B_2      (freq = 0.393172, conf = 1.000)
* Band  4 [Target #1]: A_2      (freq = 0.499739, conf = 1.000)
* Band  5 [Target #2]: E        (freq = 0.513440, conf = 1.000)
* Band  6 [Target #3]: E        (freq = 0.513445, conf = 1.000)
  Band  7           : E        (freq = 0.609706, conf = 1.000)
  Band  8           : E        (freq = 0.609710, conf = 1.000)
  Band  9           : B_1      (freq = 0.643782, conf = 1.000)
  Band 10           : A_1      (freq = 0.757469, conf = 1.000)
==========================================================================================

==========================================================================================
EVALUATION #123 (Generation 04)
Parameters   : r1 = 0.214833, r2 = 0.347108
Cost         : 0.001052 | Dirac Freq: 0.569375 | Mapped to bands [6, 4, 5]
Connectivity : PASSED (Slab is continuous and unbroken across unit cell boundaries. (passes >=4px neck width constraint))
Top Band vg  : 0.000518 c (Band #6 at delta_k = 0.0010)
------------------------------------------------------------------------------------------
  Band  2           : A_2      (freq = 0.370382, conf = 1.000)
  Band  3           : B_2      (freq = 0.462183, conf = 1.000)
* Band  4 [Target #2]: E        (freq = 0.569075, conf = 1.000)
* Band  5 [Target #3]: E        (freq = 0.569082, conf = 1.000)
* Band  6 [Target #1]: A_2      (freq = 0.569674, conf = 1.000)
  Band  7           : E        (freq = 0.683856, conf = 1.000)
  Band  8           : E        (freq = 0.683859, conf = 1.000)
  Band  9           : B_1      (freq = 0.770506, conf = 1.000)
  Band 10           : B_2      (freq = 0.806701, conf = 1.000)
==========================================================================================

==========================================================================================
EVALUATION #124 (Generation 04)
Parameters   : r1 = 0.271083, r2 = 0.290858
Cost         : 0.120038 | Dirac Freq: 0.550934 | Mapped to bands [4, 5, 6]
Connectivity : PASSED (Slab is continuous and unbroken across unit cell boundaries. (passes >=4px neck width constraint))
Top Band vg  : 0.000083 c (Band #6 at delta_k = 0.0010)
------------------------------------------------------------------------------------------
  Band  2           : A_2      (freq = 0.366009, conf = 1.000)
  Band  3           : B_2      (freq = 0.422866, conf = 1.000)
* Band  4 [Target #1]: A_2      (freq = 0.517868, conf = 1.000)
* Band  5 [Target #2]: E        (freq = 0.583996, conf = 1.000)
* Band  6 [Target #3]: E        (freq = 0.584001, conf = 1.000)
  Band  7           : E        (freq = 0.645932, conf = 1.000)
  Band  8           : E        (freq = 0.645934, conf = 1.000)
  Band  9           : B_1      (freq = 0.741320, conf = 1.000)
  Band 10           : A_1      (freq = 0.813666, conf = 1.000)
==========================================================================================

==========================================================================================
EVALUATION #125 (Generation 04)
Parameters   : r1 = 0.333583, r2 = 0.228358
Cost         : 0.037919 | Dirac Freq: 0.560082 | Mapped to bands [4, 5, 6]
Connectivity : PASSED (Slab is continuous and unbroken across unit cell boundaries. (passes >=4px neck width constraint))
Top Band vg  : 0.000049 c (Band #6 at delta_k = 0.0010)
------------------------------------------------------------------------------------------
  Band  2           : A_2      (freq = 0.368415, conf = 1.000)
  Band  3           : B_2      (freq = 0.447172, conf = 1.000)
* Band  4 [Target #1]: A_2      (freq = 0.549463, conf = 1.000)
* Band  5 [Target #2]: E        (freq = 0.570692, conf = 1.000)
* Band  6 [Target #3]: E        (freq = 0.570701, conf = 1.000)
  Band  7           : E        (freq = 0.674386, conf = 1.000)
  Band  8           : E        (freq = 0.674388, conf = 1.000)
  Band  9           : B_1      (freq = 0.759064, conf = 1.000)
  Band 10           : B_2      (freq = 0.819337, conf = 1.000)
==========================================================================================

==========================================================================================
EVALUATION #126 (Generation 04)
Parameters   : r1 = 0.314833, r2 = 0.247108
Cost         : 0.083291 | Dirac Freq: 0.553496 | Mapped to bands [4, 5, 6]
Connectivity : PASSED (Slab is continuous and unbroken across unit cell boundaries. (passes >=4px neck width constraint))
Top Band vg  : 0.000077 c (Band #6 at delta_k = 0.0010)
------------------------------------------------------------------------------------------
  Band  2           : A_2      (freq = 0.366828, conf = 1.000)
  Band  3           : B_2      (freq = 0.432251, conf = 1.000)
* Band  4 [Target #1]: A_2      (freq = 0.530445, conf = 1.000)
* Band  5 [Target #2]: E        (freq = 0.576541, conf = 1.000)
* Band  6 [Target #3]: E        (freq = 0.576546, conf = 1.000)
  Band  7           : E        (freq = 0.659700, conf = 1.000)
  Band  8           : E        (freq = 0.659701, conf = 1.000)
  Band  9           : B_1      (freq = 0.750197, conf = 1.000)
  Band 10           : A_1      (freq = 0.829660, conf = 1.000)
==========================================================================================

==========================================================================================
EVALUATION #127 (Generation 04)
Parameters   : r1 = 0.233583, r2 = 0.328358
Cost         : 0.051023 | Dirac Freq: 0.557416 | Mapped to bands [4, 5, 6]
Connectivity : PASSED (Slab is continuous and unbroken across unit cell boundaries. (passes >=4px neck width constraint))
Top Band vg  : 0.000253 c (Band #6 at delta_k = 0.0010)
------------------------------------------------------------------------------------------
  Band  2           : A_2      (freq = 0.367842, conf = 1.000)
  Band  3           : B_2      (freq = 0.442567, conf = 1.000)
* Band  4 [Target #1]: A_2      (freq = 0.543196, conf = 1.000)
* Band  5 [Target #2]: E        (freq = 0.571636, conf = 1.000)
* Band  6 [Target #3]: E        (freq = 0.571637, conf = 1.000)
  Band  7           : E        (freq = 0.670395, conf = 1.000)
  Band  8           : E        (freq = 0.670397, conf = 1.000)
  Band  9           : B_1      (freq = 0.754444, conf = 1.000)
  Band 10           : B_2      (freq = 0.826493, conf = 1.000)
==========================================================================================

==========================================================================================
EVALUATION #128 (Generation 04)
Parameters   : r1 = 0.221083, r2 = 0.240858
Cost         : 0.007208 | Dirac Freq: 0.466410 | Mapped to bands [4, 5, 6]
Connectivity : PASSED (Slab is continuous and unbroken across unit cell boundaries. (passes >=4px neck width constraint))
Top Band vg  : 0.000083 c (Band #6 at delta_k = 0.0010)
------------------------------------------------------------------------------------------
  Band  2           : A_2      (freq = 0.322727, conf = 1.000)
  Band  3           : B_2      (freq = 0.352744, conf = 1.000)
* Band  4 [Target #1]: A_2      (freq = 0.464729, conf = 1.000)
* Band  5 [Target #2]: E        (freq = 0.468067, conf = 1.000)
* Band  6 [Target #3]: E        (freq = 0.468091, conf = 1.000)
  Band  7           : E        (freq = 0.549022, conf = 1.000)
  Band  8           : E        (freq = 0.549023, conf = 1.000)
  Band  9           : B_1      (freq = 0.559503, conf = 1.000)
  Band 10           : A_1      (freq = 0.697661, conf = 1.000)
==========================================================================================

==========================================================================================
EVALUATION #129 (Generation 05)
Parameters   : r1 = 0.396865, r2 = 0.374451
Cost         : 1.000000 | Dirac Freq: 0.000000 | FAILED: Disconnected slab (Slab breaks unit cell continuity along X-axis (left-right), Y-axis (top-bottom) (connection is too narrow, <4px width))
Connectivity : FAILED (Slab breaks unit cell continuity along X-axis (left-right), Y-axis (top-bottom) (connection is too narrow, <4px width))
------------------------------------------------------------------------------------------
  No irrep map available.
==========================================================================================

==========================================================================================
EVALUATION #130 (Generation 05)
Parameters   : r1 = 0.309365, r2 = 0.336951
Cost         : 1.000000 | Dirac Freq: 0.000000 | FAILED: Disconnected slab (Slab breaks unit cell continuity along X-axis (left-right), Y-axis (top-bottom) (connection is too narrow, <4px width))
Connectivity : FAILED (Slab breaks unit cell continuity along X-axis (left-right), Y-axis (top-bottom) (connection is too narrow, <4px width))
------------------------------------------------------------------------------------------
  No irrep map available.
==========================================================================================

==========================================================================================
EVALUATION #131 (Generation 05)
Parameters   : r1 = 0.359365, r2 = 0.386951
Cost         : 1.000000 | Dirac Freq: 0.000000 | FAILED: Disconnected slab (Slab breaks unit cell continuity along X-axis (left-right), Y-axis (top-bottom) (connection is too narrow, <4px width))
Connectivity : FAILED (Slab breaks unit cell continuity along X-axis (left-right), Y-axis (top-bottom) (connection is too narrow, <4px width))
------------------------------------------------------------------------------------------
  No irrep map available.
==========================================================================================

==========================================================================================
EVALUATION #132 (Generation 05)
Parameters   : r1 = 0.321865, r2 = 0.349451
Cost         : 1.000000 | Dirac Freq: 0.000000 | FAILED: Disconnected slab (Slab breaks unit cell continuity along X-axis (left-right), Y-axis (top-bottom) (connection is too narrow, <4px width))
Connectivity : FAILED (Slab breaks unit cell continuity along X-axis (left-right), Y-axis (top-bottom) (connection is too narrow, <4px width))
------------------------------------------------------------------------------------------
  No irrep map available.
==========================================================================================

==========================================================================================
EVALUATION #133 (Generation 05)
Parameters   : r1 = 0.384365, r2 = 0.311951
Cost         : 1.000000 | Dirac Freq: 0.000000 | FAILED: Disconnected slab (Slab breaks unit cell continuity along X-axis (left-right), Y-axis (top-bottom) (connection is too narrow, <4px width))
Connectivity : FAILED (Slab breaks unit cell continuity along X-axis (left-right), Y-axis (top-bottom) (connection is too narrow, <4px width))
------------------------------------------------------------------------------------------
  No irrep map available.
==========================================================================================

==========================================================================================
EVALUATION #134 (Generation 05)
Parameters   : r1 = 0.365615, r2 = 0.293201
Cost         : 1.000000 | Dirac Freq: 0.000000 | FAILED: Disconnected slab (Slab breaks unit cell continuity along X-axis (left-right), Y-axis (top-bottom) (connection is too narrow, <4px width))
Connectivity : FAILED (Slab breaks unit cell continuity along X-axis (left-right), Y-axis (top-bottom) (connection is too narrow, <4px width))
------------------------------------------------------------------------------------------
  No irrep map available.
==========================================================================================

==========================================================================================
EVALUATION #135 (Generation 05)
Parameters   : r1 = 0.340615, r2 = 0.368201
Cost         : 1.000000 | Dirac Freq: 0.000000 | FAILED: Disconnected slab (Slab breaks unit cell continuity along X-axis (left-right), Y-axis (top-bottom) (connection is too narrow, <4px width))
Connectivity : FAILED (Slab breaks unit cell continuity along X-axis (left-right), Y-axis (top-bottom) (connection is too narrow, <4px width))
------------------------------------------------------------------------------------------
  No irrep map available.
==========================================================================================

==========================================================================================
EVALUATION #136 (Generation 05)
Parameters   : r1 = 0.271865, r2 = 0.399451
Cost         : 1.000000 | Dirac Freq: 0.000000 | FAILED: Disconnected slab (Slab breaks unit cell continuity along X-axis (left-right), Y-axis (top-bottom) (connection is too narrow, <4px width))
Connectivity : FAILED (Slab breaks unit cell continuity along X-axis (left-right), Y-axis (top-bottom) (connection is too narrow, <4px width))
------------------------------------------------------------------------------------------
  No irrep map available.
==========================================================================================

==========================================================================================
EVALUATION #137 (Generation 05)
Parameters   : r1 = 0.303115, r2 = 0.380701
Cost         : 1.000000 | Dirac Freq: 0.000000 | FAILED: Disconnected slab (Slab breaks unit cell continuity along X-axis (left-right), Y-axis (top-bottom) (connection is too narrow, <4px width))
Connectivity : FAILED (Slab breaks unit cell continuity along X-axis (left-right), Y-axis (top-bottom) (connection is too narrow, <4px width))
------------------------------------------------------------------------------------------
  No irrep map available.
==========================================================================================

==========================================================================================
EVALUATION #138 (Generation 05)
Parameters   : r1 = 0.371865, r2 = 0.299451
Cost         : 1.000000 | Dirac Freq: 0.000000 | FAILED: Disconnected slab (Slab breaks unit cell continuity along X-axis (left-right), Y-axis (top-bottom) (connection is too narrow, <4px width))
Connectivity : FAILED (Slab breaks unit cell continuity along X-axis (left-right), Y-axis (top-bottom) (connection is too narrow, <4px width))
------------------------------------------------------------------------------------------
  No irrep map available.
==========================================================================================

==========================================================================================
EVALUATION #139 (Generation 05)
Parameters   : r1 = 0.353115, r2 = 0.330701
Cost         : 1.000000 | Dirac Freq: 0.000000 | FAILED: Disconnected slab (Slab breaks unit cell continuity along X-axis (left-right), Y-axis (top-bottom) (connection is too narrow, <4px width))
Connectivity : FAILED (Slab breaks unit cell continuity along X-axis (left-right), Y-axis (top-bottom) (connection is too narrow, <4px width))
------------------------------------------------------------------------------------------
  No irrep map available.
==========================================================================================

==========================================================================================
EVALUATION #140 (Generation 05)
Parameters   : r1 = 0.265615, r2 = 0.393201
Cost         : 1.000000 | Dirac Freq: 0.000000 | FAILED: Disconnected slab (Slab breaks unit cell continuity along X-axis (left-right), Y-axis (top-bottom) (connection is too narrow, <4px width))
Connectivity : FAILED (Slab breaks unit cell continuity along X-axis (left-right), Y-axis (top-bottom) (connection is too narrow, <4px width))
------------------------------------------------------------------------------------------
  No irrep map available.
==========================================================================================

==========================================================================================
EVALUATION #141 (Generation 05)
Parameters   : r1 = 0.259365, r2 = 0.286951
Cost         : 0.101940 | Dirac Freq: 0.535748 | Mapped to bands [4, 5, 6]
Connectivity : PASSED (Slab is continuous and unbroken across unit cell boundaries. (passes >=4px neck width constraint))
Top Band vg  : 0.000078 c (Band #6 at delta_k = 0.0010)
------------------------------------------------------------------------------------------
  Band  2           : A_2      (freq = 0.356709, conf = 1.000)
  Band  3           : B_2      (freq = 0.410144, conf = 1.000)
* Band  4 [Target #1]: A_2      (freq = 0.508441, conf = 1.000)
* Band  5 [Target #2]: E        (freq = 0.563028, conf = 1.000)
* Band  6 [Target #3]: E        (freq = 0.563055, conf = 1.000)
  Band  7           : E        (freq = 0.628452, conf = 1.000)
  Band  8           : E        (freq = 0.628457, conf = 1.000)
  Band  9           : B_1      (freq = 0.705762, conf = 1.000)
  Band 10           : A_1      (freq = 0.788644, conf = 1.000)
==========================================================================================

==========================================================================================
EVALUATION #142 (Generation 05)
Parameters   : r1 = 0.284365, r2 = 0.211951
Cost         : 0.018841 | Dirac Freq: 0.493235 | Mapped to bands [4, 5, 6]
Connectivity : PASSED (Slab is continuous and unbroken across unit cell boundaries. (passes >=4px neck width constraint))
Top Band vg  : 0.000078 c (Band #6 at delta_k = 0.0010)
------------------------------------------------------------------------------------------
  Band  2           : A_2      (freq = 0.335178, conf = 1.000)
  Band  3           : B_2      (freq = 0.380007, conf = 1.000)
* Band  4 [Target #1]: A_2      (freq = 0.488588, conf = 1.000)
* Band  5 [Target #2]: E        (freq = 0.497865, conf = 1.000)
* Band  6 [Target #3]: E        (freq = 0.497881, conf = 1.000)
  Band  7           : E        (freq = 0.591106, conf = 1.000)
  Band  8           : E        (freq = 0.591110, conf = 1.000)
  Band  9           : B_1      (freq = 0.615572, conf = 1.000)
  Band 10           : A_1      (freq = 0.738096, conf = 1.000)
==========================================================================================

==========================================================================================
EVALUATION #143 (Generation 05)
Parameters   : r1 = 0.334365, r2 = 0.261951
Cost         : 0.096796 | Dirac Freq: 0.592772 | Mapped to bands [4, 5, 6]
Connectivity : PASSED (Slab is continuous and unbroken across unit cell boundaries. (passes >=4px neck width constraint))
Top Band vg  : 0.000077 c (Band #6 at delta_k = 0.0010)
------------------------------------------------------------------------------------------
  Band  2           : A_2      (freq = 0.392989, conf = 1.000)
  Band  3           : B_2      (freq = 0.470670, conf = 1.000)
* Band  4 [Target #1]: A_2      (freq = 0.564083, conf = 1.000)
* Band  5 [Target #2]: E        (freq = 0.621429, conf = 1.000)
* Band  6 [Target #3]: E        (freq = 0.621461, conf = 1.000)
  Band  7           : E        (freq = 0.705067, conf = 1.000)
  Band  8           : E        (freq = 0.705087, conf = 1.000)
  Band  9           : B_1      (freq = 0.841377, conf = 1.000)
  Band 10           : B_2      (freq = 0.902096, conf = 1.000)
==========================================================================================

==========================================================================================
EVALUATION #144 (Generation 05)
Parameters   : r1 = 0.228115, r2 = 0.355701
Cost         : 0.011906 | Dirac Freq: 0.594928 | Mapped to bands [4, 5, 6]
Connectivity : PASSED (Slab is continuous and unbroken across unit cell boundaries. (passes >=4px neck width constraint))
Top Band vg  : 0.000082 c (Band #6 at delta_k = 0.0010)
------------------------------------------------------------------------------------------
  Band  2           : A_2      (freq = 0.385579, conf = 1.000)
  Band  3           : B_2      (freq = 0.486350, conf = 1.000)
* Band  4 [Target #1]: A_2      (freq = 0.591386, conf = 1.000)
* Band  5 [Target #2]: E        (freq = 0.598464, conf = 1.000)
* Band  6 [Target #3]: E        (freq = 0.598469, conf = 1.000)
  Band  7           : E        (freq = 0.705615, conf = 1.000)
  Band  8           : E        (freq = 0.705625, conf = 1.000)
  Band  9           : B_1      (freq = 0.826771, conf = 1.000)
  Band 10           : B_2      (freq = 0.844852, conf = 1.000)
==========================================================================================

==========================================================================================
EVALUATION #145 (Generation 05)
Parameters   : r1 = 0.346865, r2 = 0.224451
Cost         : 0.017296 | Dirac Freq: 0.577003 | Mapped to bands [4, 5, 6]
Connectivity : PASSED (Slab is continuous and unbroken across unit cell boundaries. (passes >=4px neck width constraint))
Top Band vg  : 0.000093 c (Band #6 at delta_k = 0.0010)
------------------------------------------------------------------------------------------
  Band  2           : A_2      (freq = 0.375833, conf = 1.000)
  Band  3           : B_2      (freq = 0.467095, conf = 1.000)
* Band  4 [Target #1]: A_2      (freq = 0.572013, conf = 1.000)
* Band  5 [Target #2]: E        (freq = 0.581989, conf = 1.000)
* Band  6 [Target #3]: E        (freq = 0.581993, conf = 1.000)
  Band  7           : E        (freq = 0.690325, conf = 1.000)
  Band  8           : E        (freq = 0.690328, conf = 1.000)
  Band  9           : B_1      (freq = 0.791087, conf = 1.000)
  Band 10           : B_2      (freq = 0.826212, conf = 1.000)
==========================================================================================

==========================================================================================
EVALUATION #146 (Generation 05)
Parameters   : r1 = 0.246865, r2 = 0.324451
Cost         : 0.077498 | Dirac Freq: 0.564697 | Mapped to bands [4, 5, 6]
Connectivity : PASSED (Slab is continuous and unbroken across unit cell boundaries. (passes >=4px neck width constraint))
Top Band vg  : 0.000133 c (Band #6 at delta_k = 0.0010)
------------------------------------------------------------------------------------------
  Band  2           : A_2      (freq = 0.373420, conf = 1.000)
  Band  3           : B_2      (freq = 0.445151, conf = 1.000)
* Band  4 [Target #1]: A_2      (freq = 0.542816, conf = 1.000)
* Band  5 [Target #2]: E        (freq = 0.586577, conf = 1.000)
* Band  6 [Target #3]: E        (freq = 0.586579, conf = 1.000)
  Band  7           : E        (freq = 0.675167, conf = 1.000)
  Band  8           : E        (freq = 0.675171, conf = 1.000)
  Band  9           : B_1      (freq = 0.775836, conf = 1.000)
  Band 10           : A_1      (freq = 0.852640, conf = 0.926)
==========================================================================================

==========================================================================================
EVALUATION #147 (Generation 05)
Parameters   : r1 = 0.234365, r2 = 0.361951
Cost         : 0.015053 | Dirac Freq: 0.611695 | Mapped to bands [4, 5, 6]
Connectivity : PASSED (Slab is continuous and unbroken across unit cell boundaries. (passes >=4px neck width constraint))
Top Band vg  : 0.000182 c (Band #6 at delta_k = 0.0010)
------------------------------------------------------------------------------------------
  Band  2           : A_2      (freq = 0.396301, conf = 1.000)
  Band  3           : B_2      (freq = 0.503035, conf = 1.000)
* Band  4 [Target #1]: A_2      (freq = 0.607091, conf = 1.000)
* Band  5 [Target #2]: E        (freq = 0.616290, conf = 1.000)
* Band  6 [Target #3]: E        (freq = 0.616299, conf = 1.000)
  Band  7           : E        (freq = 0.719090, conf = 1.000)
  Band  8           : E        (freq = 0.719105, conf = 1.000)
  Band  9           : B_1      (freq = 0.861933, conf = 1.000)
  Band 10           : B_2      (freq = 0.867727, conf = 1.000)
==========================================================================================

==========================================================================================
EVALUATION #148 (Generation 05)
Parameters   : r1 = 0.203115, r2 = 0.280701
Cost         : 0.001333 | Dirac Freq: 0.483764 | Mapped to bands [4, 5, 6]
Connectivity : PASSED (Slab is continuous and unbroken across unit cell boundaries. (passes >=4px neck width constraint))
Top Band vg  : 0.000120 c (Band #6 at delta_k = 0.0010)
------------------------------------------------------------------------------------------
  Band  2           : A_2      (freq = 0.330995, conf = 1.000)
  Band  3           : B_2      (freq = 0.373001, conf = 1.000)
* Band  4 [Target #1]: A_2      (freq = 0.483441, conf = 1.000)
* Band  5 [Target #2]: E        (freq = 0.484081, conf = 1.000)
* Band  6 [Target #3]: E        (freq = 0.484086, conf = 1.000)
  Band  7           : E        (freq = 0.581804, conf = 1.000)
  Band  8           : E        (freq = 0.581805, conf = 1.000)
  Band  9           : B_1      (freq = 0.595891, conf = 1.000)
  Band 10           : A_1      (freq = 0.727151, conf = 1.000)
==========================================================================================

==========================================================================================
EVALUATION #149 (Generation 05)
Parameters   : r1 = 0.390615, r2 = 0.218201
Cost         : 0.075877 | Dirac Freq: 0.662793 | Mapped to bands [6, 4, 5]
Connectivity : PASSED (Slab is continuous and unbroken across unit cell boundaries. (passes >=4px neck width constraint))
Top Band vg  : 0.000325 c (Band #6 at delta_k = 0.0010)
------------------------------------------------------------------------------------------
  Band  2           : A_2      (freq = 0.414459, conf = 1.000)
  Band  3           : B_2      (freq = 0.566206, conf = 1.000)
* Band  4 [Target #2]: E        (freq = 0.637647, conf = 1.000)
* Band  5 [Target #3]: E        (freq = 0.637650, conf = 1.000)
* Band  6 [Target #1]: A_2      (freq = 0.687938, conf = 1.000)
  Band  7           : E        (freq = 0.744840, conf = 1.000)
  Band  8           : E        (freq = 0.744847, conf = 1.000)
  Band  9           : B_2      (freq = 0.886090, conf = 1.000)
  Band 10           : B_1      (freq = 0.921954, conf = 1.000)
==========================================================================================

==========================================================================================
EVALUATION #150 (Generation 05)
Parameters   : r1 = 0.215615, r2 = 0.343201
Cost         : 0.004917 | Dirac Freq: 0.563918 | Mapped to bands [4, 5, 6]
Connectivity : PASSED (Slab is continuous and unbroken across unit cell boundaries. (passes >=4px neck width constraint))
Top Band vg  : 0.000162 c (Band #6 at delta_k = 0.0010)
------------------------------------------------------------------------------------------
  Band  2           : A_2      (freq = 0.368055, conf = 1.000)
  Band  3           : B_2      (freq = 0.455794, conf = 1.000)
* Band  4 [Target #1]: A_2      (freq = 0.562531, conf = 1.000)
* Band  5 [Target #2]: E        (freq = 0.565300, conf = 1.000)
* Band  6 [Target #3]: E        (freq = 0.565304, conf = 1.000)
  Band  7           : E        (freq = 0.679040, conf = 1.000)
  Band  8           : E        (freq = 0.679044, conf = 1.000)
  Band  9           : B_1      (freq = 0.760818, conf = 1.000)
  Band 10           : B_2      (freq = 0.803780, conf = 1.000)
==========================================================================================

==========================================================================================
EVALUATION #151 (Generation 05)
Parameters   : r1 = 0.253115, r2 = 0.230701
Cost         : 0.033888 | Dirac Freq: 0.482209 | Mapped to bands [4, 5, 6]
Connectivity : PASSED (Slab is continuous and unbroken across unit cell boundaries. (passes >=4px neck width constraint))
Top Band vg  : 0.000063 c (Band #6 at delta_k = 0.0010)
------------------------------------------------------------------------------------------
  Band  2           : A_2      (freq = 0.329609, conf = 1.000)
  Band  3           : B_2      (freq = 0.365097, conf = 1.000)
* Band  4 [Target #1]: A_2      (freq = 0.474039, conf = 1.000)
* Band  5 [Target #2]: E        (freq = 0.490376, conf = 1.000)
* Band  6 [Target #3]: E        (freq = 0.490380, conf = 1.000)
  Band  7           : E        (freq = 0.565899, conf = 1.000)
  Band  8           : E        (freq = 0.565900, conf = 1.000)
  Band  9           : B_1      (freq = 0.589856, conf = 1.000)
  Band 10           : A_1      (freq = 0.713982, conf = 1.000)
==========================================================================================

==========================================================================================
EVALUATION #152 (Generation 05)
Parameters   : r1 = 0.209365, r2 = 0.236951
Cost         : 0.014201 | Dirac Freq: 0.456102 | Mapped to bands [6, 4, 5]
Connectivity : PASSED (Slab is continuous and unbroken across unit cell boundaries. (passes >=4px neck width constraint))
Top Band vg  : 0.000194 c (Band #6 at delta_k = 0.0010)
------------------------------------------------------------------------------------------
  Band  2           : A_2      (freq = 0.318615, conf = 1.000)
  Band  3           : B_2      (freq = 0.345493, conf = 1.000)
* Band  4 [Target #2]: E        (freq = 0.452863, conf = 1.000)
* Band  5 [Target #3]: E        (freq = 0.452889, conf = 1.000)
* Band  6 [Target #1]: A_2      (freq = 0.459340, conf = 1.000)
  Band  7           : E        (freq = 0.539524, conf = 0.999)
  Band  8           : E        (freq = 0.539527, conf = 1.000)
  Band  9           : B_1      (freq = 0.540819, conf = 0.999)
  Band 10           : A_1      (freq = 0.688407, conf = 1.000)
==========================================================================================

==========================================================================================
EVALUATION #153 (Generation 05)
Parameters   : r1 = 0.278115, r2 = 0.305701
Cost         : 0.132294 | Dirac Freq: 0.574121 | Mapped to bands [4, 5, 6]
Connectivity : PASSED (Slab is continuous and unbroken across unit cell boundaries. (passes >=4px neck width constraint))
Top Band vg  : 0.000072 c (Band #6 at delta_k = 0.0010)
------------------------------------------------------------------------------------------
  Band  2           : A_2      (freq = 0.381664, conf = 1.000)
  Band  3           : B_2      (freq = 0.444682, conf = 1.000)
* Band  4 [Target #1]: A_2      (freq = 0.536145, conf = 1.000)
* Band  5 [Target #2]: E        (freq = 0.612063, conf = 1.000)
* Band  6 [Target #3]: E        (freq = 0.612098, conf = 1.000)
  Band  7           : E        (freq = 0.676563, conf = 1.000)
  Band  8           : E        (freq = 0.676569, conf = 1.000)
  Band  9           : B_1      (freq = 0.799587, conf = 1.000)
  Band 10           : A_1      (freq = 0.861234, conf = 1.000)
==========================================================================================

==========================================================================================
EVALUATION #154 (Generation 05)
Parameters   : r1 = 0.221865, r2 = 0.249451
Cost         : 0.016495 | Dirac Freq: 0.473050 | Mapped to bands [4, 5, 6]
Connectivity : PASSED (Slab is continuous and unbroken across unit cell boundaries. (passes >=4px neck width constraint))
Top Band vg  : 0.000058 c (Band #6 at delta_k = 0.0010)
------------------------------------------------------------------------------------------
  Band  2           : A_2      (freq = 0.325615, conf = 1.000)
  Band  3           : B_2      (freq = 0.358173, conf = 1.000)
* Band  4 [Target #1]: A_2      (freq = 0.469149, conf = 1.000)
* Band  5 [Target #2]: E        (freq = 0.476946, conf = 1.000)
* Band  6 [Target #3]: E        (freq = 0.476952, conf = 1.000)
  Band  7           : E        (freq = 0.556782, conf = 1.000)
  Band  8           : E        (freq = 0.556783, conf = 1.000)
  Band  9           : B_1      (freq = 0.572584, conf = 1.000)
  Band 10           : A_1      (freq = 0.705036, conf = 1.000)
==========================================================================================

==========================================================================================
EVALUATION #155 (Generation 05)
Parameters   : r1 = 0.296865, r2 = 0.274451
Cost         : 0.126258 | Dirac Freq: 0.560528 | Mapped to bands [4, 5, 6]
Connectivity : PASSED (Slab is continuous and unbroken across unit cell boundaries. (passes >=4px neck width constraint))
Top Band vg  : 0.000135 c (Band #6 at delta_k = 0.0010)
------------------------------------------------------------------------------------------
  Band  2           : A_2      (freq = 0.372392, conf = 1.000)
  Band  3           : B_2      (freq = 0.431943, conf = 1.000)
* Band  4 [Target #1]: A_2      (freq = 0.525143, conf = 1.000)
* Band  5 [Target #2]: E        (freq = 0.595909, conf = 1.000)
* Band  6 [Target #3]: E        (freq = 0.595914, conf = 1.000)
  Band  7           : E        (freq = 0.658984, conf = 1.000)
  Band  8           : E        (freq = 0.658989, conf = 1.000)
  Band  9           : B_1      (freq = 0.764810, conf = 1.000)
  Band 10           : A_1      (freq = 0.831889, conf = 1.000)
==========================================================================================

==========================================================================================
EVALUATION #156 (Generation 05)
Parameters   : r1 = 0.240615, r2 = 0.268201
Cost         : 0.063097 | Dirac Freq: 0.501815 | Mapped to bands [4, 5, 6]
Connectivity : PASSED (Slab is continuous and unbroken across unit cell boundaries. (passes >=4px neck width constraint))
Top Band vg  : 0.000104 c (Band #6 at delta_k = 0.0010)
------------------------------------------------------------------------------------------
  Band  2           : A_2      (freq = 0.338892, conf = 1.000)
  Band  3           : B_2      (freq = 0.381394, conf = 1.000)
* Band  4 [Target #1]: A_2      (freq = 0.485983, conf = 1.000)
* Band  5 [Target #2]: E        (freq = 0.517625, conf = 1.000)
* Band  6 [Target #3]: E        (freq = 0.517646, conf = 1.000)
  Band  7           : E        (freq = 0.589258, conf = 1.000)
  Band  8           : E        (freq = 0.589261, conf = 1.000)
  Band  9           : B_1      (freq = 0.630220, conf = 1.000)
  Band 10           : A_1      (freq = 0.738866, conf = 1.000)
==========================================================================================

==========================================================================================
EVALUATION #157 (Generation 05)
Parameters   : r1 = 0.378115, r2 = 0.205701
Cost         : 0.064380 | Dirac Freq: 0.622030 | Mapped to bands [6, 4, 5]
Connectivity : PASSED (Slab is continuous and unbroken across unit cell boundaries. (passes >=4px neck width constraint))
Top Band vg  : 0.000335 c (Band #6 at delta_k = 0.0010)
------------------------------------------------------------------------------------------
  Band  2           : A_2      (freq = 0.390742, conf = 1.000)
  Band  3           : B_2      (freq = 0.523535, conf = 1.000)
* Band  4 [Target #2]: E        (freq = 0.602007, conf = 1.000)
* Band  5 [Target #3]: E        (freq = 0.602019, conf = 1.000)
* Band  6 [Target #1]: A_2      (freq = 0.642053, conf = 1.000)
  Band  7           : E        (freq = 0.717989, conf = 1.000)
  Band  8           : E        (freq = 0.717997, conf = 1.000)
  Band  9           : B_2      (freq = 0.834966, conf = 1.000)
  Band 10           : B_1      (freq = 0.846004, conf = 1.000)
==========================================================================================

==========================================================================================
EVALUATION #158 (Generation 05)
Parameters   : r1 = 0.290615, r2 = 0.318201
Cost         : 0.140471 | Dirac Freq: 0.602450 | Mapped to bands [4, 5, 6]
Connectivity : PASSED (Slab is continuous and unbroken across unit cell boundaries. (passes >=4px neck width constraint))
Top Band vg  : 0.000117 c (Band #6 at delta_k = 0.0010)
------------------------------------------------------------------------------------------
  Band  2           : A_2      (freq = 0.404451, conf = 1.000)
  Band  3           : B_2      (freq = 0.472286, conf = 1.000)
* Band  4 [Target #1]: A_2      (freq = 0.560137, conf = 1.000)
* Band  5 [Target #2]: E        (freq = 0.644760, conf = 1.000)
* Band  6 [Target #3]: E        (freq = 0.644764, conf = 1.000)
  Band  7           : E        (freq = 0.712021, conf = 1.000)
  Band  8           : E        (freq = 0.712023, conf = 1.000)
  Band  9           : B_1      (freq = 0.866916, conf = 1.000)
  Band 10           : A_1      (freq = 0.918388, conf = 1.000)
==========================================================================================

==========================================================================================
EVALUATION #159 (Generation 05)
Parameters   : r1 = 0.328115, r2 = 0.255701
Cost         : 0.089903 | Dirac Freq: 0.577888 | Mapped to bands [4, 5, 6]
Connectivity : PASSED (Slab is continuous and unbroken across unit cell boundaries. (passes >=4px neck width constraint))
Top Band vg  : 0.000079 c (Band #6 at delta_k = 0.0010)
------------------------------------------------------------------------------------------
  Band  2           : A_2      (freq = 0.382533, conf = 1.000)
  Band  3           : B_2      (freq = 0.456807, conf = 1.000)
* Band  4 [Target #1]: A_2      (freq = 0.551911, conf = 1.000)
* Band  5 [Target #2]: E        (freq = 0.603851, conf = 1.000)
* Band  6 [Target #3]: E        (freq = 0.603865, conf = 1.000)
  Band  7           : E        (freq = 0.689551, conf = 1.000)
  Band  8           : E        (freq = 0.689564, conf = 1.000)
  Band  9           : B_1      (freq = 0.806830, conf = 1.000)
  Band 10           : A_1      (freq = 0.876086, conf = 1.000)
==========================================================================================

==========================================================================================
EVALUATION #160 (Generation 05)
Parameters   : r1 = 0.315615, r2 = 0.243201
Cost         : 0.076356 | Dirac Freq: 0.550765 | Mapped to bands [4, 5, 6]
Connectivity : PASSED (Slab is continuous and unbroken across unit cell boundaries. (passes >=4px neck width constraint))
Top Band vg  : 0.000090 c (Band #6 at delta_k = 0.0010)
------------------------------------------------------------------------------------------
  Band  2           : A_2      (freq = 0.365018, conf = 1.000)
  Band  3           : B_2      (freq = 0.430711, conf = 1.000)
* Band  4 [Target #1]: A_2      (freq = 0.529738, conf = 1.000)
* Band  5 [Target #2]: E        (freq = 0.571787, conf = 1.000)
* Band  6 [Target #3]: E        (freq = 0.571792, conf = 1.000)
  Band  7           : E        (freq = 0.657628, conf = 1.000)
  Band  8           : E        (freq = 0.657631, conf = 1.000)
  Band  9           : B_1      (freq = 0.743289, conf = 1.000)
  Band 10           : A_1      (freq = 0.826009, conf = 1.000)
==========================================================================================

==========================================================================================
EVALUATION #161 (Generation 06)
Parameters   : r1 = 0.343740, r2 = 0.308826
Cost         : 1.000000 | Dirac Freq: 0.000000 | FAILED: Disconnected slab (Slab breaks unit cell continuity along X-axis (left-right), Y-axis (top-bottom) (connection is too narrow, <4px width))
Connectivity : FAILED (Slab breaks unit cell continuity along X-axis (left-right), Y-axis (top-bottom) (connection is too narrow, <4px width))
------------------------------------------------------------------------------------------
  No irrep map available.
==========================================================================================

==========================================================================================
EVALUATION #162 (Generation 06)
Parameters   : r1 = 0.331240, r2 = 0.396326
Cost         : 1.000000 | Dirac Freq: 0.000000 | FAILED: Disconnected slab (Slab breaks unit cell continuity along X-axis (left-right), Y-axis (top-bottom) (connection is too narrow, <4px width))
Connectivity : FAILED (Slab breaks unit cell continuity along X-axis (left-right), Y-axis (top-bottom) (connection is too narrow, <4px width))
------------------------------------------------------------------------------------------
  No irrep map available.
==========================================================================================

==========================================================================================
EVALUATION #163 (Generation 06)
Parameters   : r1 = 0.374990, r2 = 0.352576
Cost         : 1.000000 | Dirac Freq: 0.000000 | FAILED: Disconnected slab (Slab breaks unit cell continuity along X-axis (left-right), Y-axis (top-bottom) (connection is too narrow, <4px width))
Connectivity : FAILED (Slab breaks unit cell continuity along X-axis (left-right), Y-axis (top-bottom) (connection is too narrow, <4px width))
------------------------------------------------------------------------------------------
  No irrep map available.
==========================================================================================

==========================================================================================
EVALUATION #164 (Generation 06)
Parameters   : r1 = 0.356240, r2 = 0.371326
Cost         : 1.000000 | Dirac Freq: 0.000000 | FAILED: Disconnected slab (Slab breaks unit cell continuity along X-axis (left-right), Y-axis (top-bottom) (connection is too narrow, <4px width))
Connectivity : FAILED (Slab breaks unit cell continuity along X-axis (left-right), Y-axis (top-bottom) (connection is too narrow, <4px width))
------------------------------------------------------------------------------------------
  No irrep map available.
==========================================================================================

==========================================================================================
EVALUATION #165 (Generation 06)
Parameters   : r1 = 0.362490, r2 = 0.340076
Cost         : 1.000000 | Dirac Freq: 0.000000 | FAILED: Disconnected slab (Slab breaks unit cell continuity along X-axis (left-right), Y-axis (top-bottom) (connection is too narrow, <4px width))
Connectivity : FAILED (Slab breaks unit cell continuity along X-axis (left-right), Y-axis (top-bottom) (connection is too narrow, <4px width))
------------------------------------------------------------------------------------------
  No irrep map available.
==========================================================================================

==========================================================================================
EVALUATION #166 (Generation 06)
Parameters   : r1 = 0.293740, r2 = 0.358826
Cost         : 1.000000 | Dirac Freq: 0.000000 | FAILED: Disconnected slab (Slab breaks unit cell continuity along X-axis (left-right), Y-axis (top-bottom) (connection is too narrow, <4px width))
Connectivity : FAILED (Slab breaks unit cell continuity along X-axis (left-right), Y-axis (top-bottom) (connection is too narrow, <4px width))
------------------------------------------------------------------------------------------
  No irrep map available.
==========================================================================================

==========================================================================================
EVALUATION #167 (Generation 06)
Parameters   : r1 = 0.399990, r2 = 0.327576
Cost         : 1.000000 | Dirac Freq: 0.000000 | FAILED: Disconnected slab (Slab breaks unit cell continuity along X-axis (left-right), Y-axis (top-bottom) (connection is too narrow, <4px width))
Connectivity : FAILED (Slab breaks unit cell continuity along X-axis (left-right), Y-axis (top-bottom) (connection is too narrow, <4px width))
------------------------------------------------------------------------------------------
  No irrep map available.
==========================================================================================

==========================================================================================
EVALUATION #168 (Generation 06)
Parameters   : r1 = 0.387490, r2 = 0.365076
Cost         : 1.000000 | Dirac Freq: 0.000000 | FAILED: Disconnected slab (Slab breaks unit cell continuity along X-axis (left-right), Y-axis (top-bottom) (connection is too narrow, <4px width))
Connectivity : FAILED (Slab breaks unit cell continuity along X-axis (left-right), Y-axis (top-bottom) (connection is too narrow, <4px width))
------------------------------------------------------------------------------------------
  No irrep map available.
==========================================================================================

==========================================================================================
EVALUATION #169 (Generation 06)
Parameters   : r1 = 0.312490, r2 = 0.390076
Cost         : 1.000000 | Dirac Freq: 0.000000 | FAILED: Disconnected slab (Slab breaks unit cell continuity along X-axis (left-right), Y-axis (top-bottom) (connection is too narrow, <4px width))
Connectivity : FAILED (Slab breaks unit cell continuity along X-axis (left-right), Y-axis (top-bottom) (connection is too narrow, <4px width))
------------------------------------------------------------------------------------------
  No irrep map available.
==========================================================================================

==========================================================================================
EVALUATION #170 (Generation 06)
Parameters   : r1 = 0.249990, r2 = 0.377576
Cost         : 0.008125 | Dirac Freq: 0.659222 | Mapped to bands [4, 5, 6]
Connectivity : PASSED (Slab is continuous and unbroken across unit cell boundaries. (passes >=4px neck width constraint))
Top Band vg  : 0.000063 c (Band #6 at delta_k = 0.0010)
------------------------------------------------------------------------------------------
  Band  2           : A_2      (freq = 0.431175, conf = 1.000)
  Band  3           : B_2      (freq = 0.550639, conf = 1.000)
* Band  4 [Target #1]: A_2      (freq = 0.656544, conf = 1.000)
* Band  5 [Target #2]: E        (freq = 0.661895, conf = 1.000)
* Band  6 [Target #3]: E        (freq = 0.661900, conf = 1.000)
  Band  7           : E        (freq = 0.755069, conf = 1.000)
  Band  8           : E        (freq = 0.755078, conf = 1.000)
  Band  9           : B_2      (freq = 0.937376, conf = 1.000)
  Band 10           : B_1      (freq = 0.962959, conf = 1.000)
==========================================================================================

==========================================================================================
EVALUATION #171 (Generation 06)
Parameters   : r1 = 0.287490, r2 = 0.265076
Cost         : 0.110485 | Dirac Freq: 0.541703 | Mapped to bands [4, 5, 6]
Connectivity : PASSED (Slab is continuous and unbroken across unit cell boundaries. (passes >=4px neck width constraint))
Top Band vg  : 0.000114 c (Band #6 at delta_k = 0.0010)
------------------------------------------------------------------------------------------
  Band  2           : A_2      (freq = 0.360209, conf = 1.000)
  Band  3           : B_2      (freq = 0.414957, conf = 1.000)
* Band  4 [Target #1]: A_2      (freq = 0.511778, conf = 1.000)
* Band  5 [Target #2]: E        (freq = 0.571598, conf = 1.000)
* Band  6 [Target #3]: E        (freq = 0.571628, conf = 1.000)
  Band  7           : E        (freq = 0.634792, conf = 1.000)
  Band  8           : E        (freq = 0.634795, conf = 1.000)
  Band  9           : B_1      (freq = 0.718710, conf = 1.000)
  Band 10           : A_1      (freq = 0.797239, conf = 1.000)
==========================================================================================

==========================================================================================
EVALUATION #172 (Generation 06)
Parameters   : r1 = 0.368740, r2 = 0.233826
Cost         : 0.003890 | Dirac Freq: 0.625187 | Mapped to bands [4, 5, 6]
Connectivity : PASSED (Slab is continuous and unbroken across unit cell boundaries. (passes >=4px neck width constraint))
Top Band vg  : 0.000109 c (Band #6 at delta_k = 0.0010)
------------------------------------------------------------------------------------------
  Band  2           : A_2      (freq = 0.402971, conf = 1.000)
  Band  3           : B_2      (freq = 0.517681, conf = 1.000)
* Band  4 [Target #1]: A_2      (freq = 0.623971, conf = 1.000)
* Band  5 [Target #2]: E        (freq = 0.626400, conf = 1.000)
* Band  6 [Target #3]: E        (freq = 0.626403, conf = 1.000)
  Band  7           : E        (freq = 0.727600, conf = 1.000)
  Band  8           : E        (freq = 0.727605, conf = 1.000)
  Band  9           : B_2      (freq = 0.878674, conf = 1.000)
  Band 10           : B_1      (freq = 0.885208, conf = 1.000)
==========================================================================================

==========================================================================================
EVALUATION #173 (Generation 06)
Parameters   : r1 = 0.256240, r2 = 0.271326
Cost         : 0.088532 | Dirac Freq: 0.518207 | Mapped to bands [4, 5, 6]
Connectivity : PASSED (Slab is continuous and unbroken across unit cell boundaries. (passes >=4px neck width constraint))
Top Band vg  : 0.000084 c (Band #6 at delta_k = 0.0010)
------------------------------------------------------------------------------------------
  Band  2           : A_2      (freq = 0.347082, conf = 1.000)
  Band  3           : B_2      (freq = 0.394025, conf = 1.000)
* Band  4 [Target #1]: A_2      (freq = 0.495268, conf = 1.000)
* Band  5 [Target #2]: E        (freq = 0.541141, conf = 1.000)
* Band  6 [Target #3]: E        (freq = 0.541146, conf = 1.000)
  Band  7           : E        (freq = 0.605825, conf = 1.000)
  Band  8           : E        (freq = 0.605826, conf = 1.000)
  Band  9           : B_1      (freq = 0.665631, conf = 1.000)
  Band 10           : A_1      (freq = 0.760360, conf = 1.000)
==========================================================================================

==========================================================================================
EVALUATION #174 (Generation 06)
Parameters   : r1 = 0.243740, r2 = 0.208826
Cost         : 0.008740 | Dirac Freq: 0.460276 | Mapped to bands [6, 4, 5]
Connectivity : PASSED (Slab is continuous and unbroken across unit cell boundaries. (passes >=4px neck width constraint))
Top Band vg  : 0.000136 c (Band #6 at delta_k = 0.0010)
------------------------------------------------------------------------------------------
  Band  2           : A_2      (freq = 0.320372, conf = 1.000)
  Band  3           : B_2      (freq = 0.348996, conf = 1.000)
* Band  4 [Target #2]: E        (freq = 0.458265, conf = 1.000)
* Band  5 [Target #3]: E        (freq = 0.458274, conf = 1.000)
* Band  6 [Target #1]: A_2      (freq = 0.462288, conf = 1.000)
  Band  7           : E        (freq = 0.544854, conf = 1.000)
  Band  8           : E        (freq = 0.544857, conf = 1.000)
  Band  9           : B_1      (freq = 0.548919, conf = 1.000)
  Band 10           : A_1      (freq = 0.693405, conf = 1.000)
==========================================================================================

==========================================================================================
EVALUATION #175 (Generation 06)
Parameters   : r1 = 0.268740, r2 = 0.333826
Cost         : 0.108064 | Dirac Freq: 0.598915 | Mapped to bands [4, 5, 6]
Connectivity : PASSED (Slab is continuous and unbroken across unit cell boundaries. (passes >=4px neck width constraint))
Top Band vg  : 0.000097 c (Band #6 at delta_k = 0.0010)
------------------------------------------------------------------------------------------
  Band  2           : A_2      (freq = 0.398714, conf = 1.000)
  Band  3           : B_2      (freq = 0.475053, conf = 1.000)
* Band  4 [Target #1]: A_2      (freq = 0.566555, conf = 1.000)
* Band  5 [Target #2]: E        (freq = 0.631247, conf = 1.000)
* Band  6 [Target #3]: E        (freq = 0.631276, conf = 1.000)
  Band  7           : E        (freq = 0.711497, conf = 1.000)
  Band  8           : E        (freq = 0.711498, conf = 1.000)
  Band  9           : B_1      (freq = 0.857217, conf = 1.000)
  Band 10           : A_1      (freq = 0.919144, conf = 1.000)
==========================================================================================

==========================================================================================
EVALUATION #176 (Generation 06)
Parameters   : r1 = 0.393740, r2 = 0.258826
Cost         : 0.032837 | Dirac Freq: 0.705998 | Mapped to bands [6, 4, 5]
Connectivity : PASSED (Slab is continuous and unbroken across unit cell boundaries. (passes >=4px neck width constraint))
Top Band vg  : 0.000190 c (Band #6 at delta_k = 0.0010)
------------------------------------------------------------------------------------------
  Band  2           : A_2      (freq = 0.474272, conf = 1.000)
  Band  3           : B_2      (freq = 0.605372, conf = 1.000)
* Band  4 [Target #2]: E        (freq = 0.694407, conf = 1.000)
* Band  5 [Target #3]: E        (freq = 0.694412, conf = 1.000)
* Band  6 [Target #1]: A_2      (freq = 0.717590, conf = 1.000)
  Band  7           : E        (freq = 0.795777, conf = 1.000)
  Band  8           : E        (freq = 0.795808, conf = 1.000)
  Band  9           : B_2      (freq = 0.997768, conf = 1.000)
  Band 10           : B_1      (freq = 1.039850, conf = 1.000)
==========================================================================================

==========================================================================================
EVALUATION #177 (Generation 06)
Parameters   : r1 = 0.349990, r2 = 0.277576
Cost         : 0.098629 | Dirac Freq: 0.632988 | Mapped to bands [4, 5, 6]
Connectivity : PASSED (Slab is continuous and unbroken across unit cell boundaries. (passes >=4px neck width constraint))
Top Band vg  : 0.000050 c (Band #6 at delta_k = 0.0010)
------------------------------------------------------------------------------------------
  Band  2           : A_2      (freq = 0.427542, conf = 1.000)
  Band  3           : B_2      (freq = 0.510690, conf = 1.000)
* Band  4 [Target #1]: A_2      (freq = 0.601772, conf = 1.000)
* Band  5 [Target #2]: E        (freq = 0.664185, conf = 1.000)
* Band  6 [Target #3]: E        (freq = 0.664203, conf = 1.000)
  Band  7           : E        (freq = 0.746449, conf = 1.000)
  Band  8           : E        (freq = 0.746458, conf = 1.000)
  Band  9           : B_1      (freq = 0.938190, conf = 1.000)
  Band 10           : B_2      (freq = 0.968588, conf = 1.000)
==========================================================================================

==========================================================================================
EVALUATION #178 (Generation 06)
Parameters   : r1 = 0.281240, r2 = 0.346326
Cost         : 0.108185 | Dirac Freq: 0.631158 | Mapped to bands [4, 5, 6]
Connectivity : PASSED (Slab is continuous and unbroken across unit cell boundaries. (passes >=4px neck width constraint))
Top Band vg  : 0.000034 c (Band #6 at delta_k = 0.0010)
------------------------------------------------------------------------------------------
  Band  2           : A_2      (freq = 0.427365, conf = 1.000)
  Band  3           : B_2      (freq = 0.507151, conf = 1.000)
* Band  4 [Target #1]: A_2      (freq = 0.597017, conf = 1.000)
* Band  5 [Target #2]: E        (freq = 0.665281, conf = 1.000)
* Band  6 [Target #3]: E        (freq = 0.665299, conf = 1.000)
  Band  7           : E        (freq = 0.745614, conf = 1.000)
  Band  8           : E        (freq = 0.745624, conf = 1.000)
  Band  9           : B_1      (freq = 0.935922, conf = 1.000)
  Band 10           : B_2      (freq = 0.974689, conf = 1.000)
==========================================================================================

==========================================================================================
EVALUATION #179 (Generation 06)
Parameters   : r1 = 0.337490, r2 = 0.215076
Cost         : 0.009516 | Dirac Freq: 0.554741 | Mapped to bands [4, 5, 6]
Connectivity : PASSED (Slab is continuous and unbroken across unit cell boundaries. (passes >=4px neck width constraint))
Top Band vg  : 0.000071 c (Band #6 at delta_k = 0.0010)
------------------------------------------------------------------------------------------
  Band  2           : A_2      (freq = 0.363897, conf = 1.000)
  Band  3           : B_2      (freq = 0.445949, conf = 1.000)
* Band  4 [Target #1]: A_2      (freq = 0.552102, conf = 1.000)
* Band  5 [Target #2]: E        (freq = 0.557376, conf = 1.000)
* Band  6 [Target #3]: E        (freq = 0.557381, conf = 1.000)
  Band  7           : E        (freq = 0.670620, conf = 1.000)
  Band  8           : E        (freq = 0.670629, conf = 1.000)
  Band  9           : B_1      (freq = 0.743036, conf = 1.000)
  Band 10           : B_2      (freq = 0.796266, conf = 1.000)
==========================================================================================

==========================================================================================
EVALUATION #180 (Generation 06)
Parameters   : r1 = 0.299990, r2 = 0.227576
Cost         : 0.049990 | Dirac Freq: 0.519782 | Mapped to bands [4, 5, 6]
Connectivity : PASSED (Slab is continuous and unbroken across unit cell boundaries. (passes >=4px neck width constraint))
Top Band vg  : 0.000105 c (Band #6 at delta_k = 0.0010)
------------------------------------------------------------------------------------------
  Band  2           : A_2      (freq = 0.348188, conf = 1.000)
  Band  3           : B_2      (freq = 0.403236, conf = 1.000)
* Band  4 [Target #1]: A_2      (freq = 0.506790, conf = 1.000)
* Band  5 [Target #2]: E        (freq = 0.532771, conf = 1.000)
* Band  6 [Target #3]: E        (freq = 0.532774, conf = 1.000)
  Band  7           : E        (freq = 0.622661, conf = 1.000)
  Band  8           : E        (freq = 0.622662, conf = 1.000)
  Band  9           : B_1      (freq = 0.672010, conf = 1.000)
  Band 10           : A_1      (freq = 0.773900, conf = 1.000)
==========================================================================================

==========================================================================================
EVALUATION #181 (Generation 06)
Parameters   : r1 = 0.231240, r2 = 0.296326
Cost         : 0.056605 | Dirac Freq: 0.519214 | Mapped to bands [4, 5, 6]
Connectivity : PASSED (Slab is continuous and unbroken across unit cell boundaries. (passes >=4px neck width constraint))
Top Band vg  : 0.000123 c (Band #6 at delta_k = 0.0010)
------------------------------------------------------------------------------------------
  Band  2           : A_2      (freq = 0.347950, conf = 1.000)
  Band  3           : B_2      (freq = 0.401451, conf = 1.000)
* Band  4 [Target #1]: A_2      (freq = 0.504519, conf = 1.000)
* Band  5 [Target #2]: E        (freq = 0.533907, conf = 1.000)
* Band  6 [Target #3]: E        (freq = 0.533909, conf = 1.000)
  Band  7           : E        (freq = 0.619550, conf = 1.000)
  Band  8           : E        (freq = 0.619554, conf = 1.000)
  Band  9           : B_1      (freq = 0.670097, conf = 1.000)
  Band 10           : A_1      (freq = 0.770273, conf = 1.000)
==========================================================================================

==========================================================================================
EVALUATION #182 (Generation 06)
Parameters   : r1 = 0.324990, r2 = 0.302576
Cost         : 0.146169 | Dirac Freq: 0.624194 | Mapped to bands [4, 5, 6]
Connectivity : PASSED (Slab is continuous and unbroken across unit cell boundaries. (passes >=4px neck width constraint))
Top Band vg  : 0.000087 c (Band #6 at delta_k = 0.0010)
------------------------------------------------------------------------------------------
  Band  2           : A_2      (freq = 0.426739, conf = 1.000)
  Band  3           : B_2      (freq = 0.494108, conf = 1.000)
* Band  4 [Target #1]: A_2      (freq = 0.578575, conf = 1.000)
* Band  5 [Target #2]: E        (freq = 0.669788, conf = 1.000)
* Band  6 [Target #3]: E        (freq = 0.669813, conf = 1.000)
  Band  7           : E        (freq = 0.741603, conf = 1.000)
  Band  8           : E        (freq = 0.741606, conf = 1.000)
  Band  9           : B_1      (freq = 0.920962, conf = 1.000)
  Band 10           : E        (freq = 0.969397, conf = 0.990)
==========================================================================================

==========================================================================================
EVALUATION #183 (Generation 06)
Parameters   : r1 = 0.218740, r2 = 0.383826
Cost         : 0.056486 | Dirac Freq: 0.646378 | Mapped to bands [6, 4, 5]
Connectivity : PASSED (Slab is continuous and unbroken across unit cell boundaries. (passes >=4px neck width constraint))
Top Band vg  : 0.000185 c (Band #6 at delta_k = 0.0010)
------------------------------------------------------------------------------------------
  Band  2           : A_2      (freq = 0.406756, conf = 1.000)
  Band  3           : B_2      (freq = 0.546759, conf = 1.000)
* Band  4 [Target #2]: E        (freq = 0.628122, conf = 1.000)
* Band  5 [Target #3]: E        (freq = 0.628131, conf = 1.000)
* Band  6 [Target #1]: A_2      (freq = 0.664633, conf = 1.000)
  Band  7           : E        (freq = 0.735316, conf = 1.000)
  Band  8           : E        (freq = 0.735325, conf = 1.000)
  Band  9           : B_2      (freq = 0.873354, conf = 1.000)
  Band 10           : B_1      (freq = 0.900623, conf = 1.000)
==========================================================================================

==========================================================================================
EVALUATION #184 (Generation 06)
Parameters   : r1 = 0.224990, r2 = 0.202576
Cost         : 0.036892 | Dirac Freq: 0.444754 | Mapped to bands [6, 4, 5]
Connectivity : PASSED (Slab is continuous and unbroken across unit cell boundaries. (passes >=4px neck width constraint))
Top Band vg  : 0.000152 c (Band #6 at delta_k = 0.0010)
------------------------------------------------------------------------------------------
  Band  2           : A_2      (freq = 0.314059, conf = 1.000)
  Band  3           : B_2      (freq = 0.336939, conf = 1.000)
* Band  4 [Target #2]: E        (freq = 0.436550, conf = 1.000)
* Band  5 [Target #3]: E        (freq = 0.436553, conf = 1.000)
* Band  6 [Target #1]: A_2      (freq = 0.452958, conf = 1.000)
  Band  7           : B_1      (freq = 0.520559, conf = 1.000)
  Band  8           : E        (freq = 0.526931, conf = 1.000)
  Band  9           : E        (freq = 0.526932, conf = 1.000)
  Band 10           : A_1      (freq = 0.677808, conf = 1.000)
==========================================================================================

==========================================================================================
EVALUATION #185 (Generation 06)
Parameters   : r1 = 0.206240, r2 = 0.221326
Cost         : 0.035290 | Dirac Freq: 0.444711 | Mapped to bands [6, 4, 5]
Connectivity : PASSED (Slab is continuous and unbroken across unit cell boundaries. (passes >=4px neck width constraint))
Top Band vg  : 0.000132 c (Band #6 at delta_k = 0.0010)
------------------------------------------------------------------------------------------
  Band  2           : A_2      (freq = 0.313967, conf = 1.000)
  Band  3           : B_2      (freq = 0.336556, conf = 1.000)
* Band  4 [Target #2]: E        (freq = 0.436864, conf = 1.000)
* Band  5 [Target #3]: E        (freq = 0.436866, conf = 1.000)
* Band  6 [Target #1]: A_2      (freq = 0.452558, conf = 1.000)
  Band  7           : B_1      (freq = 0.520429, conf = 1.000)
  Band  8           : E        (freq = 0.526177, conf = 1.000)
  Band  9           : E        (freq = 0.526179, conf = 1.000)
  Band 10           : A_1      (freq = 0.677711, conf = 1.000)
==========================================================================================

==========================================================================================
EVALUATION #186 (Generation 06)
Parameters   : r1 = 0.381240, r2 = 0.246326
Cost         : 0.007060 | Dirac Freq: 0.664327 | Mapped to bands [6, 4, 5]
Connectivity : PASSED (Slab is continuous and unbroken across unit cell boundaries. (passes >=4px neck width constraint))
Top Band vg  : 0.000385 c (Band #6 at delta_k = 0.0010)
------------------------------------------------------------------------------------------
  Band  2           : A_2      (freq = 0.432090, conf = 1.000)
  Band  3           : B_2      (freq = 0.558047, conf = 1.000)
* Band  4 [Target #2]: E        (freq = 0.661982, conf = 1.000)
* Band  5 [Target #3]: E        (freq = 0.661991, conf = 1.000)
* Band  6 [Target #1]: A_2      (freq = 0.666672, conf = 1.000)
  Band  7           : E        (freq = 0.756606, conf = 1.000)
  Band  8           : E        (freq = 0.756612, conf = 1.000)
  Band  9           : B_2      (freq = 0.935387, conf = 1.000)
  Band 10           : B_1      (freq = 0.965837, conf = 1.000)
==========================================================================================

==========================================================================================
EVALUATION #187 (Generation 06)
Parameters   : r1 = 0.262490, r2 = 0.240076
Cost         : 0.057122 | Dirac Freq: 0.496659 | Mapped to bands [4, 5, 6]
Connectivity : PASSED (Slab is continuous and unbroken across unit cell boundaries. (passes >=4px neck width constraint))
Top Band vg  : 0.000110 c (Band #6 at delta_k = 0.0010)
------------------------------------------------------------------------------------------
  Band  2           : A_2      (freq = 0.336311, conf = 1.000)
  Band  3           : B_2      (freq = 0.376816, conf = 1.000)
* Band  4 [Target #1]: A_2      (freq = 0.482474, conf = 1.000)
* Band  5 [Target #2]: E        (freq = 0.510807, conf = 1.000)
* Band  6 [Target #3]: E        (freq = 0.510844, conf = 1.000)
  Band  7           : E        (freq = 0.582357, conf = 1.000)
  Band  8           : E        (freq = 0.582359, conf = 1.000)
  Band  9           : B_1      (freq = 0.618938, conf = 1.000)
  Band 10           : A_1      (freq = 0.731476, conf = 1.000)
==========================================================================================

==========================================================================================
EVALUATION #188 (Generation 06)
Parameters   : r1 = 0.274990, r2 = 0.252576
Cost         : 0.086223 | Dirac Freq: 0.518269 | Mapped to bands [4, 5, 6]
Connectivity : PASSED (Slab is continuous and unbroken across unit cell boundaries. (passes >=4px neck width constraint))
Top Band vg  : 0.000067 c (Band #6 at delta_k = 0.0010)
------------------------------------------------------------------------------------------
  Band  2           : A_2      (freq = 0.347142, conf = 1.000)
  Band  3           : B_2      (freq = 0.394415, conf = 1.000)
* Band  4 [Target #1]: A_2      (freq = 0.495926, conf = 1.000)
* Band  5 [Target #2]: E        (freq = 0.540606, conf = 1.000)
* Band  6 [Target #3]: E        (freq = 0.540613, conf = 1.000)
  Band  7           : E        (freq = 0.606771, conf = 1.000)
  Band  8           : E        (freq = 0.606773, conf = 1.000)
  Band  9           : B_1      (freq = 0.666604, conf = 1.000)
  Band 10           : A_1      (freq = 0.761749, conf = 1.000)
==========================================================================================

==========================================================================================
EVALUATION #189 (Generation 06)
Parameters   : r1 = 0.306240, r2 = 0.321326
Cost         : 0.148821 | Dirac Freq: 0.624003 | Mapped to bands [4, 5, 6]
Connectivity : PASSED (Slab is continuous and unbroken across unit cell boundaries. (passes >=4px neck width constraint))
Top Band vg  : 0.000065 c (Band #6 at delta_k = 0.0010)
------------------------------------------------------------------------------------------
  Band  2           : A_2      (freq = 0.426704, conf = 1.000)
  Band  3           : B_2      (freq = 0.493099, conf = 1.000)
* Band  4 [Target #1]: A_2      (freq = 0.577571, conf = 1.000)
* Band  5 [Target #2]: E        (freq = 0.670413, conf = 1.000)
* Band  6 [Target #3]: E        (freq = 0.670436, conf = 1.000)
  Band  7           : E        (freq = 0.740805, conf = 1.000)
  Band  8           : E        (freq = 0.740809, conf = 1.000)
  Band  9           : B_1      (freq = 0.921821, conf = 1.000)
  Band 10           : E        (freq = 0.967958, conf = 0.999)
==========================================================================================

==========================================================================================
EVALUATION #190 (Generation 06)
Parameters   : r1 = 0.318740, r2 = 0.283826
Cost         : 0.134241 | Dirac Freq: 0.595750 | Mapped to bands [4, 5, 6]
Connectivity : PASSED (Slab is continuous and unbroken across unit cell boundaries. (passes >=4px neck width constraint))
Top Band vg  : 0.000242 c (Band #6 at delta_k = 0.0010)
------------------------------------------------------------------------------------------
  Band  2           : A_2      (freq = 0.398294, conf = 1.000)
  Band  3           : B_2      (freq = 0.466470, conf = 1.000)
* Band  4 [Target #1]: A_2      (freq = 0.555763, conf = 1.000)
* Band  5 [Target #2]: E        (freq = 0.635733, conf = 1.000)
* Band  6 [Target #3]: E        (freq = 0.635737, conf = 1.000)
  Band  7           : E        (freq = 0.704176, conf = 1.000)
  Band  8           : E        (freq = 0.704183, conf = 1.000)
  Band  9           : B_1      (freq = 0.851857, conf = 1.000)
  Band 10           : A_1      (freq = 0.906020, conf = 1.000)
==========================================================================================

==========================================================================================
EVALUATION #191 (Generation 06)
Parameters   : r1 = 0.212490, r2 = 0.290076
Cost         : 0.020330 | Dirac Freq: 0.498529 | Mapped to bands [4, 5, 6]
Connectivity : PASSED (Slab is continuous and unbroken across unit cell boundaries. (passes >=4px neck width constraint))
Top Band vg  : 0.000067 c (Band #6 at delta_k = 0.0010)
------------------------------------------------------------------------------------------
  Band  2           : A_2      (freq = 0.337697, conf = 1.000)
  Band  3           : B_2      (freq = 0.385501, conf = 1.000)
* Band  4 [Target #1]: A_2      (freq = 0.493461, conf = 1.000)
* Band  5 [Target #2]: E        (freq = 0.503585, conf = 1.000)
* Band  6 [Target #3]: E        (freq = 0.503596, conf = 1.000)
  Band  7           : E        (freq = 0.598927, conf = 1.000)
  Band  8           : E        (freq = 0.598933, conf = 1.000)
  Band  9           : B_1      (freq = 0.626640, conf = 1.000)
  Band 10           : A_1      (freq = 0.745870, conf = 1.000)
==========================================================================================

==========================================================================================
EVALUATION #192 (Generation 06)
Parameters   : r1 = 0.237490, r2 = 0.315076
Cost         : 0.066460 | Dirac Freq: 0.544975 | Mapped to bands [4, 5, 6]
Connectivity : PASSED (Slab is continuous and unbroken across unit cell boundaries. (passes >=4px neck width constraint))
Top Band vg  : 0.000126 c (Band #6 at delta_k = 0.0010)
------------------------------------------------------------------------------------------
  Band  2           : A_2      (freq = 0.361442, conf = 1.000)
  Band  3           : B_2      (freq = 0.426499, conf = 1.000)
* Band  4 [Target #1]: A_2      (freq = 0.526865, conf = 1.000)
* Band  5 [Target #2]: E        (freq = 0.563068, conf = 1.000)
* Band  6 [Target #3]: E        (freq = 0.563084, conf = 1.000)
  Band  7           : E        (freq = 0.651994, conf = 1.000)
  Band  8           : E        (freq = 0.652004, conf = 1.000)
  Band  9           : B_1      (freq = 0.728510, conf = 1.000)
  Band 10           : A_1      (freq = 0.816411, conf = 1.000)
==========================================================================================

==========================================================================================
EVALUATION #193 (Generation 07)
Parameters   : r1 = 0.273427, r2 = 0.372889
Cost         : 1.000000 | Dirac Freq: 0.000000 | FAILED: Disconnected slab (Slab breaks unit cell continuity along X-axis (left-right), Y-axis (top-bottom) (connection is too narrow, <4px width))
Connectivity : FAILED (Slab breaks unit cell continuity along X-axis (left-right), Y-axis (top-bottom) (connection is too narrow, <4px width))
------------------------------------------------------------------------------------------
  No irrep map available.
==========================================================================================

==========================================================================================
EVALUATION #194 (Generation 07)
Parameters   : r1 = 0.335927, r2 = 0.335389
Cost         : 1.000000 | Dirac Freq: 0.000000 | FAILED: Disconnected slab (Slab breaks unit cell continuity along X-axis (left-right), Y-axis (top-bottom) (connection is too narrow, <4px width))
Connectivity : FAILED (Slab breaks unit cell continuity along X-axis (left-right), Y-axis (top-bottom) (connection is too narrow, <4px width))
------------------------------------------------------------------------------------------
  No irrep map available.
==========================================================================================

==========================================================================================
EVALUATION #195 (Generation 07)
Parameters   : r1 = 0.385927, r2 = 0.285389
Cost         : 1.000000 | Dirac Freq: 0.000000 | FAILED: Disconnected slab (Slab breaks unit cell continuity along X-axis (left-right), Y-axis (top-bottom) (connection is too narrow, <4px width))
Connectivity : FAILED (Slab breaks unit cell continuity along X-axis (left-right), Y-axis (top-bottom) (connection is too narrow, <4px width))
------------------------------------------------------------------------------------------
  No irrep map available.
==========================================================================================

==========================================================================================
EVALUATION #196 (Generation 07)
Parameters   : r1 = 0.285927, r2 = 0.385389
Cost         : 1.000000 | Dirac Freq: 0.000000 | FAILED: Disconnected slab (Slab breaks unit cell continuity along X-axis (left-right), Y-axis (top-bottom) (connection is too narrow, <4px width))
Connectivity : FAILED (Slab breaks unit cell continuity along X-axis (left-right), Y-axis (top-bottom) (connection is too narrow, <4px width))
------------------------------------------------------------------------------------------
  No irrep map available.
==========================================================================================

==========================================================================================
EVALUATION #197 (Generation 07)
Parameters   : r1 = 0.379677, r2 = 0.379139
Cost         : 1.000000 | Dirac Freq: 0.000000 | FAILED: Disconnected slab (Slab breaks unit cell continuity along X-axis (left-right), Y-axis (top-bottom) (connection is too narrow, <4px width))
Connectivity : FAILED (Slab breaks unit cell continuity along X-axis (left-right), Y-axis (top-bottom) (connection is too narrow, <4px width))
------------------------------------------------------------------------------------------
  No irrep map available.
==========================================================================================

==========================================================================================
EVALUATION #198 (Generation 07)
Parameters   : r1 = 0.348427, r2 = 0.347889
Cost         : 1.000000 | Dirac Freq: 0.000000 | FAILED: Disconnected slab (Slab breaks unit cell continuity along X-axis (left-right), Y-axis (top-bottom) (connection is too narrow, <4px width))
Connectivity : FAILED (Slab breaks unit cell continuity along X-axis (left-right), Y-axis (top-bottom) (connection is too narrow, <4px width))
------------------------------------------------------------------------------------------
  No irrep map available.
==========================================================================================

==========================================================================================
EVALUATION #199 (Generation 07)
Parameters   : r1 = 0.373427, r2 = 0.272889
Cost         : 1.000000 | Dirac Freq: 0.000000 | FAILED: Disconnected slab (Slab breaks unit cell continuity along X-axis (left-right), Y-axis (top-bottom) (connection is too narrow, <4px width))
Connectivity : FAILED (Slab breaks unit cell continuity along X-axis (left-right), Y-axis (top-bottom) (connection is too narrow, <4px width))
------------------------------------------------------------------------------------------
  No irrep map available.
==========================================================================================

==========================================================================================
EVALUATION #200 (Generation 07)
Parameters   : r1 = 0.398427, r2 = 0.397889
Cost         : 1.000000 | Dirac Freq: 0.000000 | FAILED: Disconnected slab (Slab breaks unit cell continuity along X-axis (left-right), Y-axis (top-bottom) (connection is too narrow, <4px width))
Connectivity : FAILED (Slab breaks unit cell continuity along X-axis (left-right), Y-axis (top-bottom) (connection is too narrow, <4px width))
------------------------------------------------------------------------------------------
  No irrep map available.
==========================================================================================

==========================================================================================
EVALUATION #201 (Generation 07)
Parameters   : r1 = 0.329677, r2 = 0.329139
Cost         : 1.000000 | Dirac Freq: 0.000000 | FAILED: Disconnected slab (Slab breaks unit cell continuity along X-axis (left-right), Y-axis (top-bottom) (connection is too narrow, <4px width))
Connectivity : FAILED (Slab breaks unit cell continuity along X-axis (left-right), Y-axis (top-bottom) (connection is too narrow, <4px width))
------------------------------------------------------------------------------------------
  No irrep map available.
==========================================================================================

==========================================================================================
EVALUATION #202 (Generation 07)
Parameters   : r1 = 0.367177, r2 = 0.316639
Cost         : 1.000000 | Dirac Freq: 0.000000 | FAILED: Disconnected slab (Slab breaks unit cell continuity along X-axis (left-right), Y-axis (top-bottom) (connection is too narrow, <4px width))
Connectivity : FAILED (Slab breaks unit cell continuity along X-axis (left-right), Y-axis (top-bottom) (connection is too narrow, <4px width))
------------------------------------------------------------------------------------------
  No irrep map available.
==========================================================================================

==========================================================================================
EVALUATION #203 (Generation 07)
Parameters   : r1 = 0.392177, r2 = 0.391639
Cost         : 1.000000 | Dirac Freq: 0.000000 | FAILED: Disconnected slab (Slab breaks unit cell continuity along X-axis (left-right), Y-axis (top-bottom) (connection is too narrow, <4px width))
Connectivity : FAILED (Slab breaks unit cell continuity along X-axis (left-right), Y-axis (top-bottom) (connection is too narrow, <4px width))
------------------------------------------------------------------------------------------
  No irrep map available.
==========================================================================================

==========================================================================================
EVALUATION #204 (Generation 07)
Parameters   : r1 = 0.317177, r2 = 0.366639
Cost         : 1.000000 | Dirac Freq: 0.000000 | FAILED: Disconnected slab (Slab breaks unit cell continuity along X-axis (left-right), Y-axis (top-bottom) (connection is too narrow, <4px width))
Connectivity : FAILED (Slab breaks unit cell continuity along X-axis (left-right), Y-axis (top-bottom) (connection is too narrow, <4px width))
------------------------------------------------------------------------------------------
  No irrep map available.
==========================================================================================

==========================================================================================
EVALUATION #205 (Generation 07)
Parameters   : r1 = 0.260927, r2 = 0.310389
Cost         : 0.108011 | Dirac Freq: 0.561812 | Mapped to bands [4, 5, 6]
Connectivity : PASSED (Slab is continuous and unbroken across unit cell boundaries. (passes >=4px neck width constraint))
Top Band vg  : 0.000190 c (Band #6 at delta_k = 0.0010)
------------------------------------------------------------------------------------------
  Band  2           : A_2      (freq = 0.372618, conf = 1.000)
  Band  3           : B_2      (freq = 0.436490, conf = 1.000)
* Band  4 [Target #1]: A_2      (freq = 0.531471, conf = 1.000)
* Band  5 [Target #2]: E        (freq = 0.592149, conf = 1.000)
* Band  6 [Target #3]: E        (freq = 0.592153, conf = 1.000)
  Band  7           : E        (freq = 0.665150, conf = 1.000)
  Band  8           : E        (freq = 0.665151, conf = 1.000)
  Band  9           : B_1      (freq = 0.768978, conf = 1.000)
  Band 10           : A_1      (freq = 0.839781, conf = 1.000)
==========================================================================================

==========================================================================================
EVALUATION #206 (Generation 07)
Parameters   : r1 = 0.360927, r2 = 0.210389
Cost         : 0.028118 | Dirac Freq: 0.589265 | Mapped to bands [6, 4, 5]
Connectivity : PASSED (Slab is continuous and unbroken across unit cell boundaries. (passes >=4px neck width constraint))
Top Band vg  : 0.000267 c (Band #6 at delta_k = 0.0010)
------------------------------------------------------------------------------------------
  Band  2           : A_2      (freq = 0.378455, conf = 1.000)
  Band  3           : B_2      (freq = 0.486796, conf = 1.000)
* Band  4 [Target #2]: E        (freq = 0.580981, conf = 1.000)
* Band  5 [Target #3]: E        (freq = 0.580984, conf = 1.000)
* Band  6 [Target #1]: A_2      (freq = 0.597550, conf = 1.000)
  Band  7           : E        (freq = 0.699941, conf = 1.000)
  Band  8           : E        (freq = 0.699946, conf = 1.000)
  Band  9           : B_1      (freq = 0.801692, conf = 1.000)
  Band 10           : B_2      (freq = 0.813384, conf = 1.000)
==========================================================================================

==========================================================================================
EVALUATION #207 (Generation 07)
Parameters   : r1 = 0.323427, r2 = 0.222889
Cost         : 0.032889 | Dirac Freq: 0.542183 | Mapped to bands [4, 5, 6]
Connectivity : PASSED (Slab is continuous and unbroken across unit cell boundaries. (passes >=4px neck width constraint))
Top Band vg  : 0.000066 c (Band #6 at delta_k = 0.0010)
------------------------------------------------------------------------------------------
  Band  2           : A_2      (freq = 0.358941, conf = 1.000)
  Band  3           : B_2      (freq = 0.429349, conf = 1.000)
* Band  4 [Target #1]: A_2      (freq = 0.533267, conf = 1.000)
* Band  5 [Target #2]: E        (freq = 0.551084, conf = 1.000)
* Band  6 [Target #3]: E        (freq = 0.551099, conf = 1.000)
  Band  7           : E        (freq = 0.654625, conf = 1.000)
  Band  8           : E        (freq = 0.654629, conf = 1.000)
  Band  9           : B_1      (freq = 0.720275, conf = 1.000)
  Band 10           : B_2      (freq = 0.799784, conf = 1.000)
==========================================================================================

==========================================================================================
EVALUATION #208 (Generation 07)
Parameters   : r1 = 0.254677, r2 = 0.354139
Cost         : 0.059757 | Dirac Freq: 0.616829 | Mapped to bands [4, 5, 6]
Connectivity : PASSED (Slab is continuous and unbroken across unit cell boundaries. (passes >=4px neck width constraint))
Top Band vg  : 0.000239 c (Band #6 at delta_k = 0.0010)
------------------------------------------------------------------------------------------
  Band  2           : A_2      (freq = 0.406550, conf = 1.000)
  Band  3           : B_2      (freq = 0.500837, conf = 1.000)
* Band  4 [Target #1]: A_2      (freq = 0.598399, conf = 1.000)
* Band  5 [Target #2]: E        (freq = 0.635252, conf = 1.000)
* Band  6 [Target #3]: E        (freq = 0.635259, conf = 1.000)
  Band  7           : E        (freq = 0.727084, conf = 1.000)
  Band  8           : E        (freq = 0.727085, conf = 1.000)
  Band  9           : B_1      (freq = 0.890093, conf = 1.000)
  Band 10           : B_2      (freq = 0.908234, conf = 1.000)
==========================================================================================

==========================================================================================
EVALUATION #209 (Generation 07)
Parameters   : r1 = 0.298427, r2 = 0.297889
Cost         : 0.146253 | Dirac Freq: 0.587303 | Mapped to bands [4, 5, 6]
Connectivity : PASSED (Slab is continuous and unbroken across unit cell boundaries. (passes >=4px neck width constraint))
Top Band vg  : 0.000377 c (Band #6 at delta_k = 0.0010)
------------------------------------------------------------------------------------------
  Band  2           : A_2      (freq = 0.392358, conf = 1.000)
  Band  3           : B_2      (freq = 0.456125, conf = 1.000)
* Band  4 [Target #1]: A_2      (freq = 0.544355, conf = 1.000)
* Band  5 [Target #2]: E        (freq = 0.630237, conf = 1.000)
* Band  6 [Target #3]: E        (freq = 0.630250, conf = 1.000)
  Band  7           : E        (freq = 0.691965, conf = 1.000)
  Band  8           : E        (freq = 0.691979, conf = 1.000)
  Band  9           : B_1      (freq = 0.827994, conf = 1.000)
  Band 10           : A_1      (freq = 0.882495, conf = 1.000)
==========================================================================================

==========================================================================================
EVALUATION #210 (Generation 07)
Parameters   : r1 = 0.235927, r2 = 0.235389
Cost         : 0.021766 | Dirac Freq: 0.472803 | Mapped to bands [4, 5, 6]
Connectivity : PASSED (Slab is continuous and unbroken across unit cell boundaries. (passes >=4px neck width constraint))
Top Band vg  : 0.000134 c (Band #6 at delta_k = 0.0010)
------------------------------------------------------------------------------------------
  Band  2           : A_2      (freq = 0.325420, conf = 1.000)
  Band  3           : B_2      (freq = 0.357362, conf = 1.000)
* Band  4 [Target #1]: A_2      (freq = 0.467657, conf = 1.000)
* Band  5 [Target #2]: E        (freq = 0.477944, conf = 1.000)
* Band  6 [Target #3]: E        (freq = 0.477948, conf = 1.000)
  Band  7           : E        (freq = 0.554864, conf = 1.000)
  Band  8           : E        (freq = 0.554867, conf = 1.000)
  Band  9           : B_1      (freq = 0.570411, conf = 1.000)
  Band 10           : A_1      (freq = 0.702450, conf = 1.000)
==========================================================================================

==========================================================================================
EVALUATION #211 (Generation 07)
Parameters   : r1 = 0.310927, r2 = 0.260389
Cost         : 0.106967 | Dirac Freq: 0.561912 | Mapped to bands [4, 5, 6]
Connectivity : PASSED (Slab is continuous and unbroken across unit cell boundaries. (passes >=4px neck width constraint))
Top Band vg  : 0.000087 c (Band #6 at delta_k = 0.0010)
------------------------------------------------------------------------------------------
  Band  2           : A_2      (freq = 0.372648, conf = 1.000)
  Band  3           : B_2      (freq = 0.436765, conf = 1.000)
* Band  4 [Target #1]: A_2      (freq = 0.531859, conf = 1.000)
* Band  5 [Target #2]: E        (freq = 0.591964, conf = 1.000)
* Band  6 [Target #3]: E        (freq = 0.591965, conf = 1.000)
  Band  7           : E        (freq = 0.665483, conf = 1.000)
  Band  8           : E        (freq = 0.665485, conf = 1.000)
  Band  9           : B_1      (freq = 0.769312, conf = 1.000)
  Band 10           : A_1      (freq = 0.840209, conf = 1.000)
==========================================================================================

==========================================================================================
EVALUATION #212 (Generation 07)
Parameters   : r1 = 0.292177, r2 = 0.291639
Cost         : 0.138315 | Dirac Freq: 0.573700 | Mapped to bands [4, 5, 6]
Connectivity : PASSED (Slab is continuous and unbroken across unit cell boundaries. (passes >=4px neck width constraint))
Top Band vg  : 0.000129 c (Band #6 at delta_k = 0.0010)
------------------------------------------------------------------------------------------
  Band  2           : A_2      (freq = 0.381525, conf = 1.000)
  Band  3           : B_2      (freq = 0.443055, conf = 1.000)
* Band  4 [Target #1]: A_2      (freq = 0.534024, conf = 1.000)
* Band  5 [Target #2]: E        (freq = 0.613372, conf = 1.000)
* Band  6 [Target #3]: E        (freq = 0.613375, conf = 1.000)
  Band  7           : E        (freq = 0.673205, conf = 1.000)
  Band  8           : E        (freq = 0.673213, conf = 1.000)
  Band  9           : B_1      (freq = 0.795213, conf = 1.000)
  Band 10           : A_1      (freq = 0.854349, conf = 1.000)
==========================================================================================

==========================================================================================
EVALUATION #213 (Generation 07)
Parameters   : r1 = 0.210927, r2 = 0.360389
Cost         : 0.026518 | Dirac Freq: 0.588685 | Mapped to bands [6, 4, 5]
Connectivity : PASSED (Slab is continuous and unbroken across unit cell boundaries. (passes >=4px neck width constraint))
Top Band vg  : 0.000258 c (Band #6 at delta_k = 0.0010)
------------------------------------------------------------------------------------------
  Band  2           : A_2      (freq = 0.378335, conf = 1.000)
  Band  3           : B_2      (freq = 0.485991, conf = 1.000)
* Band  4 [Target #2]: E        (freq = 0.580880, conf = 1.000)
* Band  5 [Target #3]: E        (freq = 0.580880, conf = 1.000)
* Band  6 [Target #1]: A_2      (freq = 0.596491, conf = 1.000)
  Band  7           : E        (freq = 0.699619, conf = 1.000)
  Band  8           : E        (freq = 0.699623, conf = 1.000)
  Band  9           : B_1      (freq = 0.801299, conf = 1.000)
  Band 10           : B_2      (freq = 0.813740, conf = 1.000)
==========================================================================================

==========================================================================================
EVALUATION #214 (Generation 07)
Parameters   : r1 = 0.279677, r2 = 0.279139
Cost         : 0.121784 | Dirac Freq: 0.547970 | Mapped to bands [4, 5, 6]
Connectivity : PASSED (Slab is continuous and unbroken across unit cell boundaries. (passes >=4px neck width constraint))
Top Band vg  : 0.000199 c (Band #6 at delta_k = 0.0010)
------------------------------------------------------------------------------------------
  Band  2           : A_2      (freq = 0.364055, conf = 1.000)
  Band  3           : B_2      (freq = 0.419070, conf = 1.000)
* Band  4 [Target #1]: A_2      (freq = 0.514603, conf = 1.000)
* Band  5 [Target #2]: E        (freq = 0.581331, conf = 1.000)
* Band  6 [Target #3]: E        (freq = 0.581337, conf = 1.000)
  Band  7           : E        (freq = 0.640383, conf = 1.000)
  Band  8           : E        (freq = 0.640388, conf = 1.000)
  Band  9           : B_1      (freq = 0.735093, conf = 1.000)
  Band 10           : A_1      (freq = 0.809073, conf = 1.000)
==========================================================================================

==========================================================================================
EVALUATION #215 (Generation 07)
Parameters   : r1 = 0.248427, r2 = 0.247889
Cost         : 0.053372 | Dirac Freq: 0.491794 | Mapped to bands [4, 5, 6]
Connectivity : PASSED (Slab is continuous and unbroken across unit cell boundaries. (passes >=4px neck width constraint))
Top Band vg  : 0.000060 c (Band #6 at delta_k = 0.0010)
------------------------------------------------------------------------------------------
  Band  2           : A_2      (freq = 0.333855, conf = 1.000)
  Band  3           : B_2      (freq = 0.371795, conf = 1.000)
* Band  4 [Target #1]: A_2      (freq = 0.478670, conf = 1.000)
* Band  5 [Target #2]: E        (freq = 0.504917, conf = 1.000)
* Band  6 [Target #3]: E        (freq = 0.504918, conf = 1.000)
  Band  7           : E        (freq = 0.574581, conf = 1.000)
  Band  8           : E        (freq = 0.574585, conf = 1.000)
  Band  9           : B_1      (freq = 0.609094, conf = 1.000)
  Band 10           : A_1      (freq = 0.724777, conf = 1.000)
==========================================================================================

==========================================================================================
EVALUATION #216 (Generation 07)
Parameters   : r1 = 0.229677, r2 = 0.229139
Cost         : 0.005051 | Dirac Freq: 0.464291 | Mapped to bands [4, 5, 6]
Connectivity : PASSED (Slab is continuous and unbroken across unit cell boundaries. (passes >=4px neck width constraint))
Top Band vg  : 0.000133 c (Band #6 at delta_k = 0.0010)
------------------------------------------------------------------------------------------
  Band  2           : A_2      (freq = 0.321779, conf = 1.000)
  Band  3           : B_2      (freq = 0.350781, conf = 1.000)
* Band  4 [Target #1]: A_2      (freq = 0.463119, conf = 1.000)
* Band  5 [Target #2]: E        (freq = 0.465462, conf = 1.000)
* Band  6 [Target #3]: E        (freq = 0.465464, conf = 1.000)
  Band  7           : E        (freq = 0.545552, conf = 1.000)
  Band  8           : E        (freq = 0.545554, conf = 1.000)
  Band  9           : B_1      (freq = 0.554870, conf = 1.000)
  Band 10           : A_1      (freq = 0.693864, conf = 1.000)
==========================================================================================

==========================================================================================
EVALUATION #217 (Generation 07)
Parameters   : r1 = 0.354677, r2 = 0.254139
Cost         : 0.058004 | Dirac Freq: 0.617195 | Mapped to bands [4, 5, 6]
Connectivity : PASSED (Slab is continuous and unbroken across unit cell boundaries. (passes >=4px neck width constraint))
Top Band vg  : 0.000233 c (Band #6 at delta_k = 0.0010)
------------------------------------------------------------------------------------------
  Band  2           : A_2      (freq = 0.406611, conf = 1.000)
  Band  3           : B_2      (freq = 0.501519, conf = 1.000)
* Band  4 [Target #1]: A_2      (freq = 0.599295, conf = 1.000)
* Band  5 [Target #2]: E        (freq = 0.635089, conf = 1.000)
* Band  6 [Target #3]: E        (freq = 0.635095, conf = 1.000)
  Band  7           : E        (freq = 0.727348, conf = 1.000)
  Band  8           : E        (freq = 0.727350, conf = 1.000)
  Band  9           : B_1      (freq = 0.890510, conf = 1.000)
  Band 10           : B_2      (freq = 0.907352, conf = 1.000)
==========================================================================================

==========================================================================================
EVALUATION #218 (Generation 07)
Parameters   : r1 = 0.267177, r2 = 0.216639
Cost         : 0.020670 | Dirac Freq: 0.482344 | Mapped to bands [4, 5, 6]
Connectivity : PASSED (Slab is continuous and unbroken across unit cell boundaries. (passes >=4px neck width constraint))
Top Band vg  : 0.000074 c (Band #6 at delta_k = 0.0010)
------------------------------------------------------------------------------------------
  Band  2           : A_2      (freq = 0.330083, conf = 1.000)
  Band  3           : B_2      (freq = 0.368050, conf = 1.000)
* Band  4 [Target #1]: A_2      (freq = 0.477359, conf = 1.000)
* Band  5 [Target #2]: E        (freq = 0.487324, conf = 1.000)
* Band  6 [Target #3]: E        (freq = 0.487329, conf = 1.000)
  Band  7           : E        (freq = 0.572839, conf = 1.000)
  Band  8           : E        (freq = 0.572842, conf = 1.000)
  Band  9           : B_1      (freq = 0.591978, conf = 1.000)
  Band 10           : A_1      (freq = 0.718786, conf = 1.000)
==========================================================================================

==========================================================================================
EVALUATION #219 (Generation 07)
Parameters   : r1 = 0.204677, r2 = 0.304139
Cost         : 0.005439 | Dirac Freq: 0.506162 | Mapped to bands [4, 5, 6]
Connectivity : PASSED (Slab is continuous and unbroken across unit cell boundaries. (passes >=4px neck width constraint))
Top Band vg  : 0.000155 c (Band #6 at delta_k = 0.0010)
------------------------------------------------------------------------------------------
  Band  2           : A_2      (freq = 0.341152, conf = 1.000)
  Band  3           : B_2      (freq = 0.396489, conf = 1.000)
* Band  4 [Target #1]: A_2      (freq = 0.504785, conf = 1.000)
* Band  5 [Target #2]: E        (freq = 0.507527, conf = 1.000)
* Band  6 [Target #3]: E        (freq = 0.507538, conf = 1.000)
  Band  7           : E        (freq = 0.614557, conf = 1.000)
  Band  8           : E        (freq = 0.614564, conf = 1.000)
  Band  9           : B_1      (freq = 0.641442, conf = 1.000)
  Band 10           : B_2      (freq = 0.755341, conf = 1.000)
==========================================================================================

==========================================================================================
EVALUATION #220 (Generation 07)
Parameters   : r1 = 0.242177, r2 = 0.341639
Cost         : 0.057101 | Dirac Freq: 0.584561 | Mapped to bands [4, 5, 6]
Connectivity : PASSED (Slab is continuous and unbroken across unit cell boundaries. (passes >=4px neck width constraint))
Top Band vg  : 0.000118 c (Band #6 at delta_k = 0.0010)
------------------------------------------------------------------------------------------
  Band  2           : A_2      (freq = 0.383695, conf = 1.000)
  Band  3           : B_2      (freq = 0.468595, conf = 1.000)
* Band  4 [Target #1]: A_2      (freq = 0.567872, conf = 1.000)
* Band  5 [Target #2]: E        (freq = 0.601238, conf = 1.000)
* Band  6 [Target #3]: E        (freq = 0.601251, conf = 1.000)
  Band  7           : E        (freq = 0.697249, conf = 1.000)
  Band  8           : E        (freq = 0.697257, conf = 1.000)
  Band  9           : B_1      (freq = 0.817760, conf = 1.000)
  Band 10           : B_2      (freq = 0.860503, conf = 1.000)
==========================================================================================

==========================================================================================
EVALUATION #221 (Generation 07)
Parameters   : r1 = 0.304677, r2 = 0.204139
Cost         : 0.004270 | Dirac Freq: 0.506342 | Mapped to bands [4, 5, 6]
Connectivity : PASSED (Slab is continuous and unbroken across unit cell boundaries. (passes >=4px neck width constraint))
Top Band vg  : 0.000126 c (Band #6 at delta_k = 0.0010)
------------------------------------------------------------------------------------------
  Band  2           : A_2      (freq = 0.341207, conf = 1.000)
  Band  3           : B_2      (freq = 0.396861, conf = 1.000)
* Band  4 [Target #1]: A_2      (freq = 0.505261, conf = 1.000)
* Band  5 [Target #2]: E        (freq = 0.507411, conf = 1.000)
* Band  6 [Target #3]: E        (freq = 0.507423, conf = 1.000)
  Band  7           : E        (freq = 0.614999, conf = 1.000)
  Band  8           : E        (freq = 0.615006, conf = 1.000)
  Band  9           : B_1      (freq = 0.641672, conf = 1.000)
  Band 10           : B_2      (freq = 0.754787, conf = 1.000)
==========================================================================================

==========================================================================================
EVALUATION #222 (Generation 07)
Parameters   : r1 = 0.342177, r2 = 0.241639
Cost         : 0.055538 | Dirac Freq: 0.584895 | Mapped to bands [4, 5, 6]
Connectivity : PASSED (Slab is continuous and unbroken across unit cell boundaries. (passes >=4px neck width constraint))
Top Band vg  : 0.000090 c (Band #6 at delta_k = 0.0010)
------------------------------------------------------------------------------------------
  Band  2           : A_2      (freq = 0.383745, conf = 1.000)
  Band  3           : B_2      (freq = 0.469182, conf = 1.000)
* Band  4 [Target #1]: A_2      (freq = 0.568653, conf = 1.000)
* Band  5 [Target #2]: E        (freq = 0.601123, conf = 1.000)
* Band  6 [Target #3]: E        (freq = 0.601137, conf = 1.000)
  Band  7           : E        (freq = 0.697534, conf = 1.000)
  Band  8           : E        (freq = 0.697542, conf = 1.000)
  Band  9           : B_1      (freq = 0.818069, conf = 1.000)
  Band 10           : B_2      (freq = 0.859955, conf = 1.000)
==========================================================================================

==========================================================================================
EVALUATION #223 (Generation 07)
Parameters   : r1 = 0.223427, r2 = 0.322889
Cost         : 0.034300 | Dirac Freq: 0.541983 | Mapped to bands [4, 5, 6]
Connectivity : PASSED (Slab is continuous and unbroken across unit cell boundaries. (passes >=4px neck width constraint))
Top Band vg  : 0.000065 c (Band #6 at delta_k = 0.0010)
------------------------------------------------------------------------------------------
  Band  2           : A_2      (freq = 0.358894, conf = 1.000)
  Band  3           : B_2      (freq = 0.428880, conf = 1.000)
* Band  4 [Target #1]: A_2      (freq = 0.532688, conf = 1.000)
* Band  5 [Target #2]: E        (freq = 0.551265, conf = 1.000)
* Band  6 [Target #3]: E        (freq = 0.551278, conf = 1.000)
  Band  7           : E        (freq = 0.654109, conf = 1.000)
  Band  8           : E        (freq = 0.654113, conf = 1.000)
  Band  9           : B_1      (freq = 0.719994, conf = 1.000)
  Band 10           : B_2      (freq = 0.800513, conf = 1.000)
==========================================================================================

==========================================================================================
EVALUATION #224 (Generation 07)
Parameters   : r1 = 0.217177, r2 = 0.266639
Cost         : 0.021194 | Dirac Freq: 0.482303 | Mapped to bands [4, 5, 6]
Connectivity : PASSED (Slab is continuous and unbroken across unit cell boundaries. (passes >=4px neck width constraint))
Top Band vg  : 0.000075 c (Band #6 at delta_k = 0.0010)
------------------------------------------------------------------------------------------
  Band  2           : A_2      (freq = 0.330048, conf = 1.000)
  Band  3           : B_2      (freq = 0.367906, conf = 1.000)
* Band  4 [Target #1]: A_2      (freq = 0.477192, conf = 1.000)
* Band  5 [Target #2]: E        (freq = 0.487409, conf = 1.000)
* Band  6 [Target #3]: E        (freq = 0.487414, conf = 1.000)
  Band  7           : E        (freq = 0.572511, conf = 1.000)
  Band  8           : E        (freq = 0.572513, conf = 1.000)
  Band  9           : B_1      (freq = 0.591770, conf = 1.000)
  Band 10           : A_1      (freq = 0.718453, conf = 1.000)
==========================================================================================

==========================================================================================
EVALUATION #225 (Generation 08)
Parameters   : r1 = 0.364052, r2 = 0.363514
Cost         : 1.000000 | Dirac Freq: 0.000000 | FAILED: Disconnected slab (Slab breaks unit cell continuity along X-axis (left-right), Y-axis (top-bottom) (connection is too narrow, <4px width))
Connectivity : FAILED (Slab breaks unit cell continuity along X-axis (left-right), Y-axis (top-bottom) (connection is too narrow, <4px width))
------------------------------------------------------------------------------------------
  No irrep map available.
==========================================================================================

==========================================================================================
EVALUATION #226 (Generation 08)
Parameters   : r1 = 0.389052, r2 = 0.338514
Cost         : 1.000000 | Dirac Freq: 0.000000 | FAILED: Disconnected slab (Slab breaks unit cell continuity along X-axis (left-right), Y-axis (top-bottom) (connection is too narrow, <4px width))
Connectivity : FAILED (Slab breaks unit cell continuity along X-axis (left-right), Y-axis (top-bottom) (connection is too narrow, <4px width))
------------------------------------------------------------------------------------------
  No irrep map available.
==========================================================================================

==========================================================================================
EVALUATION #227 (Generation 08)
Parameters   : r1 = 0.376552, r2 = 0.326014
Cost         : 1.000000 | Dirac Freq: 0.000000 | FAILED: Disconnected slab (Slab breaks unit cell continuity along X-axis (left-right), Y-axis (top-bottom) (connection is too narrow, <4px width))
Connectivity : FAILED (Slab breaks unit cell continuity along X-axis (left-right), Y-axis (top-bottom) (connection is too narrow, <4px width))
------------------------------------------------------------------------------------------
  No irrep map available.
==========================================================================================

==========================================================================================
EVALUATION #228 (Generation 08)
Parameters   : r1 = 0.345302, r2 = 0.307264
Cost         : 1.000000 | Dirac Freq: 0.000000 | FAILED: Disconnected slab (Slab breaks unit cell continuity along X-axis (left-right), Y-axis (top-bottom) (connection is too narrow, <4px width))
Connectivity : FAILED (Slab breaks unit cell continuity along X-axis (left-right), Y-axis (top-bottom) (connection is too narrow, <4px width))
------------------------------------------------------------------------------------------
  No irrep map available.
==========================================================================================

==========================================================================================
EVALUATION #229 (Generation 08)
Parameters   : r1 = 0.326552, r2 = 0.376014
Cost         : 1.000000 | Dirac Freq: 0.000000 | FAILED: Disconnected slab (Slab breaks unit cell continuity along X-axis (left-right), Y-axis (top-bottom) (connection is too narrow, <4px width))
Connectivity : FAILED (Slab breaks unit cell continuity along X-axis (left-right), Y-axis (top-bottom) (connection is too narrow, <4px width))
------------------------------------------------------------------------------------------
  No irrep map available.
==========================================================================================

==========================================================================================
EVALUATION #230 (Generation 08)
Parameters   : r1 = 0.295302, r2 = 0.357264
Cost         : 1.000000 | Dirac Freq: 0.000000 | FAILED: Disconnected slab (Slab breaks unit cell continuity along X-axis (left-right), Y-axis (top-bottom) (connection is too narrow, <4px width))
Connectivity : FAILED (Slab breaks unit cell continuity along X-axis (left-right), Y-axis (top-bottom) (connection is too narrow, <4px width))
------------------------------------------------------------------------------------------
  No irrep map available.
==========================================================================================

==========================================================================================
EVALUATION #231 (Generation 08)
Parameters   : r1 = 0.332802, r2 = 0.394764
Cost         : 1.000000 | Dirac Freq: 0.000000 | FAILED: Disconnected slab (Slab breaks unit cell continuity along X-axis (left-right), Y-axis (top-bottom) (connection is too narrow, <4px width))
Connectivity : FAILED (Slab breaks unit cell continuity along X-axis (left-right), Y-axis (top-bottom) (connection is too narrow, <4px width))
------------------------------------------------------------------------------------------
  No irrep map available.
==========================================================================================

==========================================================================================
EVALUATION #232 (Generation 08)
Parameters   : r1 = 0.264052, r2 = 0.263514
Cost         : 0.089672 | Dirac Freq: 0.517955 | Mapped to bands [4, 5, 6]
Connectivity : PASSED (Slab is continuous and unbroken across unit cell boundaries. (passes >=4px neck width constraint))
Top Band vg  : 0.000119 c (Band #6 at delta_k = 0.0010)
------------------------------------------------------------------------------------------
  Band  2           : A_2      (freq = 0.346914, conf = 1.000)
  Band  3           : B_2      (freq = 0.393736, conf = 1.000)
* Band  4 [Target #1]: A_2      (freq = 0.494732, conf = 1.000)
* Band  5 [Target #2]: E        (freq = 0.541170, conf = 1.000)
* Band  6 [Target #3]: E        (freq = 0.541178, conf = 1.000)
  Band  7           : E        (freq = 0.604866, conf = 1.000)
  Band  8           : E        (freq = 0.604867, conf = 1.000)
  Band  9           : B_1      (freq = 0.663531, conf = 1.000)
  Band 10           : A_1      (freq = 0.758174, conf = 1.000)
==========================================================================================

==========================================================================================
EVALUATION #233 (Generation 08)
Parameters   : r1 = 0.301552, r2 = 0.251014
Cost         : 0.092713 | Dirac Freq: 0.542210 | Mapped to bands [4, 5, 6]
Connectivity : PASSED (Slab is continuous and unbroken across unit cell boundaries. (passes >=4px neck width constraint))
Top Band vg  : 0.000068 c (Band #6 at delta_k = 0.0010)
------------------------------------------------------------------------------------------
  Band  2           : A_2      (freq = 0.360731, conf = 1.000)
  Band  3           : B_2      (freq = 0.419036, conf = 1.000)
* Band  4 [Target #1]: A_2      (freq = 0.517075, conf = 1.000)
* Band  5 [Target #2]: E        (freq = 0.567339, conf = 1.000)
* Band  6 [Target #3]: E        (freq = 0.567345, conf = 1.000)
  Band  7           : E        (freq = 0.642883, conf = 1.000)
  Band  8           : E        (freq = 0.642887, conf = 1.000)
  Band  9           : B_1      (freq = 0.723513, conf = 1.000)
  Band 10           : A_1      (freq = 0.805347, conf = 1.000)
==========================================================================================

==========================================================================================
EVALUATION #234 (Generation 08)
Parameters   : r1 = 0.226552, r2 = 0.276014
Cost         : 0.043399 | Dirac Freq: 0.497178 | Mapped to bands [4, 5, 6]
Connectivity : PASSED (Slab is continuous and unbroken across unit cell boundaries. (passes >=4px neck width constraint))
Top Band vg  : 0.000066 c (Band #6 at delta_k = 0.0010)
------------------------------------------------------------------------------------------
  Band  2           : A_2      (freq = 0.336843, conf = 1.000)
  Band  3           : B_2      (freq = 0.379802, conf = 1.000)
* Band  4 [Target #1]: A_2      (freq = 0.486389, conf = 1.000)
* Band  5 [Target #2]: E        (freq = 0.507958, conf = 1.000)
* Band  6 [Target #3]: E        (freq = 0.507966, conf = 1.000)
  Band  7           : E        (freq = 0.588697, conf = 1.000)
  Band  8           : E        (freq = 0.588700, conf = 1.000)
  Band  9           : B_1      (freq = 0.622293, conf = 1.000)
  Band 10           : A_1      (freq = 0.736855, conf = 1.000)
==========================================================================================

==========================================================================================
EVALUATION #235 (Generation 08)
Parameters   : r1 = 0.251552, r2 = 0.301014
Cost         : 0.093532 | Dirac Freq: 0.542158 | Mapped to bands [4, 5, 6]
Connectivity : PASSED (Slab is continuous and unbroken across unit cell boundaries. (passes >=4px neck width constraint))
Top Band vg  : 0.000065 c (Band #6 at delta_k = 0.0010)
------------------------------------------------------------------------------------------
  Band  2           : A_2      (freq = 0.360722, conf = 1.000)
  Band  3           : B_2      (freq = 0.418841, conf = 1.000)
* Band  4 [Target #1]: A_2      (freq = 0.516803, conf = 1.000)
* Band  5 [Target #2]: E        (freq = 0.567509, conf = 1.000)
* Band  6 [Target #3]: E        (freq = 0.567512, conf = 1.000)
  Band  7           : E        (freq = 0.642558, conf = 1.000)
  Band  8           : E        (freq = 0.642562, conf = 1.000)
  Band  9           : B_1      (freq = 0.723288, conf = 1.000)
  Band 10           : A_1      (freq = 0.804866, conf = 1.000)
==========================================================================================

==========================================================================================
EVALUATION #236 (Generation 08)
Parameters   : r1 = 0.276552, r2 = 0.226014
Cost         : 0.042646 | Dirac Freq: 0.497210 | Mapped to bands [4, 5, 6]
Connectivity : PASSED (Slab is continuous and unbroken across unit cell boundaries. (passes >=4px neck width constraint))
Top Band vg  : 0.000066 c (Band #6 at delta_k = 0.0010)
------------------------------------------------------------------------------------------
  Band  2           : A_2      (freq = 0.336868, conf = 1.000)
  Band  3           : B_2      (freq = 0.379960, conf = 1.000)
* Band  4 [Target #1]: A_2      (freq = 0.486608, conf = 1.000)
* Band  5 [Target #2]: E        (freq = 0.507803, conf = 1.000)
* Band  6 [Target #3]: E        (freq = 0.507812, conf = 1.000)
  Band  7           : E        (freq = 0.589012, conf = 1.000)
  Band  8           : E        (freq = 0.589015, conf = 1.000)
  Band  9           : B_1      (freq = 0.622480, conf = 1.000)
  Band 10           : A_1      (freq = 0.737187, conf = 1.000)
==========================================================================================

==========================================================================================
EVALUATION #237 (Generation 08)
Parameters   : r1 = 0.270302, r2 = 0.332264
Cost         : 0.111286 | Dirac Freq: 0.598232 | Mapped to bands [4, 5, 6]
Connectivity : PASSED (Slab is continuous and unbroken across unit cell boundaries. (passes >=4px neck width constraint))
Top Band vg  : 0.000091 c (Band #6 at delta_k = 0.0010)
------------------------------------------------------------------------------------------
  Band  2           : A_2      (freq = 0.398628, conf = 1.000)
  Band  3           : B_2      (freq = 0.473859, conf = 1.000)
* Band  4 [Target #1]: A_2      (freq = 0.564945, conf = 1.000)
* Band  5 [Target #2]: E        (freq = 0.631503, conf = 1.000)
* Band  6 [Target #3]: E        (freq = 0.631520, conf = 1.000)
  Band  7           : E        (freq = 0.710896, conf = 1.000)
  Band  8           : E        (freq = 0.710898, conf = 1.000)
  Band  9           : B_1      (freq = 0.856389, conf = 1.000)
  Band 10           : A_1      (freq = 0.917408, conf = 1.000)
==========================================================================================

==========================================================================================
EVALUATION #238 (Generation 08)
Parameters   : r1 = 0.314052, r2 = 0.313514
Cost         : 0.150903 | Dirac Freq: 0.624076 | Mapped to bands [4, 5, 6]
Connectivity : PASSED (Slab is continuous and unbroken across unit cell boundaries. (passes >=4px neck width constraint))
Top Band vg  : 0.000161 c (Band #6 at delta_k = 0.0010)
------------------------------------------------------------------------------------------
  Band  2           : A_2      (freq = 0.426759, conf = 1.000)
  Band  3           : B_2      (freq = 0.492523, conf = 1.000)
* Band  4 [Target #1]: A_2      (freq = 0.576989, conf = 1.000)
* Band  5 [Target #2]: E        (freq = 0.671164, conf = 1.000)
* Band  6 [Target #3]: E        (freq = 0.671164, conf = 1.000)
  Band  7           : E        (freq = 0.740434, conf = 1.000)
  Band  8           : E        (freq = 0.740439, conf = 1.000)
  Band  9           : B_1      (freq = 0.922866, conf = 1.000)
  Band 10           : E        (freq = 0.966874, conf = 1.000)
==========================================================================================

==========================================================================================
EVALUATION #239 (Generation 08)
Parameters   : r1 = 0.320302, r2 = 0.282264
Cost         : 0.131948 | Dirac Freq: 0.595896 | Mapped to bands [4, 5, 6]
Connectivity : PASSED (Slab is continuous and unbroken across unit cell boundaries. (passes >=4px neck width constraint))
Top Band vg  : 0.000247 c (Band #6 at delta_k = 0.0010)
------------------------------------------------------------------------------------------
  Band  2           : A_2      (freq = 0.398388, conf = 1.000)
  Band  3           : B_2      (freq = 0.467092, conf = 1.000)
* Band  4 [Target #1]: A_2      (freq = 0.556582, conf = 1.000)
* Band  5 [Target #2]: E        (freq = 0.635201, conf = 1.000)
* Band  6 [Target #3]: E        (freq = 0.635209, conf = 1.000)
  Band  7           : E        (freq = 0.704836, conf = 1.000)
  Band  8           : E        (freq = 0.704844, conf = 1.000)
  Band  9           : B_1      (freq = 0.852468, conf = 1.000)
  Band 10           : A_1      (freq = 0.907098, conf = 1.000)
==========================================================================================

==========================================================================================
EVALUATION #240 (Generation 08)
Parameters   : r1 = 0.257802, r2 = 0.369764
Cost         : 0.038355 | Dirac Freq: 0.649619 | Mapped to bands [4, 5, 6]
Connectivity : PASSED (Slab is continuous and unbroken across unit cell boundaries. (passes >=4px neck width constraint))
Top Band vg  : 0.000053 c (Band #6 at delta_k = 0.0010)
------------------------------------------------------------------------------------------
  Band  2           : A_2      (freq = 0.429706, conf = 1.000)
  Band  3           : B_2      (freq = 0.536971, conf = 1.000)
* Band  4 [Target #1]: A_2      (freq = 0.637161, conf = 1.000)
* Band  5 [Target #2]: E        (freq = 0.662059, conf = 1.000)
* Band  6 [Target #3]: E        (freq = 0.662077, conf = 1.000)
  Band  7           : E        (freq = 0.752796, conf = 1.000)
  Band  8           : E        (freq = 0.752812, conf = 1.000)
  Band  9           : B_2      (freq = 0.943125, conf = 1.000)
  Band 10           : B_1      (freq = 0.954594, conf = 1.000)
==========================================================================================

==========================================================================================
EVALUATION #241 (Generation 08)
Parameters   : r1 = 0.239052, r2 = 0.388514
Cost         : 0.038548 | Dirac Freq: 0.674999 | Mapped to bands [6, 4, 5]
Connectivity : PASSED (Slab is continuous and unbroken across unit cell boundaries. (passes >=4px neck width constraint))
Top Band vg  : 0.000428 c (Band #6 at delta_k = 0.0010)
------------------------------------------------------------------------------------------
  Band  2           : A_2      (freq = 0.433909, conf = 1.000)
  Band  3           : B_2      (freq = 0.573785, conf = 1.000)
* Band  4 [Target #2]: E        (freq = 0.661989, conf = 1.000)
* Band  5 [Target #3]: E        (freq = 0.662010, conf = 1.000)
* Band  6 [Target #1]: A_2      (freq = 0.688009, conf = 1.000)
  Band  7           : E        (freq = 0.760266, conf = 1.000)
  Band  8           : E        (freq = 0.760273, conf = 1.000)
  Band  9           : B_2      (freq = 0.931683, conf = 1.000)
  Band 10           : B_1      (freq = 0.968978, conf = 1.000)
==========================================================================================

==========================================================================================
EVALUATION #242 (Generation 08)
Parameters   : r1 = 0.289052, r2 = 0.238514
Cost         : 0.069368 | Dirac Freq: 0.518614 | Mapped to bands [4, 5, 6]
Connectivity : PASSED (Slab is continuous and unbroken across unit cell boundaries. (passes >=4px neck width constraint))
Top Band vg  : 0.000119 c (Band #6 at delta_k = 0.0010)
------------------------------------------------------------------------------------------
  Band  2           : A_2      (freq = 0.347478, conf = 1.000)
  Band  3           : B_2      (freq = 0.398227, conf = 1.000)
* Band  4 [Target #1]: A_2      (freq = 0.500627, conf = 1.000)
* Band  5 [Target #2]: E        (freq = 0.536593, conf = 1.000)
* Band  6 [Target #3]: E        (freq = 0.536602, conf = 1.000)
  Band  7           : E        (freq = 0.613897, conf = 1.000)
  Band  8           : E        (freq = 0.613899, conf = 1.000)
  Band  9           : B_1      (freq = 0.668114, conf = 1.000)
  Band 10           : A_1      (freq = 0.766556, conf = 1.000)
==========================================================================================

==========================================================================================
EVALUATION #243 (Generation 08)
Parameters   : r1 = 0.245302, r2 = 0.207264
Cost         : 0.010067 | Dirac Freq: 0.460316 | Mapped to bands [6, 4, 5]
Connectivity : PASSED (Slab is continuous and unbroken across unit cell boundaries. (passes >=4px neck width constraint))
Top Band vg  : 0.000122 c (Band #6 at delta_k = 0.0010)
------------------------------------------------------------------------------------------
  Band  2           : A_2      (freq = 0.320424, conf = 1.000)
  Band  3           : B_2      (freq = 0.349285, conf = 1.000)
* Band  4 [Target #2]: E        (freq = 0.457999, conf = 1.000)
* Band  5 [Target #3]: E        (freq = 0.458006, conf = 1.000)
* Band  6 [Target #1]: A_2      (freq = 0.462633, conf = 1.000)
  Band  7           : E        (freq = 0.545427, conf = 1.000)
  Band  8           : E        (freq = 0.545431, conf = 1.000)
  Band  9           : B_1      (freq = 0.549036, conf = 1.000)
  Band 10           : A_1      (freq = 0.693672, conf = 1.000)
==========================================================================================

==========================================================================================
EVALUATION #244 (Generation 08)
Parameters   : r1 = 0.339052, r2 = 0.288514
Cost         : 0.125265 | Dirac Freq: 0.627924 | Mapped to bands [4, 5, 6]
Connectivity : PASSED (Slab is continuous and unbroken across unit cell boundaries. (passes >=4px neck width constraint))
Top Band vg  : 0.000047 c (Band #6 at delta_k = 0.0010)
------------------------------------------------------------------------------------------
  Band  2           : A_2      (freq = 0.427008, conf = 1.000)
  Band  3           : B_2      (freq = 0.501151, conf = 1.000)
* Band  4 [Target #1]: A_2      (freq = 0.588596, conf = 1.000)
* Band  5 [Target #2]: E        (freq = 0.667247, conf = 1.000)
* Band  6 [Target #3]: E        (freq = 0.667253, conf = 1.000)
  Band  7           : E        (freq = 0.744139, conf = 1.000)
  Band  8           : E        (freq = 0.744143, conf = 1.000)
  Band  9           : B_1      (freq = 0.929591, conf = 1.000)
  Band 10           : E        (freq = 0.982131, conf = 0.999)
==========================================================================================

==========================================================================================
EVALUATION #245 (Generation 08)
Parameters   : r1 = 0.207802, r2 = 0.319764
Cost         : 0.005864 | Dirac Freq: 0.525774 | Mapped to bands [4, 5, 6]
Connectivity : PASSED (Slab is continuous and unbroken across unit cell boundaries. (passes >=4px neck width constraint))
Top Band vg  : 0.000154 c (Band #6 at delta_k = 0.0010)
------------------------------------------------------------------------------------------
  Band  2           : A_2      (freq = 0.350056, conf = 1.000)
  Band  3           : B_2      (freq = 0.416670, conf = 1.000)
* Band  4 [Target #1]: A_2      (freq = 0.524232, conf = 1.000)
* Band  5 [Target #2]: E        (freq = 0.527306, conf = 1.000)
* Band  6 [Target #3]: E        (freq = 0.527315, conf = 1.000)
  Band  7           : E        (freq = 0.638801, conf = 1.000)
  Band  8           : E        (freq = 0.638805, conf = 1.000)
  Band  9           : B_1      (freq = 0.682014, conf = 1.000)
  Band 10           : B_2      (freq = 0.769618, conf = 1.000)
==========================================================================================

==========================================================================================
EVALUATION #246 (Generation 08)
Parameters   : r1 = 0.232802, r2 = 0.294764
Cost         : 0.059538 | Dirac Freq: 0.519047 | Mapped to bands [4, 5, 6]
Connectivity : PASSED (Slab is continuous and unbroken across unit cell boundaries. (passes >=4px neck width constraint))
Top Band vg  : 0.000094 c (Band #6 at delta_k = 0.0010)
------------------------------------------------------------------------------------------
  Band  2           : A_2      (freq = 0.347841, conf = 1.000)
  Band  3           : B_2      (freq = 0.400680, conf = 1.000)
* Band  4 [Target #1]: A_2      (freq = 0.503596, conf = 1.000)
* Band  5 [Target #2]: E        (freq = 0.534496, conf = 1.000)
* Band  6 [Target #3]: E        (freq = 0.534499, conf = 1.000)
  Band  7           : E        (freq = 0.618130, conf = 1.000)
  Band  8           : E        (freq = 0.618133, conf = 1.000)
  Band  9           : B_1      (freq = 0.669431, conf = 1.000)
  Band 10           : A_1      (freq = 0.769096, conf = 1.000)
==========================================================================================

==========================================================================================
EVALUATION #247 (Generation 08)
Parameters   : r1 = 0.357802, r2 = 0.269764
Cost         : 0.076256 | Dirac Freq: 0.637733 | Mapped to bands [4, 5, 6]
Connectivity : PASSED (Slab is continuous and unbroken across unit cell boundaries. (passes >=4px neck width constraint))
Top Band vg  : 0.000100 c (Band #6 at delta_k = 0.0010)
------------------------------------------------------------------------------------------
  Band  2           : A_2      (freq = 0.428170, conf = 1.000)
  Band  3           : B_2      (freq = 0.519797, conf = 1.000)
* Band  4 [Target #1]: A_2      (freq = 0.613418, conf = 1.000)
* Band  5 [Target #2]: E        (freq = 0.662047, conf = 1.000)
* Band  6 [Target #3]: E        (freq = 0.662049, conf = 1.000)
  Band  7           : E        (freq = 0.748726, conf = 1.000)
  Band  8           : E        (freq = 0.748737, conf = 1.000)
  Band  9           : B_1      (freq = 0.940835, conf = 1.000)
  Band 10           : B_2      (freq = 0.956426, conf = 1.000)
==========================================================================================

==========================================================================================
EVALUATION #248 (Generation 08)
Parameters   : r1 = 0.307802, r2 = 0.219764
Cost         : 0.034149 | Dirac Freq: 0.521627 | Mapped to bands [4, 5, 6]
Connectivity : PASSED (Slab is continuous and unbroken across unit cell boundaries. (passes >=4px neck width constraint))
Top Band vg  : 0.000070 c (Band #6 at delta_k = 0.0010)
------------------------------------------------------------------------------------------
  Band  2           : A_2      (freq = 0.348726, conf = 1.000)
  Band  3           : B_2      (freq = 0.407662, conf = 1.000)
* Band  4 [Target #1]: A_2      (freq = 0.512721, conf = 1.000)
* Band  5 [Target #2]: E        (freq = 0.530529, conf = 1.000)
* Band  6 [Target #3]: E        (freq = 0.530534, conf = 1.000)
  Band  7           : E        (freq = 0.628841, conf = 1.000)
  Band  8           : E        (freq = 0.628843, conf = 1.000)
  Band  9           : B_1      (freq = 0.676150, conf = 1.000)
  Band 10           : A_1      (freq = 0.782717, conf = 1.000)
==========================================================================================

==========================================================================================
EVALUATION #249 (Generation 08)
Parameters   : r1 = 0.351552, r2 = 0.201014
Cost         : 0.033716 | Dirac Freq: 0.565808 | Mapped to bands [6, 4, 5]
Connectivity : PASSED (Slab is continuous and unbroken across unit cell boundaries. (passes >=4px neck width constraint))
Top Band vg  : 0.000218 c (Band #6 at delta_k = 0.0010)
------------------------------------------------------------------------------------------
  Band  2           : A_2      (freq = 0.366294, conf = 1.000)
  Band  3           : B_2      (freq = 0.463596, conf = 1.000)
* Band  4 [Target #2]: E        (freq = 0.556269, conf = 1.000)
* Band  5 [Target #3]: E        (freq = 0.556286, conf = 1.000)
* Band  6 [Target #1]: A_2      (freq = 0.575346, conf = 1.000)
  Band  7           : E        (freq = 0.680599, conf = 1.000)
  Band  8           : E        (freq = 0.680602, conf = 1.000)
  Band  9           : B_1      (freq = 0.751517, conf = 1.000)
  Band 10           : B_2      (freq = 0.786144, conf = 1.000)
==========================================================================================

==========================================================================================
EVALUATION #250 (Generation 08)
Parameters   : r1 = 0.370302, r2 = 0.232264
Cost         : 0.001941 | Dirac Freq: 0.627142 | Mapped to bands [6, 4, 5]
Connectivity : PASSED (Slab is continuous and unbroken across unit cell boundaries. (passes >=4px neck width constraint))
Top Band vg  : 0.000641 c (Band #6 at delta_k = 0.0010)
------------------------------------------------------------------------------------------
  Band  2           : A_2      (freq = 0.403245, conf = 1.000)
  Band  3           : B_2      (freq = 0.520354, conf = 1.000)
* Band  4 [Target #2]: E        (freq = 0.626533, conf = 1.000)
* Band  5 [Target #3]: E        (freq = 0.626535, conf = 1.000)
* Band  6 [Target #1]: A_2      (freq = 0.627750, conf = 1.000)
  Band  7           : E        (freq = 0.728334, conf = 1.000)
  Band  8           : E        (freq = 0.728336, conf = 1.000)
  Band  9           : B_2      (freq = 0.877877, conf = 1.000)
  Band 10           : B_1      (freq = 0.886890, conf = 1.000)
==========================================================================================

==========================================================================================
EVALUATION #251 (Generation 08)
Parameters   : r1 = 0.395302, r2 = 0.257264
Cost         : 0.039831 | Dirac Freq: 0.708878 | Mapped to bands [6, 4, 5]
Connectivity : PASSED (Slab is continuous and unbroken across unit cell boundaries. (passes >=4px neck width constraint))
Top Band vg  : 0.000347 c (Band #6 at delta_k = 0.0010)
------------------------------------------------------------------------------------------
  Band  2           : A_2      (freq = 0.474740, conf = 1.000)
  Band  3           : B_2      (freq = 0.609083, conf = 1.000)
* Band  4 [Target #2]: E        (freq = 0.694761, conf = 1.000)
* Band  5 [Target #3]: E        (freq = 0.694762, conf = 1.000)
* Band  6 [Target #1]: A_2      (freq = 0.722996, conf = 1.000)
  Band  7           : E        (freq = 0.797465, conf = 1.000)
  Band  8           : E        (freq = 0.797487, conf = 1.000)
  Band  9           : B_2      (freq = 0.998000, conf = 1.000)
  Band 10           : B_1      (freq = 1.041470, conf = 1.000)
==========================================================================================

==========================================================================================
EVALUATION #252 (Generation 08)
Parameters   : r1 = 0.382802, r2 = 0.244764
Cost         : 0.013721 | Dirac Freq: 0.666567 | Mapped to bands [6, 4, 5]
Connectivity : PASSED (Slab is continuous and unbroken across unit cell boundaries. (passes >=4px neck width constraint))
Top Band vg  : 0.000055 c (Band #6 at delta_k = 0.0010)
------------------------------------------------------------------------------------------
  Band  2           : A_2      (freq = 0.432508, conf = 1.000)
  Band  3           : B_2      (freq = 0.561349, conf = 1.000)
* Band  4 [Target #2]: E        (freq = 0.661994, conf = 1.000)
* Band  5 [Target #3]: E        (freq = 0.661997, conf = 1.000)
* Band  6 [Target #1]: A_2      (freq = 0.671140, conf = 1.000)
  Band  7           : E        (freq = 0.757343, conf = 1.000)
  Band  8           : E        (freq = 0.757347, conf = 1.000)
  Band  9           : B_2      (freq = 0.934538, conf = 1.000)
  Band 10           : B_1      (freq = 0.966854, conf = 1.000)
==========================================================================================

==========================================================================================
EVALUATION #253 (Generation 08)
Parameters   : r1 = 0.282802, r2 = 0.344764
Cost         : 0.112055 | Dirac Freq: 0.630496 | Mapped to bands [4, 5, 6]
Connectivity : PASSED (Slab is continuous and unbroken across unit cell boundaries. (passes >=4px neck width constraint))
Top Band vg  : 0.000037 c (Band #6 at delta_k = 0.0010)
------------------------------------------------------------------------------------------
  Band  2           : A_2      (freq = 0.427293, conf = 1.000)
  Band  3           : B_2      (freq = 0.505836, conf = 1.000)
* Band  4 [Target #1]: A_2      (freq = 0.595171, conf = 1.000)
* Band  5 [Target #2]: E        (freq = 0.665803, conf = 1.000)
* Band  6 [Target #3]: E        (freq = 0.665821, conf = 1.000)
  Band  7           : E        (freq = 0.745372, conf = 1.000)
  Band  8           : E        (freq = 0.745380, conf = 1.000)
  Band  9           : B_1      (freq = 0.934825, conf = 1.000)
  Band 10           : B_2      (freq = 0.977432, conf = 1.000)
==========================================================================================

==========================================================================================
EVALUATION #254 (Generation 08)
Parameters   : r1 = 0.201552, r2 = 0.351014
Cost         : 0.031874 | Dirac Freq: 0.565325 | Mapped to bands [6, 4, 5]
Connectivity : PASSED (Slab is continuous and unbroken across unit cell boundaries. (passes >=4px neck width constraint))
Top Band vg  : 0.000220 c (Band #6 at delta_k = 0.0010)
------------------------------------------------------------------------------------------
  Band  2           : A_2      (freq = 0.366184, conf = 1.000)
  Band  3           : B_2      (freq = 0.462822, conf = 1.000)
* Band  4 [Target #2]: E        (freq = 0.556315, conf = 1.000)
* Band  5 [Target #3]: E        (freq = 0.556331, conf = 1.000)
* Band  6 [Target #1]: A_2      (freq = 0.574334, conf = 1.000)
  Band  7           : E        (freq = 0.680143, conf = 1.000)
  Band  8           : E        (freq = 0.680146, conf = 1.000)
  Band  9           : B_1      (freq = 0.751070, conf = 1.000)
  Band 10           : B_2      (freq = 0.786552, conf = 1.000)
==========================================================================================

==========================================================================================
EVALUATION #255 (Generation 08)
Parameters   : r1 = 0.220302, r2 = 0.382264
Cost         : 0.049931 | Dirac Freq: 0.643968 | Mapped to bands [6, 4, 5]
Connectivity : PASSED (Slab is continuous and unbroken across unit cell boundaries. (passes >=4px neck width constraint))
Top Band vg  : 0.000212 c (Band #6 at delta_k = 0.0010)
------------------------------------------------------------------------------------------
  Band  2           : A_2      (freq = 0.406279, conf = 1.000)
  Band  3           : B_2      (freq = 0.543408, conf = 1.000)
* Band  4 [Target #2]: E        (freq = 0.627891, conf = 1.000)
* Band  5 [Target #3]: E        (freq = 0.627903, conf = 1.000)
* Band  6 [Target #1]: A_2      (freq = 0.660045, conf = 1.000)
  Band  7           : E        (freq = 0.734388, conf = 1.000)
  Band  8           : E        (freq = 0.734394, conf = 1.000)
  Band  9           : B_2      (freq = 0.873701, conf = 1.000)
  Band 10           : B_1      (freq = 0.899265, conf = 1.000)
==========================================================================================

==========================================================================================
EVALUATION #256 (Generation 08)
Parameters   : r1 = 0.214052, r2 = 0.213514
Cost         : 0.033533 | Dirac Freq: 0.444844 | Mapped to bands [6, 4, 5]
Connectivity : PASSED (Slab is continuous and unbroken across unit cell boundaries. (passes >=4px neck width constraint))
Top Band vg  : 0.000151 c (Band #6 at delta_k = 0.0010)
------------------------------------------------------------------------------------------
  Band  2           : A_2      (freq = 0.313956, conf = 1.000)
  Band  3           : B_2      (freq = 0.336326, conf = 1.000)
* Band  4 [Target #2]: E        (freq = 0.437386, conf = 1.000)
* Band  5 [Target #3]: E        (freq = 0.437388, conf = 1.000)
* Band  6 [Target #1]: A_2      (freq = 0.452303, conf = 1.000)
  Band  7           : B_1      (freq = 0.520903, conf = 1.000)
  Band  8           : E        (freq = 0.525716, conf = 1.000)
  Band  9           : E        (freq = 0.525717, conf = 1.000)
  Band 10           : A_1      (freq = 0.678116, conf = 1.000)
==========================================================================================

