==========================================================================================
EVALUATION #001 (Generation 01)
Parameters : r1 = 0.050000, r2 = 0.170000
Cost       : 0.149513 | Dirac Freq: 0.646164 | Mapped to bands [7, 5, 6]
------------------------------------------------------------------------------------------
  Band  2           : E_2      (freq = 0.400753, conf = 1.000)
  Band  3           : E_2      (freq = 0.401303, conf = 1.000)
  Band  4           : B_2      (freq = 0.549297, conf = 0.998)
* Band  5 [Target #2]: E_1      (freq = 0.597859, conf = 0.998)
* Band  6 [Target #3]: E_1      (freq = 0.598078, conf = 1.000)
* Band  7 [Target #1]: A_1      (freq = 0.694469, conf = 0.999)
  Band  8           : B_1      (freq = 0.738665, conf = 1.000)
  Band  9           : E_1      (freq = 0.756513, conf = 1.000)
  Band 10           : E_1      (freq = 0.757861, conf = 1.000)
==========================================================================================

==========================================================================================
EVALUATION #002 (Generation 01)
Parameters : r1 = 0.050000, r2 = 0.103333
Cost       : 0.234799 | Dirac Freq: 0.815630 | Mapped to bands [4, 6, 7]
------------------------------------------------------------------------------------------
  Band  2           : E_2      (freq = 0.518603, conf = 1.000)
  Band  3           : E_2      (freq = 0.519233, conf = 1.000)
* Band  4 [Target #1]: A_1      (freq = 0.719875, conf = 0.998)
  Band  5           : B_2      (freq = 0.865979, conf = 0.979)
* Band  6 [Target #2]: E_1      (freq = 0.909626, conf = 0.977)
* Band  7 [Target #3]: E_1      (freq = 0.911384, conf = 0.998)
  Band  8           : B_1      (freq = 1.087610, conf = 0.985)
  Band  9           : E_1      (freq = 1.097290, conf = 0.999)
  Band 10           : E_1      (freq = 1.107620, conf = 0.984)
==========================================================================================

==========================================================================================
EVALUATION #003 (Generation 01)
Parameters : r1 = 0.050000, r2 = 0.130000
Cost       : 0.065511 | Dirac Freq: 0.734156 | Mapped to bands [4, 6, 7]
------------------------------------------------------------------------------------------
  Band  2           : E_2      (freq = 0.456383, conf = 1.000)
  Band  3           : E_2      (freq = 0.456722, conf = 1.000)
* Band  4 [Target #1]: A_1      (freq = 0.710109, conf = 0.999)
  Band  5           : B_2      (freq = 0.712999, conf = 0.998)
* Band  6 [Target #2]: E_1      (freq = 0.758088, conf = 0.998)
* Band  7 [Target #3]: E_1      (freq = 0.758204, conf = 1.000)
  Band  8           : B_1      (freq = 0.896157, conf = 0.999)
  Band  9           : E_1      (freq = 0.910728, conf = 0.999)
  Band 10           : E_1      (freq = 0.911337, conf = 0.999)
==========================================================================================

==========================================================================================
EVALUATION #004 (Generation 01)
Parameters : r1 = 0.050000, r2 = 0.076667
Cost       : 0.346904 | Dirac Freq: 0.901273 | Mapped to bands [4, 6, 7]
------------------------------------------------------------------------------------------
  Band  2           : E_2      (freq = 0.617246, conf = 1.000)
  Band  3           : E_2      (freq = 0.617691, conf = 1.000)
* Band  4 [Target #1]: A_1      (freq = 0.744945, conf = 0.998)
  Band  5           : B_2      (freq = 1.028430, conf = 0.981)
* Band  6 [Target #2]: E_1      (freq = 1.054920, conf = 0.978)
* Band  7 [Target #3]: E_1      (freq = 1.057600, conf = 0.999)
  Band  8           : A_1      (freq = 1.256810, conf = 0.995)
  Band  9           : B_1      (freq = 1.365060, conf = 0.992)
  Band 10           : E_1      (freq = 1.382170, conf = 0.990)
==========================================================================================

==========================================================================================
EVALUATION #005 (Generation 01)
Parameters : r1 = 0.050000, r2 = 0.090000
Cost       : 0.305428 | Dirac Freq: 0.859198 | Mapped to bands [4, 6, 7]
------------------------------------------------------------------------------------------
  Band  2           : E_2      (freq = 0.557810, conf = 0.999)
  Band  3           : E_2      (freq = 0.558233, conf = 1.000)
* Band  4 [Target #1]: A_1      (freq = 0.727987, conf = 0.998)
  Band  5           : B_2      (freq = 0.952233, conf = 0.993)
* Band  6 [Target #2]: E_1      (freq = 0.988825, conf = 0.992)
* Band  7 [Target #3]: E_1      (freq = 0.990410, conf = 0.999)
  Band  8           : B_1      (freq = 1.201430, conf = 0.974)
  Band  9           : E_1      (freq = 1.213170, conf = 0.971)
  Band 10           : E_1      (freq = 1.219360, conf = 0.992)
==========================================================================================

==========================================================================================
EVALUATION #006 (Generation 01)
Parameters : r1 = 0.050000, r2 = 0.116667
Cost       : 0.151366 | Dirac Freq: 0.773101 | Mapped to bands [4, 6, 7]
------------------------------------------------------------------------------------------
  Band  2           : E_2      (freq = 0.485766, conf = 1.000)
  Band  3           : E_2      (freq = 0.486358, conf = 1.000)
* Band  4 [Target #1]: A_1      (freq = 0.714591, conf = 0.998)
  Band  5           : B_2      (freq = 0.784669, conf = 0.985)
* Band  6 [Target #2]: E_1      (freq = 0.830223, conf = 0.983)
* Band  7 [Target #3]: E_1      (freq = 0.831612, conf = 0.998)
  Band  8           : B_1      (freq = 0.985762, conf = 0.986)
  Band  9           : E_1      (freq = 0.995536, conf = 1.000)
  Band 10           : E_1      (freq = 1.006410, conf = 0.985)
==========================================================================================

==========================================================================================
EVALUATION #007 (Generation 01)
Parameters : r1 = 0.050000, r2 = 0.050000
Cost       : 0.178362 | Dirac Freq: 1.228960 | Mapped to bands [8, 5, 6]
------------------------------------------------------------------------------------------
  Band  2           : E_2      (freq = 0.793702, conf = 0.662)
  Band  3           : E_2      (freq = 0.793702, conf = 0.670)
  Band  4           : E_2      (freq = 0.795197, conf = 0.667)
* Band  5 [Target #2]: E_1      (freq = 1.119360, conf = 0.667)
* Band  6 [Target #3]: E_1      (freq = 1.128160, conf = 0.668)
  Band  7           : E_1      (freq = 1.128170, conf = 0.665)
* Band  8 [Target #1]: A_1      (freq = 1.338560, conf = 0.983)
  Band  9           : E_2      (freq = 1.621290, conf = 0.672)
  Band 10           : E_2      (freq = 1.624900, conf = 0.514)
==========================================================================================

==========================================================================================
EVALUATION #008 (Generation 01)
Parameters : r1 = 0.066667, r2 = 0.050000
Cost       : 0.444668 | Dirac Freq: 0.905939 | Mapped to bands [2, 5, 6]
------------------------------------------------------------------------------------------
* Band  2 [Target #1]: A_1      (freq = 0.704518, conf = 0.999)
  Band  3           : E_2      (freq = 0.793683, conf = 0.998)
  Band  4           : E_2      (freq = 0.794674, conf = 0.998)
* Band  5 [Target #2]: E_1      (freq = 1.098740, conf = 0.981)
* Band  6 [Target #3]: E_1      (freq = 1.107360, conf = 1.000)
  Band  7           : B_2      (freq = 1.125730, conf = 0.983)
  Band  8           : A_1      (freq = 1.321340, conf = 0.987)
  Band  9           : E_1      (freq = 1.599710, conf = 0.990)
  Band 10           : A_1      (freq = 1.617150, conf = 0.914)
==========================================================================================

==========================================================================================
EVALUATION #009 (Generation 01)
Parameters : r1 = 0.050000, r2 = 0.143333
Cost       : 0.014631 | Dirac Freq: 0.700894 | Mapped to bands [7, 5, 6]
------------------------------------------------------------------------------------------
  Band  2           : E_2      (freq = 0.432385, conf = 1.000)
  Band  3           : E_2      (freq = 0.432623, conf = 1.000)
  Band  4           : B_2      (freq = 0.650998, conf = 0.999)
* Band  5 [Target #2]: E_1      (freq = 0.695767, conf = 0.999)
* Band  6 [Target #3]: E_1      (freq = 0.696570, conf = 0.999)
* Band  7 [Target #1]: A_1      (freq = 0.706022, conf = 0.998)
  Band  8           : B_1      (freq = 0.826596, conf = 0.982)
  Band  9           : E_1      (freq = 0.838834, conf = 0.980)
  Band 10           : E_1      (freq = 0.845480, conf = 0.999)
==========================================================================================

==========================================================================================
EVALUATION #010 (Generation 01)
Parameters : r1 = 0.066667, r2 = 0.090000
Cost       : 0.413951 | Dirac Freq: 0.815058 | Mapped to bands [4, 6, 7]
------------------------------------------------------------------------------------------
  Band  2           : E_2      (freq = 0.557807, conf = 0.999)
  Band  3           : E_2      (freq = 0.558226, conf = 1.000)
* Band  4 [Target #1]: A_1      (freq = 0.646361, conf = 1.000)
  Band  5           : B_2      (freq = 0.952183, conf = 0.990)
* Band  6 [Target #2]: E_1      (freq = 0.981358, conf = 0.989)
* Band  7 [Target #3]: E_1      (freq = 0.983755, conf = 0.999)
  Band  8           : B_1      (freq = 1.201400, conf = 0.972)
  Band  9           : A_1      (freq = 1.205930, conf = 0.998)
  Band 10           : E_1      (freq = 1.212960, conf = 0.969)
==========================================================================================

==========================================================================================
EVALUATION #011 (Generation 01)
Parameters : r1 = 0.050000, r2 = 0.210000
Cost       : 0.270597 | Dirac Freq: 0.563739 | Mapped to bands [7, 5, 6]
------------------------------------------------------------------------------------------
  Band  2           : E_2      (freq = 0.367455, conf = 1.000)
  Band  3           : E_2      (freq = 0.367725, conf = 1.000)
  Band  4           : B_2      (freq = 0.436400, conf = 1.000)
* Band  5 [Target #2]: E_1      (freq = 0.487466, conf = 1.000)
* Band  6 [Target #3]: E_1      (freq = 0.487864, conf = 1.000)
* Band  7 [Target #1]: A_1      (freq = 0.640012, conf = 0.999)
  Band  8           : B_1      (freq = 0.648763, conf = 0.999)
  Band  9           : E_1      (freq = 0.672007, conf = 0.999)
  Band 10           : E_1      (freq = 0.673688, conf = 1.000)
==========================================================================================

==========================================================================================
EVALUATION #012 (Generation 01)
Parameters : r1 = 0.050000, r2 = 0.183333
Cost       : 0.206551 | Dirac Freq: 0.619659 | Mapped to bands [7, 5, 6]
------------------------------------------------------------------------------------------
  Band  2           : E_2      (freq = 0.387566, conf = 1.000)
  Band  3           : E_2      (freq = 0.387829, conf = 1.000)
  Band  4           : B_2      (freq = 0.506639, conf = 1.000)
* Band  5 [Target #2]: E_1      (freq = 0.555663, conf = 1.000)
* Band  6 [Target #3]: E_1      (freq = 0.556056, conf = 1.000)
* Band  7 [Target #1]: A_1      (freq = 0.683654, conf = 0.999)
  Band  8           : B_1      (freq = 0.700895, conf = 0.999)
  Band  9           : E_1      (freq = 0.720539, conf = 0.999)
  Band 10           : E_1      (freq = 0.721995, conf = 1.000)
==========================================================================================

==========================================================================================
EVALUATION #013 (Generation 01)
Parameters : r1 = 0.050000, r2 = 0.196667
Cost       : 0.249189 | Dirac Freq: 0.592423 | Mapped to bands [7, 5, 6]
------------------------------------------------------------------------------------------
  Band  2           : E_2      (freq = 0.376084, conf = 1.000)
  Band  3           : E_2      (freq = 0.376113, conf = 1.000)
  Band  4           : B_2      (freq = 0.469239, conf = 1.000)
* Band  5 [Target #2]: E_1      (freq = 0.518610, conf = 1.000)
* Band  6 [Target #3]: E_1      (freq = 0.519587, conf = 1.000)
* Band  7 [Target #1]: A_1      (freq = 0.666235, conf = 0.999)
  Band  8           : B_1      (freq = 0.669402, conf = 0.998)
  Band  9           : E_1      (freq = 0.689487, conf = 0.998)
  Band 10           : E_1      (freq = 0.693529, conf = 1.000)
==========================================================================================

==========================================================================================
EVALUATION #014 (Generation 01)
Parameters : r1 = 0.050000, r2 = 0.156667
Cost       : 0.084668 | Dirac Freq: 0.672908 | Mapped to bands [7, 5, 6]
------------------------------------------------------------------------------------------
  Band  2           : E_2      (freq = 0.415248, conf = 1.000)
  Band  3           : E_2      (freq = 0.415725, conf = 1.000)
  Band  4           : B_2      (freq = 0.597326, conf = 0.998)
* Band  5 [Target #2]: E_1      (freq = 0.644421, conf = 0.998)
* Band  6 [Target #3]: E_1      (freq = 0.644541, conf = 1.000)
* Band  7 [Target #1]: A_1      (freq = 0.701395, conf = 0.999)
  Band  8           : B_1      (freq = 0.779330, conf = 0.999)
  Band  9           : E_1      (freq = 0.795852, conf = 0.999)
  Band 10           : E_1      (freq = 0.796159, conf = 0.999)
==========================================================================================

==========================================================================================
EVALUATION #015 (Generation 01)
Parameters : r1 = 0.050000, r2 = 0.223333
Cost       : 0.278055 | Dirac Freq: 0.533686 | Mapped to bands [7, 5, 6]
------------------------------------------------------------------------------------------
  Band  2           : E_2      (freq = 0.360228, conf = 1.000)
  Band  3           : E_2      (freq = 0.360456, conf = 1.000)
  Band  4           : B_2      (freq = 0.408172, conf = 1.000)
* Band  5 [Target #2]: E_1      (freq = 0.459489, conf = 1.000)
* Band  6 [Target #3]: E_1      (freq = 0.459987, conf = 1.000)
* Band  7 [Target #1]: A_1      (freq = 0.607883, conf = 1.000)
  Band  8           : B_1      (freq = 0.632260, conf = 1.000)
  Band  9           : E_1      (freq = 0.658324, conf = 1.000)
  Band 10           : E_1      (freq = 0.658585, conf = 1.000)
==========================================================================================

==========================================================================================
EVALUATION #016 (Generation 01)
Parameters : r1 = 0.066667, r2 = 0.076667
Cost       : 0.449889 | Dirac Freq: 0.853778 | Mapped to bands [4, 6, 7]
------------------------------------------------------------------------------------------
  Band  2           : E_2      (freq = 0.617240, conf = 1.000)
  Band  3           : E_2      (freq = 0.617680, conf = 1.000)
* Band  4 [Target #1]: A_1      (freq = 0.661725, conf = 1.000)
  Band  5           : B_2      (freq = 1.028010, conf = 0.939)
* Band  6 [Target #2]: E_1      (freq = 1.042100, conf = 0.931)
* Band  7 [Target #3]: E_1      (freq = 1.045830, conf = 0.999)
  Band  8           : A_1      (freq = 1.232120, conf = 0.998)
  Band  9           : B_1      (freq = 1.365050, conf = 0.992)
  Band 10           : E_1      (freq = 1.380160, conf = 0.990)
==========================================================================================

==========================================================================================
EVALUATION #017 (Generation 01)
Parameters : r1 = 0.050000, r2 = 0.236667
Cost       : 0.274949 | Dirac Freq: 0.504247 | Mapped to bands [7, 5, 6]
------------------------------------------------------------------------------------------
  Band  2           : E_2      (freq = 0.353656, conf = 1.000)
  Band  3           : E_2      (freq = 0.353898, conf = 1.000)
  Band  4           : B_2      (freq = 0.384910, conf = 1.000)
* Band  5 [Target #2]: E_1      (freq = 0.434926, conf = 1.000)
* Band  6 [Target #3]: E_1      (freq = 0.435404, conf = 1.000)
* Band  7 [Target #1]: A_1      (freq = 0.573568, conf = 1.000)
  Band  8           : B_1      (freq = 0.617228, conf = 1.000)
  Band  9           : E_1      (freq = 0.645496, conf = 1.000)
  Band 10           : E_1      (freq = 0.645966, conf = 1.000)
==========================================================================================

==========================================================================================
EVALUATION #018 (Generation 01)
Parameters : r1 = 0.050000, r2 = 0.063333
Cost       : 0.356539 | Dirac Freq: 0.935559 | Mapped to bands [4, 6, 7]
------------------------------------------------------------------------------------------
  Band  2           : E_2      (freq = 0.698436, conf = 1.000)
  Band  3           : E_2      (freq = 0.699112, conf = 1.000)
* Band  4 [Target #1]: A_1      (freq = 0.768777, conf = 0.998)
  Band  5           : B_2      (freq = 1.084390, conf = 0.871)
* Band  6 [Target #2]: E_1      (freq = 1.099160, conf = 0.853)
* Band  7 [Target #3]: E_1      (freq = 1.102340, conf = 0.999)
  Band  8           : A_1      (freq = 1.292760, conf = 0.992)
  Band  9           : B_1      (freq = 1.581080, conf = 0.879)
  Band 10           : E_1      (freq = 1.594850, conf = 0.987)
==========================================================================================

==========================================================================================
EVALUATION #019 (Generation 01)
Parameters : r1 = 0.066667, r2 = 0.063333
Cost       : 0.455766 | Dirac Freq: 0.883822 | Mapped to bands [2, 5, 6]
------------------------------------------------------------------------------------------
* Band  2 [Target #1]: A_1      (freq = 0.682414, conf = 0.999)
  Band  3           : E_2      (freq = 0.698426, conf = 1.000)
  Band  4           : E_2      (freq = 0.699113, conf = 0.999)
* Band  5 [Target #2]: E_1      (freq = 1.075910, conf = 0.834)
* Band  6 [Target #3]: E_1      (freq = 1.085230, conf = 0.999)
  Band  7           : B_2      (freq = 1.088640, conf = 0.854)
  Band  8           : A_1      (freq = 1.271670, conf = 0.995)
  Band  9           : E_1      (freq = 1.545270, conf = 0.990)
  Band 10           : E_1      (freq = 1.560810, conf = 0.653)
==========================================================================================

==========================================================================================
EVALUATION #020 (Generation 01)
Parameters : r1 = 0.050000, r2 = 0.250000
Cost       : 0.274557 | Dirac Freq: 0.473151 | Mapped to bands [7, 5, 6]
------------------------------------------------------------------------------------------
  Band  2           : E_2      (freq = 0.345816, conf = 1.000)
  Band  3           : E_2      (freq = 0.346989, conf = 1.000)
  Band  4           : B_2      (freq = 0.358993, conf = 0.996)
* Band  5 [Target #2]: E_1      (freq = 0.408197, conf = 0.997)
* Band  6 [Target #3]: E_1      (freq = 0.412814, conf = 0.998)
* Band  7 [Target #1]: A_1      (freq = 0.538104, conf = 0.998)
  Band  8           : B_1      (freq = 0.603798, conf = 1.000)
  Band  9           : E_1      (freq = 0.628907, conf = 0.999)
  Band 10           : E_1      (freq = 0.632669, conf = 1.000)
==========================================================================================

==========================================================================================
EVALUATION #021 (Generation 02)
Parameters : r1 = 0.066667, r2 = 0.103333
Cost       : 0.349249 | Dirac Freq: 0.772780 | Mapped to bands [4, 6, 7]
------------------------------------------------------------------------------------------
  Band  2           : E_2      (freq = 0.518600, conf = 1.000)
  Band  3           : E_2      (freq = 0.519228, conf = 1.000)
* Band  4 [Target #1]: A_1      (freq = 0.637834, conf = 1.000)
  Band  5           : B_2      (freq = 0.865909, conf = 0.976)
* Band  6 [Target #2]: E_1      (freq = 0.905617, conf = 0.973)
* Band  7 [Target #3]: E_1      (freq = 0.907727, conf = 0.998)
  Band  8           : B_1      (freq = 1.087590, conf = 0.984)
  Band  9           : E_1      (freq = 1.097160, conf = 0.999)
  Band 10           : E_1      (freq = 1.107440, conf = 0.983)
==========================================================================================

==========================================================================================
EVALUATION #022 (Generation 02)
Parameters : r1 = 0.066667, r2 = 0.183333
Cost       : 0.095974 | Dirac Freq: 0.583233 | Mapped to bands [7, 5, 6]
------------------------------------------------------------------------------------------
  Band  2           : E_2      (freq = 0.387565, conf = 1.000)
  Band  3           : E_2      (freq = 0.387826, conf = 1.000)
  Band  4           : B_2      (freq = 0.506638, conf = 1.000)
* Band  5 [Target #2]: E_1      (freq = 0.555246, conf = 1.000)
* Band  6 [Target #3]: E_1      (freq = 0.555606, conf = 1.000)
* Band  7 [Target #1]: A_1      (freq = 0.611221, conf = 1.000)
  Band  8           : B_1      (freq = 0.700894, conf = 0.999)
  Band  9           : E_1      (freq = 0.720506, conf = 0.999)
  Band 10           : E_1      (freq = 0.721957, conf = 1.000)
==========================================================================================

==========================================================================================
EVALUATION #023 (Generation 02)
Parameters : r1 = 0.066667, r2 = 0.143333
Cost       : 0.110200 | Dirac Freq: 0.659309 | Mapped to bands [4, 6, 7]
------------------------------------------------------------------------------------------
  Band  2           : E_2      (freq = 0.432383, conf = 1.000)
  Band  3           : E_2      (freq = 0.432620, conf = 1.000)
* Band  4 [Target #1]: A_1      (freq = 0.622981, conf = 1.000)
  Band  5           : B_2      (freq = 0.650997, conf = 0.999)
* Band  6 [Target #2]: E_1      (freq = 0.694911, conf = 0.999)
* Band  7 [Target #3]: E_1      (freq = 0.695637, conf = 0.999)
  Band  8           : B_1      (freq = 0.826593, conf = 0.982)
  Band  9           : E_1      (freq = 0.838803, conf = 0.980)
  Band 10           : E_1      (freq = 0.845427, conf = 0.999)
==========================================================================================

==========================================================================================
EVALUATION #024 (Generation 02)
Parameters : r1 = 0.083333, r2 = 0.050000
Cost       : 0.502602 | Dirac Freq: 0.843546 | Mapped to bands [2, 5, 6]
------------------------------------------------------------------------------------------
* Band  2 [Target #1]: A_1      (freq = 0.631562, conf = 0.999)
  Band  3           : E_2      (freq = 0.793653, conf = 0.998)
  Band  4           : E_2      (freq = 0.794598, conf = 0.998)
* Band  5 [Target #2]: E_1      (freq = 1.052290, conf = 0.998)
* Band  6 [Target #3]: E_1      (freq = 1.055530, conf = 0.999)
  Band  7           : B_2      (freq = 1.125240, conf = 0.998)
  Band  8           : A_1      (freq = 1.309560, conf = 0.988)
  Band  9           : E_1      (freq = 1.398750, conf = 0.994)
  Band 10           : E_1      (freq = 1.421360, conf = 0.993)
==========================================================================================

==========================================================================================
EVALUATION #025 (Generation 02)
Parameters : r1 = 0.066667, r2 = 0.116667
Cost       : 0.270652 | Dirac Freq: 0.730660 | Mapped to bands [4, 6, 7]
------------------------------------------------------------------------------------------
  Band  2           : E_2      (freq = 0.485763, conf = 1.000)
  Band  3           : E_2      (freq = 0.486354, conf = 1.000)
* Band  4 [Target #1]: A_1      (freq = 0.631783, conf = 1.000)
  Band  5           : B_2      (freq = 0.784643, conf = 0.984)
* Band  6 [Target #2]: E_1      (freq = 0.827956, conf = 0.982)
* Band  7 [Target #3]: E_1      (freq = 0.829538, conf = 0.998)
  Band  8           : B_1      (freq = 0.985745, conf = 0.986)
  Band  9           : E_1      (freq = 0.995467, conf = 1.000)
  Band 10           : E_1      (freq = 1.006300, conf = 0.985)
==========================================================================================

==========================================================================================
EVALUATION #026 (Generation 02)
Parameters : r1 = 0.066667, r2 = 0.130000
Cost       : 0.188071 | Dirac Freq: 0.691881 | Mapped to bands [4, 6, 7]
------------------------------------------------------------------------------------------
  Band  2           : E_2      (freq = 0.456380, conf = 1.000)
  Band  3           : E_2      (freq = 0.456718, conf = 1.000)
* Band  4 [Target #1]: A_1      (freq = 0.626819, conf = 1.000)
  Band  5           : B_2      (freq = 0.712997, conf = 0.998)
* Band  6 [Target #2]: E_1      (freq = 0.756710, conf = 0.998)
* Band  7 [Target #3]: E_1      (freq = 0.756942, conf = 1.000)
  Band  8           : B_1      (freq = 0.896156, conf = 0.999)
  Band  9           : E_1      (freq = 0.910674, conf = 0.999)
  Band 10           : E_1      (freq = 0.911275, conf = 0.999)
==========================================================================================

==========================================================================================
EVALUATION #027 (Generation 02)
Parameters : r1 = 0.083333, r2 = 0.090000
Cost       : 0.505291 | Dirac Freq: 0.771948 | Mapped to bands [4, 6, 7]
------------------------------------------------------------------------------------------
  Band  2           : E_2      (freq = 0.557801, conf = 0.999)
  Band  3           : E_2      (freq = 0.558207, conf = 0.999)
* Band  4 [Target #1]: A_1      (freq = 0.576919, conf = 0.999)
  Band  5           : B_2      (freq = 0.951914, conf = 0.962)
* Band  6 [Target #2]: E_1      (freq = 0.965207, conf = 0.957)
* Band  7 [Target #3]: E_1      (freq = 0.966978, conf = 0.999)
  Band  8           : A_1      (freq = 1.189450, conf = 0.999)
  Band  9           : B_1      (freq = 1.201190, conf = 0.949)
  Band 10           : E_1      (freq = 1.210940, conf = 0.944)
==========================================================================================

==========================================================================================
EVALUATION #028 (Generation 02)
Parameters : r1 = 0.066667, r2 = 0.223333
Cost       : 0.215659 | Dirac Freq: 0.514706 | Mapped to bands [7, 5, 6]
------------------------------------------------------------------------------------------
  Band  2           : E_2      (freq = 0.360226, conf = 1.000)
  Band  3           : E_2      (freq = 0.360453, conf = 1.000)
  Band  4           : B_2      (freq = 0.408172, conf = 1.000)
* Band  5 [Target #2]: E_1      (freq = 0.459205, conf = 1.000)
* Band  6 [Target #3]: E_1      (freq = 0.459724, conf = 1.000)
* Band  7 [Target #1]: A_1      (freq = 0.570206, conf = 1.000)
  Band  8           : B_1      (freq = 0.632259, conf = 1.000)
  Band  9           : E_1      (freq = 0.658279, conf = 1.000)
  Band 10           : E_1      (freq = 0.658535, conf = 1.000)
==========================================================================================

==========================================================================================
EVALUATION #029 (Generation 02)
Parameters : r1 = 0.083333, r2 = 0.143333
Cost       : 0.229128 | Dirac Freq: 0.622626 | Mapped to bands [4, 6, 7]
------------------------------------------------------------------------------------------
  Band  2           : E_2      (freq = 0.432380, conf = 1.000)
  Band  3           : E_2      (freq = 0.432612, conf = 1.000)
* Band  4 [Target #1]: A_1      (freq = 0.551295, conf = 0.999)
  Band  5           : B_2      (freq = 0.650996, conf = 0.999)
* Band  6 [Target #2]: E_1      (freq = 0.693344, conf = 0.999)
* Band  7 [Target #3]: E_1      (freq = 0.693956, conf = 0.999)
  Band  8           : B_1      (freq = 0.826586, conf = 0.982)
  Band  9           : E_1      (freq = 0.838738, conf = 0.979)
  Band 10           : E_1      (freq = 0.845320, conf = 0.999)
==========================================================================================

==========================================================================================
EVALUATION #030 (Generation 02)
Parameters : r1 = 0.083333, r2 = 0.063333
Cost       : 0.521340 | Dirac Freq: 0.826370 | Mapped to bands [2, 5, 6]
------------------------------------------------------------------------------------------
* Band  2 [Target #1]: A_1      (freq = 0.610960, conf = 0.999)
  Band  3           : E_2      (freq = 0.698410, conf = 1.000)
  Band  4           : E_2      (freq = 0.699063, conf = 1.000)
* Band  5 [Target #2]: E_1      (freq = 1.038050, conf = 0.994)
* Band  6 [Target #3]: E_1      (freq = 1.041780, conf = 0.999)
  Band  7           : B_2      (freq = 1.086710, conf = 0.994)
  Band  8           : A_1      (freq = 1.257910, conf = 0.996)
  Band  9           : E_1      (freq = 1.364940, conf = 0.990)
  Band 10           : E_1      (freq = 1.385010, conf = 0.992)
==========================================================================================

==========================================================================================
EVALUATION #031 (Generation 02)
Parameters : r1 = 0.083333, r2 = 0.103333
Cost       : 0.451916 | Dirac Freq: 0.733565 | Mapped to bands [4, 6, 7]
------------------------------------------------------------------------------------------
  Band  2           : E_2      (freq = 0.518596, conf = 1.000)
  Band  3           : E_2      (freq = 0.519214, conf = 1.000)
* Band  4 [Target #1]: A_1      (freq = 0.567810, conf = 0.999)
  Band  5           : B_2      (freq = 0.865728, conf = 0.965)
* Band  6 [Target #2]: E_1      (freq = 0.897338, conf = 0.961)
* Band  7 [Target #3]: E_1      (freq = 0.899320, conf = 0.999)
  Band  8           : B_1      (freq = 1.087480, conf = 0.981)
  Band  9           : E_1      (freq = 1.096790, conf = 0.999)
  Band 10           : E_1      (freq = 1.106680, conf = 0.980)
==========================================================================================

==========================================================================================
EVALUATION #032 (Generation 02)
Parameters : r1 = 0.066667, r2 = 0.196667
Cost       : 0.151011 | Dirac Freq: 0.560594 | Mapped to bands [7, 5, 6]
------------------------------------------------------------------------------------------
  Band  2           : E_2      (freq = 0.376082, conf = 1.000)
  Band  3           : E_2      (freq = 0.376111, conf = 1.000)
  Band  4           : B_2      (freq = 0.469239, conf = 1.000)
* Band  5 [Target #2]: E_1      (freq = 0.518266, conf = 1.000)
* Band  6 [Target #3]: E_1      (freq = 0.519216, conf = 1.000)
* Band  7 [Target #1]: A_1      (freq = 0.602922, conf = 1.000)
  Band  8           : B_1      (freq = 0.669401, conf = 0.998)
  Band  9           : E_1      (freq = 0.689455, conf = 0.998)
  Band 10           : E_1      (freq = 0.693488, conf = 1.000)
==========================================================================================

==========================================================================================
EVALUATION #033 (Generation 02)
Parameters : r1 = 0.066667, r2 = 0.236667
Cost       : 0.228340 | Dirac Freq: 0.490698 | Mapped to bands [7, 5, 6]
------------------------------------------------------------------------------------------
  Band  2           : E_2      (freq = 0.353653, conf = 1.000)
  Band  3           : E_2      (freq = 0.353896, conf = 1.000)
  Band  4           : B_2      (freq = 0.384910, conf = 1.000)
* Band  5 [Target #2]: E_1      (freq = 0.434675, conf = 1.000)
* Band  6 [Target #3]: E_1      (freq = 0.435168, conf = 1.000)
* Band  7 [Target #1]: A_1      (freq = 0.546721, conf = 1.000)
  Band  8           : B_1      (freq = 0.617227, conf = 1.000)
  Band  9           : E_1      (freq = 0.645445, conf = 1.000)
  Band 10           : E_1      (freq = 0.645908, conf = 1.000)
==========================================================================================

==========================================================================================
EVALUATION #034 (Generation 02)
Parameters : r1 = 0.066667, r2 = 0.210000
Cost       : 0.189737 | Dirac Freq: 0.538229 | Mapped to bands [7, 5, 6]
------------------------------------------------------------------------------------------
  Band  2           : E_2      (freq = 0.367453, conf = 1.000)
  Band  3           : E_2      (freq = 0.367722, conf = 1.000)
  Band  4           : B_2      (freq = 0.436400, conf = 1.000)
* Band  5 [Target #2]: E_1      (freq = 0.487168, conf = 1.000)
* Band  6 [Target #3]: E_1      (freq = 0.487541, conf = 1.000)
* Band  7 [Target #1]: A_1      (freq = 0.589290, conf = 1.000)
  Band  8           : B_1      (freq = 0.648762, conf = 0.999)
  Band  9           : E_1      (freq = 0.671969, conf = 0.999)
  Band 10           : E_1      (freq = 0.673645, conf = 1.000)
==========================================================================================

==========================================================================================
EVALUATION #035 (Generation 02)
Parameters : r1 = 0.066667, r2 = 0.170000
Cost       : 0.031491 | Dirac Freq: 0.606848 | Mapped to bands [7, 5, 6]
------------------------------------------------------------------------------------------
  Band  2           : E_2      (freq = 0.400752, conf = 1.000)
  Band  3           : E_2      (freq = 0.401300, conf = 1.000)
  Band  4           : B_2      (freq = 0.549297, conf = 0.998)
* Band  5 [Target #2]: E_1      (freq = 0.597293, conf = 0.998)
* Band  6 [Target #3]: E_1      (freq = 0.597559, conf = 1.000)
* Band  7 [Target #1]: A_1      (freq = 0.616403, conf = 1.000)
  Band  8           : B_1      (freq = 0.738664, conf = 1.000)
  Band  9           : E_1      (freq = 0.756477, conf = 1.000)
  Band 10           : E_1      (freq = 0.757824, conf = 1.000)
==========================================================================================

==========================================================================================
EVALUATION #036 (Generation 02)
Parameters : r1 = 0.083333, r2 = 0.130000
Cost       : 0.303939 | Dirac Freq: 0.654968 | Mapped to bands [4, 6, 7]
------------------------------------------------------------------------------------------
  Band  2           : E_2      (freq = 0.456377, conf = 1.000)
  Band  3           : E_2      (freq = 0.456709, conf = 1.000)
* Band  4 [Target #1]: A_1      (freq = 0.555433, conf = 0.999)
  Band  5           : B_2      (freq = 0.712995, conf = 0.998)
* Band  6 [Target #2]: E_1      (freq = 0.754138, conf = 0.998)
* Band  7 [Target #3]: E_1      (freq = 0.754503, conf = 0.999)
  Band  8           : B_1      (freq = 0.896155, conf = 0.999)
  Band  9           : E_1      (freq = 0.910548, conf = 0.999)
  Band 10           : E_1      (freq = 0.911144, conf = 0.999)
==========================================================================================

==========================================================================================
EVALUATION #037 (Generation 02)
Parameters : r1 = 0.066667, r2 = 0.156667
Cost       : 0.037790 | Dirac Freq: 0.631945 | Mapped to bands [5, 6, 7]
------------------------------------------------------------------------------------------
  Band  2           : E_2      (freq = 0.415246, conf = 1.000)
  Band  3           : E_2      (freq = 0.415722, conf = 1.000)
  Band  4           : B_2      (freq = 0.597325, conf = 0.998)
* Band  5 [Target #1]: A_1      (freq = 0.620004, conf = 1.000)
* Band  6 [Target #2]: E_1      (freq = 0.643705, conf = 0.998)
* Band  7 [Target #3]: E_1      (freq = 0.643885, conf = 1.000)
  Band  8           : B_1      (freq = 0.779329, conf = 0.999)
  Band  9           : E_1      (freq = 0.795815, conf = 0.999)
  Band 10           : E_1      (freq = 0.796120, conf = 0.999)
==========================================================================================

==========================================================================================
EVALUATION #038 (Generation 02)
Parameters : r1 = 0.083333, r2 = 0.116667
Cost       : 0.381200 | Dirac Freq: 0.693102 | Mapped to bands [4, 6, 7]
------------------------------------------------------------------------------------------
  Band  2           : E_2      (freq = 0.485759, conf = 1.000)
  Band  3           : E_2      (freq = 0.486342, conf = 1.000)
* Band  4 [Target #1]: A_1      (freq = 0.560997, conf = 0.999)
  Band  5           : B_2      (freq = 0.784592, conf = 0.981)
* Band  6 [Target #2]: E_1      (freq = 0.823525, conf = 0.979)
* Band  7 [Target #3]: E_1      (freq = 0.825208, conf = 0.998)
  Band  8           : B_1      (freq = 0.985696, conf = 0.984)
  Band  9           : E_1      (freq = 0.995303, conf = 1.000)
  Band 10           : E_1      (freq = 1.005990, conf = 0.984)
==========================================================================================

==========================================================================================
EVALUATION #039 (Generation 02)
Parameters : r1 = 0.083333, r2 = 0.076667
Cost       : 0.527237 | Dirac Freq: 0.803502 | Mapped to bands [2, 5, 6]
------------------------------------------------------------------------------------------
* Band  2 [Target #1]: A_1      (freq = 0.591684, conf = 0.999)
  Band  3           : E_2      (freq = 0.617232, conf = 1.000)
  Band  4           : E_2      (freq = 0.617663, conf = 1.000)
* Band  5 [Target #2]: E_1      (freq = 1.011930, conf = 0.971)
* Band  6 [Target #3]: E_1      (freq = 1.015320, conf = 0.999)
  Band  7           : B_2      (freq = 1.029440, conf = 0.975)
  Band  8           : A_1      (freq = 1.216420, conf = 0.999)
  Band  9           : E_1      (freq = 1.306200, conf = 0.993)
  Band 10           : E_1      (freq = 1.320680, conf = 0.991)
==========================================================================================

==========================================================================================
EVALUATION #040 (Generation 02)
Parameters : r1 = 0.066667, r2 = 0.250000
Cost       : 0.239802 | Dirac Freq: 0.463582 | Mapped to bands [7, 5, 6]
------------------------------------------------------------------------------------------
  Band  2           : E_2      (freq = 0.345813, conf = 1.000)
  Band  3           : E_2      (freq = 0.346986, conf = 1.000)
  Band  4           : B_2      (freq = 0.358992, conf = 0.996)
* Band  5 [Target #2]: E_1      (freq = 0.407998, conf = 0.997)
* Band  6 [Target #3]: E_1      (freq = 0.412592, conf = 0.998)
* Band  7 [Target #1]: A_1      (freq = 0.519166, conf = 0.999)
  Band  8           : B_1      (freq = 0.603797, conf = 1.000)
  Band  9           : E_1      (freq = 0.628830, conf = 0.999)
  Band 10           : E_1      (freq = 0.632596, conf = 1.000)
==========================================================================================

==========================================================================================
EVALUATION #041 (Generation 03)
Parameters : r1 = 0.083333, r2 = 0.156667
Cost       : 0.158117 | Dirac Freq: 0.595641 | Mapped to bands [4, 6, 7]
------------------------------------------------------------------------------------------
  Band  2           : E_2      (freq = 0.415243, conf = 1.000)
  Band  3           : E_2      (freq = 0.415715, conf = 1.000)
* Band  4 [Target #1]: A_1      (freq = 0.548551, conf = 0.999)
  Band  5           : B_2      (freq = 0.597324, conf = 0.998)
* Band  6 [Target #2]: E_1      (freq = 0.642447, conf = 0.998)
* Band  7 [Target #3]: E_1      (freq = 0.642732, conf = 1.000)
  Band  8           : B_1      (freq = 0.779328, conf = 0.999)
  Band  9           : E_1      (freq = 0.795742, conf = 0.999)
  Band 10           : E_1      (freq = 0.796045, conf = 0.999)
==========================================================================================

==========================================================================================
EVALUATION #042 (Generation 03)
Parameters : r1 = 0.100000, r2 = 0.050000
Cost       : 0.487937 | Dirac Freq: 0.783647 | Mapped to bands [2, 5, 6]
------------------------------------------------------------------------------------------
* Band  2 [Target #1]: A_1      (freq = 0.592462, conf = 0.999)
  Band  3           : E_2      (freq = 0.793361, conf = 0.998)
  Band  4           : E_2      (freq = 0.794408, conf = 0.998)
* Band  5 [Target #2]: E_1      (freq = 0.962826, conf = 1.000)
* Band  6 [Target #3]: E_1      (freq = 0.974832, conf = 0.999)
  Band  7           : B_2      (freq = 1.125040, conf = 0.999)
  Band  8           : A_1      (freq = 1.297710, conf = 0.989)
  Band  9           : E_1      (freq = 1.342240, conf = 0.997)
  Band 10           : E_1      (freq = 1.343620, conf = 0.996)
==========================================================================================

==========================================================================================
EVALUATION #043 (Generation 03)
Parameters : r1 = 0.083333, r2 = 0.183333
Cost       : 0.022122 | Dirac Freq: 0.548773 | Mapped to bands [5, 6, 7]
------------------------------------------------------------------------------------------
  Band  2           : E_2      (freq = 0.387562, conf = 1.000)
  Band  3           : E_2      (freq = 0.387820, conf = 1.000)
  Band  4           : B_2      (freq = 0.506638, conf = 1.000)
* Band  5 [Target #1]: A_1      (freq = 0.542703, conf = 0.999)
* Band  6 [Target #2]: E_1      (freq = 0.554554, conf = 1.000)
* Band  7 [Target #3]: E_1      (freq = 0.554843, conf = 1.000)
  Band  8           : B_1      (freq = 0.700893, conf = 0.999)
  Band  9           : E_1      (freq = 0.720443, conf = 0.999)
  Band 10           : E_1      (freq = 0.721888, conf = 1.000)
==========================================================================================

==========================================================================================
EVALUATION #044 (Generation 03)
Parameters : r1 = 0.083333, r2 = 0.210000
Cost       : 0.087602 | Dirac Freq: 0.508983 | Mapped to bands [7, 5, 6]
------------------------------------------------------------------------------------------
  Band  2           : E_2      (freq = 0.367451, conf = 1.000)
  Band  3           : E_2      (freq = 0.367715, conf = 1.000)
  Band  4           : B_2      (freq = 0.436400, conf = 1.000)
* Band  5 [Target #2]: E_1      (freq = 0.486689, conf = 1.000)
* Band  6 [Target #3]: E_1      (freq = 0.487006, conf = 1.000)
* Band  7 [Target #1]: A_1      (freq = 0.531277, conf = 0.999)
  Band  8           : B_1      (freq = 0.648761, conf = 0.999)
  Band  9           : E_1      (freq = 0.671901, conf = 0.999)
  Band 10           : E_1      (freq = 0.673568, conf = 1.000)
==========================================================================================

==========================================================================================
EVALUATION #045 (Generation 03)
Parameters : r1 = 0.083333, r2 = 0.196667
Cost       : 0.038876 | Dirac Freq: 0.527967 | Mapped to bands [7, 5, 6]
------------------------------------------------------------------------------------------
  Band  2           : E_2      (freq = 0.376075, conf = 1.000)
  Band  3           : E_2      (freq = 0.376108, conf = 1.000)
  Band  4           : B_2      (freq = 0.469239, conf = 1.000)
* Band  5 [Target #2]: E_1      (freq = 0.517704, conf = 1.000)
* Band  6 [Target #3]: E_1      (freq = 0.518596, conf = 1.000)
* Band  7 [Target #1]: A_1      (freq = 0.538229, conf = 0.999)
  Band  8           : B_1      (freq = 0.669400, conf = 0.998)
  Band  9           : E_1      (freq = 0.689397, conf = 0.998)
  Band 10           : E_1      (freq = 0.693415, conf = 1.000)
==========================================================================================

==========================================================================================
EVALUATION #046 (Generation 03)
Parameters : r1 = 0.083333, r2 = 0.170000
Cost       : 0.088878 | Dirac Freq: 0.571287 | Mapped to bands [4, 6, 7]
------------------------------------------------------------------------------------------
  Band  2           : E_2      (freq = 0.400749, conf = 1.000)
  Band  3           : E_2      (freq = 0.401293, conf = 1.000)
* Band  4 [Target #1]: A_1      (freq = 0.545900, conf = 0.999)
  Band  5           : B_2      (freq = 0.549295, conf = 0.998)
* Band  6 [Target #2]: E_1      (freq = 0.596319, conf = 0.998)
* Band  7 [Target #3]: E_1      (freq = 0.596675, conf = 1.000)
  Band  8           : B_1      (freq = 0.738663, conf = 1.000)
  Band  9           : E_1      (freq = 0.756411, conf = 1.000)
  Band 10           : E_1      (freq = 0.757753, conf = 1.000)
==========================================================================================

==========================================================================================
EVALUATION #047 (Generation 03)
Parameters : r1 = 0.100000, r2 = 0.063333
Cost       : 0.515735 | Dirac Freq: 0.769580 | Mapped to bands [2, 5, 6]
------------------------------------------------------------------------------------------
* Band  2 [Target #1]: A_1      (freq = 0.571130, conf = 1.000)
  Band  3           : E_2      (freq = 0.698251, conf = 1.000)
  Band  4           : E_2      (freq = 0.698960, conf = 1.000)
* Band  5 [Target #2]: E_1      (freq = 0.956397, conf = 0.999)
* Band  6 [Target #3]: E_1      (freq = 0.968029, conf = 0.999)
  Band  7           : B_2      (freq = 1.086360, conf = 0.998)
  Band  8           : A_1      (freq = 1.248140, conf = 0.996)
  Band  9           : E_1      (freq = 1.303040, conf = 0.995)
  Band 10           : E_1      (freq = 1.303280, conf = 0.995)
==========================================================================================

==========================================================================================
EVALUATION #048 (Generation 03)
Parameters : r1 = 0.100000, r2 = 0.196667
Cost       : 0.044192 | Dirac Freq: 0.505815 | Mapped to bands [5, 6, 7]
------------------------------------------------------------------------------------------
  Band  2           : E_2      (freq = 0.376058, conf = 1.000)
  Band  3           : E_2      (freq = 0.376081, conf = 1.000)
  Band  4           : B_2      (freq = 0.469236, conf = 1.000)
* Band  5 [Target #1]: A_1      (freq = 0.494638, conf = 1.000)
* Band  6 [Target #2]: E_1      (freq = 0.516282, conf = 1.000)
* Band  7 [Target #3]: E_1      (freq = 0.516991, conf = 1.000)
  Band  8           : B_1      (freq = 0.669384, conf = 0.998)
  Band  9           : E_1      (freq = 0.689254, conf = 0.998)
  Band 10           : E_1      (freq = 0.693216, conf = 1.000)
==========================================================================================

==========================================================================================
EVALUATION #049 (Generation 03)
Parameters : r1 = 0.100000, r2 = 0.130000
Cost       : 0.375767 | Dirac Freq: 0.629858 | Mapped to bands [4, 6, 7]
------------------------------------------------------------------------------------------
  Band  2           : E_2      (freq = 0.456340, conf = 1.000)
  Band  3           : E_2      (freq = 0.456685, conf = 1.000)
* Band  4 [Target #1]: A_1      (freq = 0.511518, conf = 1.000)
  Band  5           : B_2      (freq = 0.712971, conf = 0.997)
* Band  6 [Target #2]: E_1      (freq = 0.746860, conf = 0.997)
* Band  7 [Target #3]: E_1      (freq = 0.748198, conf = 1.000)
  Band  8           : B_1      (freq = 0.896136, conf = 0.999)
  Band  9           : E_1      (freq = 0.910180, conf = 0.999)
  Band 10           : E_1      (freq = 0.910682, conf = 0.999)
==========================================================================================

==========================================================================================
EVALUATION #050 (Generation 03)
Parameters : r1 = 0.100000, r2 = 0.156667
Cost       : 0.238035 | Dirac Freq: 0.571747 | Mapped to bands [4, 6, 7]
------------------------------------------------------------------------------------------
  Band  2           : E_2      (freq = 0.415213, conf = 1.000)
  Band  3           : E_2      (freq = 0.415695, conf = 1.000)
* Band  4 [Target #1]: A_1      (freq = 0.503699, conf = 1.000)
  Band  5           : B_2      (freq = 0.597312, conf = 0.998)
* Band  6 [Target #2]: E_1      (freq = 0.639077, conf = 0.998)
* Band  7 [Target #3]: E_1      (freq = 0.639795, conf = 1.000)
  Band  8           : B_1      (freq = 0.779314, conf = 0.999)
  Band  9           : E_1      (freq = 0.795552, conf = 0.999)
  Band 10           : E_1      (freq = 0.795824, conf = 0.999)
==========================================================================================

==========================================================================================
EVALUATION #051 (Generation 03)
Parameters : r1 = 0.100000, r2 = 0.143333
Cost       : 0.305237 | Dirac Freq: 0.598059 | Mapped to bands [4, 6, 7]
------------------------------------------------------------------------------------------
  Band  2           : E_2      (freq = 0.432348, conf = 1.000)
  Band  3           : E_2      (freq = 0.432591, conf = 1.000)
* Band  4 [Target #1]: A_1      (freq = 0.506784, conf = 1.000)
  Band  5           : B_2      (freq = 0.650990, conf = 0.999)
* Band  6 [Target #2]: E_1      (freq = 0.689327, conf = 0.999)
* Band  7 [Target #3]: E_1      (freq = 0.689334, conf = 0.999)
  Band  8           : B_1      (freq = 0.826545, conf = 0.980)
  Band  9           : E_1      (freq = 0.838570, conf = 0.978)
  Band 10           : E_1      (freq = 0.844986, conf = 0.999)
==========================================================================================

==========================================================================================
EVALUATION #052 (Generation 03)
Parameters : r1 = 0.100000, r2 = 0.170000
Cost       : 0.170589 | Dirac Freq: 0.547714 | Mapped to bands [4, 6, 7]
------------------------------------------------------------------------------------------
  Band  2           : E_2      (freq = 0.400720, conf = 1.000)
  Band  3           : E_2      (freq = 0.401273, conf = 1.000)
* Band  4 [Target #1]: A_1      (freq = 0.500997, conf = 1.000)
  Band  5           : B_2      (freq = 0.549286, conf = 0.998)
* Band  6 [Target #2]: E_1      (freq = 0.593752, conf = 0.998)
* Band  7 [Target #3]: E_1      (freq = 0.594431, conf = 1.000)
  Band  8           : B_1      (freq = 0.738651, conf = 1.000)
  Band  9           : E_1      (freq = 0.756222, conf = 1.000)
  Band 10           : E_1      (freq = 0.757571, conf = 1.000)
==========================================================================================

==========================================================================================
EVALUATION #053 (Generation 03)
Parameters : r1 = 0.083333, r2 = 0.250000
Cost       : 0.183126 | Dirac Freq: 0.448777 | Mapped to bands [7, 5, 6]
------------------------------------------------------------------------------------------
  Band  2           : E_2      (freq = 0.345809, conf = 1.000)
  Band  3           : E_2      (freq = 0.346979, conf = 1.000)
  Band  4           : B_2      (freq = 0.358992, conf = 0.996)
* Band  5 [Target #2]: E_1      (freq = 0.407686, conf = 0.997)
* Band  6 [Target #3]: E_1      (freq = 0.412229, conf = 0.998)
* Band  7 [Target #1]: A_1      (freq = 0.489869, conf = 0.999)
  Band  8           : B_1      (freq = 0.603796, conf = 1.000)
  Band  9           : E_1      (freq = 0.628696, conf = 0.999)
  Band 10           : E_1      (freq = 0.632470, conf = 1.000)
==========================================================================================

==========================================================================================
EVALUATION #054 (Generation 03)
Parameters : r1 = 0.083333, r2 = 0.236667
Cost       : 0.156189 | Dirac Freq: 0.471050 | Mapped to bands [7, 5, 6]
------------------------------------------------------------------------------------------
  Band  2           : E_2      (freq = 0.353646, conf = 1.000)
  Band  3           : E_2      (freq = 0.353893, conf = 1.000)
  Band  4           : B_2      (freq = 0.384909, conf = 1.000)
* Band  5 [Target #2]: E_1      (freq = 0.434264, conf = 1.000)
* Band  6 [Target #3]: E_1      (freq = 0.434797, conf = 1.000)
* Band  7 [Target #1]: A_1      (freq = 0.507837, conf = 0.999)
  Band  8           : B_1      (freq = 0.617226, conf = 1.000)
  Band  9           : E_1      (freq = 0.645355, conf = 1.000)
  Band 10           : E_1      (freq = 0.645806, conf = 1.000)
==========================================================================================

==========================================================================================
EVALUATION #055 (Generation 03)
Parameters : r1 = 0.100000, r2 = 0.116667
Cost       : 0.444556 | Dirac Freq: 0.665882 | Mapped to bands [4, 6, 7]
------------------------------------------------------------------------------------------
  Band  2           : E_2      (freq = 0.485716, conf = 1.000)
  Band  3           : E_2      (freq = 0.486311, conf = 1.000)
* Band  4 [Target #1]: A_1      (freq = 0.517871, conf = 1.000)
  Band  5           : B_2      (freq = 0.784286, conf = 0.964)
* Band  6 [Target #2]: E_1      (freq = 0.810711, conf = 0.959)
* Band  7 [Target #3]: E_1      (freq = 0.813893, conf = 0.999)
  Band  8           : B_1      (freq = 0.985553, conf = 0.980)
  Band  9           : E_1      (freq = 0.994548, conf = 1.000)
  Band 10           : E_1      (freq = 1.004790, conf = 0.978)
==========================================================================================

==========================================================================================
EVALUATION #056 (Generation 03)
Parameters : r1 = 0.100000, r2 = 0.090000
Cost       : 0.534942 | Dirac Freq: 0.731309 | Mapped to bands [2, 5, 6]
------------------------------------------------------------------------------------------
* Band  2 [Target #1]: A_1      (freq = 0.535705, conf = 0.999)
  Band  3           : E_2      (freq = 0.557737, conf = 0.999)
  Band  4           : E_2      (freq = 0.558176, conf = 0.999)
* Band  5 [Target #2]: E_1      (freq = 0.918641, conf = 0.995)
* Band  6 [Target #3]: E_1      (freq = 0.926913, conf = 1.000)
  Band  7           : B_2      (freq = 0.952596, conf = 0.995)
  Band  8           : E_1      (freq = 1.158320, conf = 0.996)
  Band  9           : E_1      (freq = 1.161730, conf = 0.996)
  Band 10           : A_1      (freq = 1.181730, conf = 0.999)
==========================================================================================

==========================================================================================
EVALUATION #057 (Generation 03)
Parameters : r1 = 0.100000, r2 = 0.076667
Cost       : 0.535940 | Dirac Freq: 0.753005 | Mapped to bands [2, 5, 6]
------------------------------------------------------------------------------------------
* Band  2 [Target #1]: A_1      (freq = 0.551222, conf = 1.000)
  Band  3           : E_2      (freq = 0.617138, conf = 1.000)
  Band  4           : E_2      (freq = 0.617602, conf = 1.000)
* Band  5 [Target #2]: E_1      (freq = 0.944436, conf = 0.999)
* Band  6 [Target #3]: E_1      (freq = 0.954787, conf = 1.000)
  Band  7           : B_2      (freq = 1.028920, conf = 0.998)
  Band  8           : A_1      (freq = 1.207840, conf = 0.999)
  Band  9           : E_1      (freq = 1.235320, conf = 0.995)
  Band 10           : E_1      (freq = 1.236140, conf = 0.997)
==========================================================================================

==========================================================================================
EVALUATION #058 (Generation 03)
Parameters : r1 = 0.100000, r2 = 0.103333
Cost       : 0.501536 | Dirac Freq: 0.701582 | Mapped to bands [4, 6, 7]
------------------------------------------------------------------------------------------
  Band  2           : E_2      (freq = 0.518544, conf = 1.000)
  Band  3           : E_2      (freq = 0.519153, conf = 0.995)
* Band  4 [Target #1]: A_1      (freq = 0.525648, conf = 0.995)
  Band  5           : B_2      (freq = 0.863143, conf = 0.717)
* Band  6 [Target #2]: E_1      (freq = 0.874755, conf = 0.678)
* Band  7 [Target #3]: E_1      (freq = 0.877517, conf = 0.999)
  Band  8           : B_1      (freq = 1.086630, conf = 0.921)
  Band  9           : E_1      (freq = 1.091960, conf = 0.998)
  Band 10           : E_1      (freq = 1.099590, conf = 0.912)
==========================================================================================

==========================================================================================
EVALUATION #059 (Generation 03)
Parameters : r1 = 0.083333, r2 = 0.223333
Cost       : 0.127556 | Dirac Freq: 0.489988 | Mapped to bands [7, 5, 6]
------------------------------------------------------------------------------------------
  Band  2           : E_2      (freq = 0.360223, conf = 1.000)
  Band  3           : E_2      (freq = 0.360446, conf = 1.000)
  Band  4           : B_2      (freq = 0.408172, conf = 1.000)
* Band  5 [Target #2]: E_1      (freq = 0.458738, conf = 1.000)
* Band  6 [Target #3]: E_1      (freq = 0.459306, conf = 1.000)
* Band  7 [Target #1]: A_1      (freq = 0.521239, conf = 0.999)
  Band  8           : B_1      (freq = 0.632258, conf = 1.000)
  Band  9           : E_1      (freq = 0.658199, conf = 1.000)
  Band 10           : E_1      (freq = 0.658449, conf = 1.000)
==========================================================================================

==========================================================================================
EVALUATION #060 (Generation 03)
Parameters : r1 = 0.100000, r2 = 0.183333
Cost       : 0.104147 | Dirac Freq: 0.525489 | Mapped to bands [4, 6, 7]
------------------------------------------------------------------------------------------
  Band  2           : E_2      (freq = 0.387534, conf = 1.000)
  Band  3           : E_2      (freq = 0.387801, conf = 1.000)
* Band  4 [Target #1]: A_1      (freq = 0.498125, conf = 1.000)
  Band  5           : B_2      (freq = 0.506634, conf = 1.000)
* Band  6 [Target #2]: E_1      (freq = 0.552800, conf = 1.000)
* Band  7 [Target #3]: E_1      (freq = 0.552853, conf = 1.000)
  Band  8           : B_1      (freq = 0.700879, conf = 0.999)
  Band  9           : E_1      (freq = 0.720286, conf = 0.999)
  Band 10           : E_1      (freq = 0.721697, conf = 1.000)
==========================================================================================

==========================================================================================
EVALUATION #061 (Generation 04)
Parameters : r1 = 0.100000, r2 = 0.223333
Cost       : 0.054360 | Dirac Freq: 0.470324 | Mapped to bands [7, 5, 6]
------------------------------------------------------------------------------------------
  Band  2           : E_2      (freq = 0.360195, conf = 1.000)
  Band  3           : E_2      (freq = 0.360428, conf = 1.000)
  Band  4           : B_2      (freq = 0.408170, conf = 1.000)
* Band  5 [Target #2]: E_1      (freq = 0.457541, conf = 1.000)
* Band  6 [Target #3]: E_1      (freq = 0.458244, conf = 1.000)
* Band  7 [Target #1]: A_1      (freq = 0.483108, conf = 1.000)
  Band  8           : B_1      (freq = 0.632244, conf = 1.000)
  Band  9           : E_1      (freq = 0.658001, conf = 1.000)
  Band 10           : E_1      (freq = 0.658217, conf = 1.000)
==========================================================================================

==========================================================================================
EVALUATION #062 (Generation 04)
Parameters : r1 = 0.100000, r2 = 0.236667
Cost       : 0.090385 | Dirac Freq: 0.453715 | Mapped to bands [7, 5, 6]
------------------------------------------------------------------------------------------
  Band  2           : E_2      (freq = 0.353628, conf = 1.000)
  Band  3           : E_2      (freq = 0.353864, conf = 1.000)
  Band  4           : B_2      (freq = 0.384907, conf = 1.000)
* Band  5 [Target #2]: E_1      (freq = 0.433211, conf = 1.000)
* Band  6 [Target #3]: E_1      (freq = 0.433851, conf = 1.000)
* Band  7 [Target #1]: A_1      (freq = 0.474220, conf = 1.000)
  Band  8           : B_1      (freq = 0.617210, conf = 1.000)
  Band  9           : E_1      (freq = 0.645130, conf = 1.000)
  Band 10           : E_1      (freq = 0.645533, conf = 1.000)
==========================================================================================

==========================================================================================
EVALUATION #063 (Generation 04)
Parameters : r1 = 0.116667, r2 = 0.050000
Cost       : 0.431873 | Dirac Freq: 0.722227 | Mapped to bands [2, 5, 6]
------------------------------------------------------------------------------------------
* Band  2 [Target #1]: A_1      (freq = 0.566272, conf = 1.000)
  Band  3           : E_2      (freq = 0.792842, conf = 0.998)
  Band  4           : E_2      (freq = 0.793939, conf = 0.998)
* Band  5 [Target #2]: E_1      (freq = 0.865816, conf = 1.000)
* Band  6 [Target #3]: E_1      (freq = 0.878182, conf = 0.999)
  Band  7           : B_2      (freq = 1.124850, conf = 0.999)
  Band  8           : A_1      (freq = 1.274250, conf = 0.990)
  Band  9           : E_1      (freq = 1.319910, conf = 0.998)
  Band 10           : E_1      (freq = 1.321780, conf = 0.998)
==========================================================================================

==========================================================================================
EVALUATION #064 (Generation 04)
Parameters : r1 = 0.116667, r2 = 0.076667
Cost       : 0.498282 | Dirac Freq: 0.695920 | Mapped to bands [2, 5, 6]
------------------------------------------------------------------------------------------
* Band  2 [Target #1]: A_1      (freq = 0.522538, conf = 1.000)
  Band  3           : E_2      (freq = 0.616985, conf = 1.000)
  Band  4           : E_2      (freq = 0.617461, conf = 1.000)
* Band  5 [Target #2]: E_1      (freq = 0.857757, conf = 1.000)
* Band  6 [Target #3]: E_1      (freq = 0.869303, conf = 0.999)
  Band  7           : B_2      (freq = 1.028770, conf = 0.999)
  Band  8           : A_1      (freq = 1.195820, conf = 0.999)
  Band  9           : E_1      (freq = 1.201810, conf = 0.997)
  Band 10           : E_1      (freq = 1.203510, conf = 0.998)
==========================================================================================

==========================================================================================
EVALUATION #065 (Generation 04)
Parameters : r1 = 0.100000, r2 = 0.210000
Cost       : 0.008886 | Dirac Freq: 0.487642 | Mapped to bands [7, 5, 6]
------------------------------------------------------------------------------------------
  Band  2           : E_2      (freq = 0.367423, conf = 1.000)
  Band  3           : E_2      (freq = 0.367697, conf = 1.000)
  Band  4           : B_2      (freq = 0.436397, conf = 1.000)
* Band  5 [Target #2]: E_1      (freq = 0.485475, conf = 1.000)
* Band  6 [Target #3]: E_1      (freq = 0.485630, conf = 1.000)
* Band  7 [Target #1]: A_1      (freq = 0.489808, conf = 1.000)
  Band  8           : B_1      (freq = 0.648747, conf = 0.999)
  Band  9           : E_1      (freq = 0.671732, conf = 0.999)
  Band 10           : E_1      (freq = 0.673361, conf = 1.000)
==========================================================================================

==========================================================================================
EVALUATION #066 (Generation 04)
Parameters : r1 = 0.116667, r2 = 0.210000
Cost       : 0.056846 | Dirac Freq: 0.470058 | Mapped to bands [5, 6, 7]
------------------------------------------------------------------------------------------
  Band  2           : E_2      (freq = 0.367381, conf = 1.000)
  Band  3           : E_2      (freq = 0.367657, conf = 1.000)
  Band  4           : B_2      (freq = 0.436394, conf = 1.000)
* Band  5 [Target #1]: A_1      (freq = 0.456697, conf = 1.000)
* Band  6 [Target #2]: E_1      (freq = 0.483381, conf = 1.000)
* Band  7 [Target #3]: E_1      (freq = 0.483418, conf = 1.000)
  Band  8           : B_1      (freq = 0.648709, conf = 0.999)
  Band  9           : E_1      (freq = 0.671390, conf = 0.999)
  Band 10           : E_1      (freq = 0.672968, conf = 1.000)
==========================================================================================

==========================================================================================
EVALUATION #067 (Generation 04)
Parameters : r1 = 0.100000, r2 = 0.250000
Cost       : 0.126189 | Dirac Freq: 0.434292 | Mapped to bands [7, 5, 6]
------------------------------------------------------------------------------------------
  Band  2           : E_2      (freq = 0.345780, conf = 1.000)
  Band  3           : E_2      (freq = 0.346958, conf = 1.000)
  Band  4           : B_2      (freq = 0.358987, conf = 0.996)
* Band  5 [Target #2]: E_1      (freq = 0.406891, conf = 0.997)
* Band  6 [Target #3]: E_1      (freq = 0.411305, conf = 0.998)
* Band  7 [Target #1]: A_1      (freq = 0.461694, conf = 0.999)
  Band  8           : B_1      (freq = 0.603779, conf = 1.000)
  Band  9           : E_1      (freq = 0.628359, conf = 0.999)
  Band 10           : E_1      (freq = 0.632132, conf = 1.000)
==========================================================================================

==========================================================================================
EVALUATION #068 (Generation 04)
Parameters : r1 = 0.116667, r2 = 0.143333
Cost       : 0.360110 | Dirac Freq: 0.577262 | Mapped to bands [4, 6, 7]
------------------------------------------------------------------------------------------
  Band  2           : E_2      (freq = 0.432297, conf = 1.000)
  Band  3           : E_2      (freq = 0.432543, conf = 1.000)
* Band  4 [Target #1]: A_1      (freq = 0.473323, conf = 1.000)
  Band  5           : B_2      (freq = 0.650981, conf = 0.999)
* Band  6 [Target #2]: E_1      (freq = 0.680466, conf = 1.000)
* Band  7 [Target #3]: E_1      (freq = 0.681201, conf = 0.999)
  Band  8           : B_1      (freq = 0.826443, conf = 0.977)
  Band  9           : E_1      (freq = 0.838092, conf = 0.973)
  Band 10           : E_1      (freq = 0.844036, conf = 0.999)
==========================================================================================

==========================================================================================
EVALUATION #069 (Generation 04)
Parameters : r1 = 0.116667, r2 = 0.103333
Cost       : 0.507564 | Dirac Freq: 0.662945 | Mapped to bands [2, 5, 6]
------------------------------------------------------------------------------------------
* Band  2 [Target #1]: A_1      (freq = 0.494701, conf = 1.000)
  Band  3           : E_2      (freq = 0.518461, conf = 1.000)
  Band  4           : E_2      (freq = 0.519116, conf = 1.000)
* Band  5 [Target #2]: E_1      (freq = 0.821754, conf = 0.992)
* Band  6 [Target #3]: E_1      (freq = 0.831188, conf = 0.999)
  Band  7           : B_2      (freq = 0.867124, conf = 0.991)
  Band  8           : E_1      (freq = 1.039390, conf = 0.998)
  Band  9           : E_1      (freq = 1.043340, conf = 0.988)
  Band 10           : B_1      (freq = 1.088050, conf = 0.984)
==========================================================================================

==========================================================================================
EVALUATION #070 (Generation 04)
Parameters : r1 = 0.116667, r2 = 0.063333
Cost       : 0.467222 | Dirac Freq: 0.709337 | Mapped to bands [2, 5, 6]
------------------------------------------------------------------------------------------
* Band  2 [Target #1]: A_1      (freq = 0.543628, conf = 1.000)
  Band  3           : E_2      (freq = 0.697981, conf = 1.000)
  Band  4           : E_2      (freq = 0.698714, conf = 1.000)
* Band  5 [Target #2]: E_1      (freq = 0.862893, conf = 1.000)
* Band  6 [Target #3]: E_1      (freq = 0.875046, conf = 0.999)
  Band  7           : B_2      (freq = 1.086160, conf = 0.998)
  Band  8           : A_1      (freq = 1.231810, conf = 0.996)
  Band  9           : E_1      (freq = 1.275850, conf = 0.997)
  Band 10           : E_1      (freq = 1.278130, conf = 0.997)
==========================================================================================

==========================================================================================
EVALUATION #071 (Generation 04)
Parameters : r1 = 0.116667, r2 = 0.183333
Cost       : 0.169426 | Dirac Freq: 0.506722 | Mapped to bands [4, 6, 7]
------------------------------------------------------------------------------------------
  Band  2           : E_2      (freq = 0.387490, conf = 1.000)
  Band  3           : E_2      (freq = 0.387761, conf = 1.000)
* Band  4 [Target #1]: A_1      (freq = 0.463796, conf = 1.000)
  Band  5           : B_2      (freq = 0.506629, conf = 1.000)
* Band  6 [Target #2]: E_1      (freq = 0.549510, conf = 1.000)
* Band  7 [Target #3]: E_1      (freq = 0.549648, conf = 1.000)
  Band  8           : B_1      (freq = 0.700842, conf = 0.999)
  Band  9           : E_1      (freq = 0.719947, conf = 0.999)
  Band 10           : E_1      (freq = 0.721307, conf = 1.000)
==========================================================================================

==========================================================================================
EVALUATION #072 (Generation 04)
Parameters : r1 = 0.116667, r2 = 0.090000
Cost       : 0.515231 | Dirac Freq: 0.681474 | Mapped to bands [2, 5, 6]
------------------------------------------------------------------------------------------
* Band  2 [Target #1]: A_1      (freq = 0.505916, conf = 1.000)
  Band  3           : E_2      (freq = 0.557634, conf = 0.999)
  Band  4           : E_2      (freq = 0.558078, conf = 1.000)
* Band  5 [Target #2]: E_1      (freq = 0.846547, conf = 0.999)
* Band  6 [Target #3]: E_1      (freq = 0.857033, conf = 0.999)
  Band  7           : B_2      (freq = 0.952397, conf = 0.999)
  Band  8           : E_1      (freq = 1.112500, conf = 0.998)
  Band  9           : E_1      (freq = 1.114930, conf = 0.999)
  Band 10           : A_1      (freq = 1.172240, conf = 0.999)
==========================================================================================

==========================================================================================
EVALUATION #073 (Generation 04)
Parameters : r1 = 0.116667, r2 = 0.130000
Cost       : 0.421743 | Dirac Freq: 0.606678 | Mapped to bands [4, 6, 7]
------------------------------------------------------------------------------------------
  Band  2           : E_2      (freq = 0.456282, conf = 1.000)
  Band  3           : E_2      (freq = 0.456629, conf = 1.000)
* Band  4 [Target #1]: A_1      (freq = 0.478747, conf = 1.000)
  Band  5           : B_2      (freq = 0.712908, conf = 0.994)
* Band  6 [Target #2]: E_1      (freq = 0.732070, conf = 0.993)
* Band  7 [Target #3]: E_1      (freq = 0.734609, conf = 1.000)
  Band  8           : B_1      (freq = 0.896081, conf = 0.998)
  Band  9           : E_1      (freq = 0.908709, conf = 0.999)
  Band 10           : E_1      (freq = 0.908748, conf = 0.999)
==========================================================================================

==========================================================================================
EVALUATION #074 (Generation 04)
Parameters : r1 = 0.116667, r2 = 0.196667
Cost       : 0.110273 | Dirac Freq: 0.487483 | Mapped to bands [4, 6, 7]
------------------------------------------------------------------------------------------
  Band  2           : E_2      (freq = 0.376018, conf = 1.000)
  Band  3           : E_2      (freq = 0.376039, conf = 1.000)
* Band  4 [Target #1]: A_1      (freq = 0.460605, conf = 1.000)
  Band  5           : B_2      (freq = 0.469232, conf = 1.000)
* Band  6 [Target #2]: E_1      (freq = 0.513785, conf = 1.000)
* Band  7 [Target #3]: E_1      (freq = 0.514361, conf = 1.000)
  Band  8           : B_1      (freq = 0.669344, conf = 0.998)
  Band  9           : E_1      (freq = 0.688957, conf = 0.997)
  Band 10           : E_1      (freq = 0.692828, conf = 1.000)
==========================================================================================

==========================================================================================
EVALUATION #075 (Generation 04)
Parameters : r1 = 0.116667, r2 = 0.156667
Cost       : 0.297843 | Dirac Freq: 0.551941 | Mapped to bands [4, 6, 7]
------------------------------------------------------------------------------------------
  Band  2           : E_2      (freq = 0.415165, conf = 1.000)
  Band  3           : E_2      (freq = 0.415650, conf = 1.000)
* Band  4 [Target #1]: A_1      (freq = 0.469745, conf = 1.000)
  Band  5           : B_2      (freq = 0.597293, conf = 0.997)
* Band  6 [Target #2]: E_1      (freq = 0.632977, conf = 0.997)
* Band  7 [Target #3]: E_1      (freq = 0.634137, conf = 1.000)
  Band  8           : B_1      (freq = 0.779275, conf = 0.999)
  Band  9           : E_1      (freq = 0.795077, conf = 0.999)
  Band 10           : E_1      (freq = 0.795293, conf = 0.999)
==========================================================================================

==========================================================================================
EVALUATION #076 (Generation 04)
Parameters : r1 = 0.116667, r2 = 0.223333
Cost       : 0.010660 | Dirac Freq: 0.454018 | Mapped to bands [5, 6, 7]
------------------------------------------------------------------------------------------
  Band  2           : E_2      (freq = 0.360151, conf = 1.000)
  Band  3           : E_2      (freq = 0.360387, conf = 1.000)
  Band  4           : B_2      (freq = 0.408167, conf = 1.000)
* Band  5 [Target #1]: A_1      (freq = 0.451598, conf = 1.000)
* Band  6 [Target #2]: E_1      (freq = 0.455645, conf = 1.000)
* Band  7 [Target #3]: E_1      (freq = 0.456438, conf = 1.000)
  Band  8           : B_1      (freq = 0.632203, conf = 1.000)
  Band  9           : E_1      (freq = 0.657605, conf = 1.000)
  Band 10           : E_1      (freq = 0.657784, conf = 1.000)
==========================================================================================

==========================================================================================
EVALUATION #077 (Generation 04)
Parameters : r1 = 0.116667, r2 = 0.170000
Cost       : 0.233738 | Dirac Freq: 0.528509 | Mapped to bands [4, 6, 7]
------------------------------------------------------------------------------------------
  Band  2           : E_2      (freq = 0.400675, conf = 1.000)
  Band  3           : E_2      (freq = 0.401230, conf = 1.000)
* Band  4 [Target #1]: A_1      (freq = 0.466743, conf = 1.000)
  Band  5           : B_2      (freq = 0.549272, conf = 0.997)
* Band  6 [Target #2]: E_1      (freq = 0.589301, conf = 0.997)
* Band  7 [Target #3]: E_1      (freq = 0.590276, conf = 1.000)
  Band  8           : B_1      (freq = 0.738614, conf = 1.000)
  Band  9           : E_1      (freq = 0.755810, conf = 1.000)
  Band 10           : E_1      (freq = 0.757152, conf = 1.000)
==========================================================================================

==========================================================================================
EVALUATION #078 (Generation 04)
Parameters : r1 = 0.116667, r2 = 0.116667
Cost       : 1.000000 | Dirac Freq: 0.000000 | FAILED: Missing occurrence 1 for irrep 'A_1'. Available modes: {'E_2': [[2, 3], [4]], 'E_1': [[5, 6], [7, 8], [9, 10]]}
------------------------------------------------------------------------------------------
  Band  2           : E_2      (freq = 0.485647, conf = 0.749)
  Band  3           : E_2      (freq = 0.485647, conf = 0.584)
  Band  4           : E_2      (freq = 0.486557, conf = 0.667)
  Band  5           : E_1      (freq = 0.779008, conf = 0.667)
  Band  6           : E_1      (freq = 0.788439, conf = 0.667)
  Band  7           : E_1      (freq = 0.788440, conf = 0.666)
  Band  8           : E_1      (freq = 0.982954, conf = 0.661)
  Band  9           : E_1      (freq = 0.982955, conf = 0.672)
  Band 10           : E_1      (freq = 0.991646, conf = 0.667)
==========================================================================================

==========================================================================================
EVALUATION #079 (Generation 04)
Parameters : r1 = 0.116667, r2 = 0.236667
Cost       : 0.030784 | Dirac Freq: 0.438310 | Mapped to bands [7, 5, 6]
------------------------------------------------------------------------------------------
  Band  2           : E_2      (freq = 0.353586, conf = 1.000)
  Band  3           : E_2      (freq = 0.353819, conf = 1.000)
  Band  4           : B_2      (freq = 0.384905, conf = 1.000)
* Band  5 [Target #2]: E_1      (freq = 0.431563, conf = 1.000)
* Band  6 [Target #3]: E_1      (freq = 0.432261, conf = 1.000)
* Band  7 [Target #1]: A_1      (freq = 0.445056, conf = 1.000)
  Band  8           : B_1      (freq = 0.617165, conf = 1.000)
  Band  9           : E_1      (freq = 0.644687, conf = 1.000)
  Band 10           : E_1      (freq = 0.645032, conf = 1.000)
==========================================================================================

==========================================================================================
EVALUATION #080 (Generation 04)
Parameters : r1 = 0.116667, r2 = 0.250000
Cost       : 0.071565 | Dirac Freq: 0.420624 | Mapped to bands [7, 5, 6]
------------------------------------------------------------------------------------------
  Band  2           : E_2      (freq = 0.345734, conf = 1.000)
  Band  3           : E_2      (freq = 0.346914, conf = 1.000)
  Band  4           : B_2      (freq = 0.358982, conf = 0.995)
* Band  5 [Target #2]: E_1      (freq = 0.405573, conf = 0.996)
* Band  6 [Target #3]: E_1      (freq = 0.409865, conf = 0.998)
* Band  7 [Target #1]: A_1      (freq = 0.435675, conf = 1.000)
  Band  8           : B_1      (freq = 0.603730, conf = 1.000)
  Band  9           : E_1      (freq = 0.627712, conf = 0.999)
  Band 10           : E_1      (freq = 0.631519, conf = 0.999)
==========================================================================================

==========================================================================================
EVALUATION #081 (Generation 05)
Parameters : r1 = 0.133333, r2 = 0.050000
Cost       : 0.356664 | Dirac Freq: 0.663563 | Mapped to bands [2, 3, 4]
------------------------------------------------------------------------------------------
* Band  2 [Target #1]: A_1      (freq = 0.545229, conf = 1.000)
* Band  3 [Target #2]: E_1      (freq = 0.781415, conf = 0.999)
* Band  4 [Target #3]: E_1      (freq = 0.781898, conf = 0.999)
  Band  5           : E_2      (freq = 0.792086, conf = 0.998)
  Band  6           : E_2      (freq = 0.792884, conf = 0.998)
  Band  7           : B_2      (freq = 1.124510, conf = 0.999)
  Band  8           : A_1      (freq = 1.233040, conf = 0.986)
  Band  9           : E_2      (freq = 1.270680, conf = 0.989)
  Band 10           : E_2      (freq = 1.272140, conf = 0.997)
==========================================================================================

==========================================================================================
EVALUATION #082 (Generation 05)
Parameters : r1 = 0.133333, r2 = 0.090000
Cost       : 0.464114 | Dirac Freq: 0.626751 | Mapped to bands [2, 5, 6]
------------------------------------------------------------------------------------------
* Band  2 [Target #1]: A_1      (freq = 0.481309, conf = 1.000)
  Band  3           : E_2      (freq = 0.557501, conf = 0.999)
  Band  4           : E_2      (freq = 0.557885, conf = 1.000)
* Band  5 [Target #2]: E_1      (freq = 0.772115, conf = 0.999)
* Band  6 [Target #3]: E_1      (freq = 0.772193, conf = 0.999)
  Band  7           : B_2      (freq = 0.952254, conf = 0.999)
  Band  8           : E_1      (freq = 1.090810, conf = 0.999)
  Band  9           : E_1      (freq = 1.093240, conf = 0.998)
  Band 10           : A_1      (freq = 1.154860, conf = 0.997)
==========================================================================================

==========================================================================================
EVALUATION #083 (Generation 05)
Parameters : r1 = 0.133333, r2 = 0.076667
Cost       : 0.436546 | Dirac Freq: 0.638371 | Mapped to bands [2, 5, 6]
------------------------------------------------------------------------------------------
* Band  2 [Target #1]: A_1      (freq = 0.499032, conf = 1.000)
  Band  3           : E_2      (freq = 0.616783, conf = 1.000)
  Band  4           : E_2      (freq = 0.617170, conf = 1.000)
* Band  5 [Target #2]: E_1      (freq = 0.777355, conf = 0.999)
* Band  6 [Target #3]: E_1      (freq = 0.777710, conf = 0.999)
  Band  7           : B_2      (freq = 1.028580, conf = 0.999)
  Band  8           : A_1      (freq = 1.174030, conf = 0.997)
  Band  9           : E_1      (freq = 1.185950, conf = 0.998)
  Band 10           : E_1      (freq = 1.187240, conf = 0.998)
==========================================================================================

==========================================================================================
EVALUATION #084 (Generation 05)
Parameters : r1 = 0.133333, r2 = 0.156667
Cost       : 0.343417 | Dirac Freq: 0.532397 | Mapped to bands [4, 6, 7]
------------------------------------------------------------------------------------------
  Band  2           : E_2      (freq = 0.415107, conf = 1.000)
  Band  3           : E_2      (freq = 0.415563, conf = 1.000)
* Band  4 [Target #1]: A_1      (freq = 0.440980, conf = 1.000)
  Band  5           : B_2      (freq = 0.597262, conf = 0.996)
* Band  6 [Target #2]: E_1      (freq = 0.622949, conf = 0.995)
* Band  7 [Target #3]: E_1      (freq = 0.623814, conf = 1.000)
  Band  8           : B_1      (freq = 0.779203, conf = 0.999)
  Band  9           : E_1      (freq = 0.793389, conf = 0.999)
  Band 10           : E_1      (freq = 0.793788, conf = 0.999)
==========================================================================================

==========================================================================================
EVALUATION #085 (Generation 05)
Parameters : r1 = 0.150000, r2 = 0.063333
Cost       : 0.332290 | Dirac Freq: 0.609146 | Mapped to bands [2, 5, 6]
------------------------------------------------------------------------------------------
* Band  2 [Target #1]: A_1      (freq = 0.507939, conf = 1.000)
  Band  3           : E_2      (freq = 0.696530, conf = 1.000)
  Band  4           : E_2      (freq = 0.697208, conf = 1.000)
* Band  5 [Target #2]: E_1      (freq = 0.709551, conf = 1.000)
* Band  6 [Target #3]: E_1      (freq = 0.710352, conf = 0.999)
  Band  7           : B_2      (freq = 1.084810, conf = 0.998)
  Band  8           : E_2      (freq = 1.135000, conf = 0.810)
  Band  9           : A_1      (freq = 1.146110, conf = 0.833)
  Band 10           : E_2      (freq = 1.147290, conf = 0.998)
==========================================================================================

==========================================================================================
EVALUATION #086 (Generation 05)
Parameters : r1 = 0.133333, r2 = 0.183333
Cost       : 0.224925 | Dirac Freq: 0.489457 | Mapped to bands [4, 6, 7]
------------------------------------------------------------------------------------------
  Band  2           : E_2      (freq = 0.387438, conf = 1.000)
  Band  3           : E_2      (freq = 0.387682, conf = 1.000)
* Band  4 [Target #1]: A_1      (freq = 0.434412, conf = 1.000)
  Band  5           : B_2      (freq = 0.506620, conf = 1.000)
* Band  6 [Target #2]: E_1      (freq = 0.544422, conf = 0.999)
* Band  7 [Target #3]: E_1      (freq = 0.544503, conf = 1.000)
  Band  8           : B_1      (freq = 0.700777, conf = 0.999)
  Band  9           : E_1      (freq = 0.719137, conf = 0.999)
  Band 10           : E_1      (freq = 0.720516, conf = 1.000)
==========================================================================================

==========================================================================================
EVALUATION #087 (Generation 05)
Parameters : r1 = 0.150000, r2 = 0.090000
Cost       : 0.410066 | Dirac Freq: 0.585521 | Mapped to bands [2, 5, 6]
------------------------------------------------------------------------------------------
* Band  2 [Target #1]: A_1      (freq = 0.465470, conf = 1.000)
  Band  3           : E_2      (freq = 0.557110, conf = 1.000)
  Band  4           : E_2      (freq = 0.557541, conf = 1.000)
* Band  5 [Target #2]: E_1      (freq = 0.704613, conf = 1.000)
* Band  6 [Target #3]: E_1      (freq = 0.705572, conf = 0.999)
  Band  7           : B_2      (freq = 0.951812, conf = 0.999)
  Band  8           : E_1      (freq = 1.084430, conf = 0.999)
  Band  9           : E_1      (freq = 1.086140, conf = 0.998)
  Band 10           : A_1      (freq = 1.109830, conf = 0.963)
==========================================================================================

==========================================================================================
EVALUATION #088 (Generation 05)
Parameters : r1 = 0.133333, r2 = 0.063333
Cost       : 0.397999 | Dirac Freq: 0.650813 | Mapped to bands [2, 5, 6]
------------------------------------------------------------------------------------------
* Band  2 [Target #1]: A_1      (freq = 0.521301, conf = 1.000)
  Band  3           : E_2      (freq = 0.697612, conf = 1.000)
  Band  4           : E_2      (freq = 0.698188, conf = 1.000)
* Band  5 [Target #2]: E_1      (freq = 0.779916, conf = 0.999)
* Band  6 [Target #3]: E_1      (freq = 0.780324, conf = 0.999)
  Band  7           : B_2      (freq = 1.085880, conf = 0.998)
  Band  8           : A_1      (freq = 1.202400, conf = 0.993)
  Band  9           : E_1      (freq = 1.262740, conf = 0.997)
  Band 10           : E_1      (freq = 1.263910, conf = 0.997)
==========================================================================================

==========================================================================================
EVALUATION #089 (Generation 05)
Parameters : r1 = 0.150000, r2 = 0.050000
Cost       : 0.286254 | Dirac Freq: 0.622272 | Mapped to bands [2, 3, 4]
------------------------------------------------------------------------------------------
* Band  2 [Target #1]: A_1      (freq = 0.533208, conf = 1.000)
* Band  3 [Target #2]: E_1      (freq = 0.710571, conf = 1.000)
* Band  4 [Target #3]: E_1      (freq = 0.711336, conf = 0.999)
  Band  5           : E_2      (freq = 0.789864, conf = 0.998)
  Band  6           : E_2      (freq = 0.790813, conf = 0.998)
  Band  7           : B_2      (freq = 1.123140, conf = 0.999)
  Band  8           : E_2      (freq = 1.140790, conf = 0.973)
  Band  9           : E_2      (freq = 1.151680, conf = 0.998)
  Band 10           : A_1      (freq = 1.165330, conf = 0.975)
==========================================================================================

==========================================================================================
EVALUATION #090 (Generation 05)
Parameters : r1 = 0.133333, r2 = 0.130000
Cost       : 0.441460 | Dirac Freq: 0.579026 | Mapped to bands [2, 5, 6]
------------------------------------------------------------------------------------------
* Band  2 [Target #1]: A_1      (freq = 0.451218, conf = 0.999)
  Band  3           : E_2      (freq = 0.456210, conf = 1.000)
  Band  4           : E_2      (freq = 0.456535, conf = 0.998)
* Band  5 [Target #2]: E_1      (freq = 0.705748, conf = 0.973)
* Band  6 [Target #3]: E_1      (freq = 0.706835, conf = 1.000)
  Band  7           : B_2      (freq = 0.713203, conf = 0.976)
  Band  8           : E_1      (freq = 0.885964, conf = 0.999)
  Band  9           : E_1      (freq = 0.888787, conf = 0.999)
  Band 10           : B_1      (freq = 0.895986, conf = 0.999)
==========================================================================================

==========================================================================================
EVALUATION #091 (Generation 05)
Parameters : r1 = 0.133333, r2 = 0.250000
Cost       : 0.018493 | Dirac Freq: 0.407446 | Mapped to bands [7, 5, 6]
------------------------------------------------------------------------------------------
  Band  2           : E_2      (freq = 0.345672, conf = 1.000)
  Band  3           : E_2      (freq = 0.346834, conf = 1.000)
  Band  4           : B_2      (freq = 0.358975, conf = 0.995)
* Band  5 [Target #2]: E_1      (freq = 0.403678, conf = 0.996)
* Band  6 [Target #3]: E_1      (freq = 0.407849, conf = 0.998)
* Band  7 [Target #1]: A_1      (freq = 0.411213, conf = 1.000)
  Band  8           : B_1      (freq = 0.603644, conf = 1.000)
  Band  9           : E_1      (freq = 0.626516, conf = 0.999)
  Band 10           : E_1      (freq = 0.630489, conf = 0.998)
==========================================================================================

==========================================================================================
EVALUATION #092 (Generation 05)
Parameters : r1 = 0.133333, r2 = 0.170000
Cost       : 0.285219 | Dirac Freq: 0.510366 | Mapped to bands [4, 6, 7]
------------------------------------------------------------------------------------------
  Band  2           : E_2      (freq = 0.400619, conf = 1.000)
  Band  3           : E_2      (freq = 0.401148, conf = 1.000)
* Band  4 [Target #1]: A_1      (freq = 0.437583, conf = 1.000)
  Band  5           : B_2      (freq = 0.549253, conf = 0.997)
* Band  6 [Target #2]: E_1      (freq = 0.582293, conf = 0.996)
* Band  7 [Target #3]: E_1      (freq = 0.583149, conf = 1.000)
  Band  8           : B_1      (freq = 0.738543, conf = 1.000)
  Band  9           : E_1      (freq = 0.754867, conf = 1.000)
  Band 10           : E_1      (freq = 0.755983, conf = 1.000)
==========================================================================================

==========================================================================================
EVALUATION #093 (Generation 05)
Parameters : r1 = 0.133333, r2 = 0.143333
Cost       : 0.396568 | Dirac Freq: 0.555190 | Mapped to bands [4, 6, 7]
------------------------------------------------------------------------------------------
  Band  2           : E_2      (freq = 0.432234, conf = 1.000)
  Band  3           : E_2      (freq = 0.432451, conf = 1.000)
* Band  4 [Target #1]: A_1      (freq = 0.445105, conf = 1.000)
  Band  5           : B_2      (freq = 0.650961, conf = 0.999)
* Band  6 [Target #2]: E_1      (freq = 0.665153, conf = 1.000)
* Band  7 [Target #3]: E_1      (freq = 0.665276, conf = 1.000)
  Band  8           : B_1      (freq = 0.826098, conf = 0.947)
  Band  9           : E_1      (freq = 0.835462, conf = 0.941)
  Band 10           : E_1      (freq = 0.839770, conf = 0.999)
==========================================================================================

==========================================================================================
EVALUATION #094 (Generation 05)
Parameters : r1 = 0.133333, r2 = 0.103333
Cost       : 0.474693 | Dirac Freq: 0.614978 | Mapped to bands [2, 5, 6]
------------------------------------------------------------------------------------------
* Band  2 [Target #1]: A_1      (freq = 0.469015, conf = 1.000)
  Band  3           : E_2      (freq = 0.518356, conf = 1.000)
  Band  4           : E_2      (freq = 0.518958, conf = 1.000)
* Band  5 [Target #2]: E_1      (freq = 0.760020, conf = 0.999)
* Band  6 [Target #3]: E_1      (freq = 0.760941, conf = 0.999)
  Band  7           : B_2      (freq = 0.866635, conf = 0.997)
  Band  8           : E_1      (freq = 1.005380, conf = 0.994)
  Band  9           : E_1      (freq = 1.008370, conf = 0.997)
  Band 10           : B_1      (freq = 1.087670, conf = 0.988)
==========================================================================================

==========================================================================================
EVALUATION #095 (Generation 05)
Parameters : r1 = 0.150000, r2 = 0.076667
Cost       : 0.376105 | Dirac Freq: 0.596560 | Mapped to bands [2, 5, 6]
------------------------------------------------------------------------------------------
* Band  2 [Target #1]: A_1      (freq = 0.484375, conf = 1.000)
  Band  3           : E_2      (freq = 0.616189, conf = 1.000)
  Band  4           : E_2      (freq = 0.616642, conf = 1.000)
* Band  5 [Target #2]: E_1      (freq = 0.707929, conf = 1.000)
* Band  6 [Target #3]: E_1      (freq = 0.708744, conf = 0.999)
  Band  7           : B_2      (freq = 1.027860, conf = 0.999)
  Band  8           : A_1      (freq = 1.122390, conf = 0.888)
  Band  9           : E_2      (freq = 1.136480, conf = 0.871)
  Band 10           : E_2      (freq = 1.144540, conf = 0.998)
==========================================================================================

==========================================================================================
EVALUATION #096 (Generation 05)
Parameters : r1 = 0.133333, r2 = 0.236667
Cost       : 0.026812 | Dirac Freq: 0.424247 | Mapped to bands [5, 6, 7]
------------------------------------------------------------------------------------------
  Band  2           : E_2      (freq = 0.353505, conf = 1.000)
  Band  3           : E_2      (freq = 0.353765, conf = 1.000)
  Band  4           : B_2      (freq = 0.384899, conf = 1.000)
* Band  5 [Target #1]: A_1      (freq = 0.418560, conf = 1.000)
* Band  6 [Target #2]: E_1      (freq = 0.429239, conf = 1.000)
* Band  7 [Target #3]: E_1      (freq = 0.429935, conf = 1.000)
  Band  8           : B_1      (freq = 0.617087, conf = 1.000)
  Band  9           : E_1      (freq = 0.643830, conf = 1.000)
  Band 10           : E_1      (freq = 0.644176, conf = 1.000)
==========================================================================================

==========================================================================================
EVALUATION #097 (Generation 05)
Parameters : r1 = 0.133333, r2 = 0.223333
Cost       : 0.068577 | Dirac Freq: 0.438702 | Mapped to bands [5, 6, 7]
------------------------------------------------------------------------------------------
  Band  2           : E_2      (freq = 0.360098, conf = 1.000)
  Band  3           : E_2      (freq = 0.360308, conf = 1.000)
  Band  4           : B_2      (freq = 0.408162, conf = 1.000)
* Band  5 [Target #1]: A_1      (freq = 0.423660, conf = 1.000)
* Band  6 [Target #2]: E_1      (freq = 0.452935, conf = 1.000)
* Band  7 [Target #3]: E_1      (freq = 0.453745, conf = 1.000)
  Band  8           : B_1      (freq = 0.632131, conf = 1.000)
  Band  9           : E_1      (freq = 0.656816, conf = 1.000)
  Band 10           : E_1      (freq = 0.657027, conf = 1.000)
==========================================================================================

==========================================================================================
EVALUATION #098 (Generation 05)
Parameters : r1 = 0.133333, r2 = 0.210000
Cost       : 0.115362 | Dirac Freq: 0.454014 | Mapped to bands [4, 6, 7]
------------------------------------------------------------------------------------------
  Band  2           : E_2      (freq = 0.367329, conf = 1.000)
  Band  3           : E_2      (freq = 0.367580, conf = 1.000)
* Band  4 [Target #1]: A_1      (freq = 0.427826, conf = 1.000)
  Band  5           : B_2      (freq = 0.436388, conf = 1.000)
* Band  6 [Target #2]: E_1      (freq = 0.480184, conf = 1.000)
* Band  7 [Target #3]: E_1      (freq = 0.480202, conf = 1.000)
  Band  8           : B_1      (freq = 0.648643, conf = 0.999)
  Band  9           : E_1      (freq = 0.670684, conf = 0.999)
  Band 10           : E_1      (freq = 0.672261, conf = 1.000)
==========================================================================================

==========================================================================================
EVALUATION #099 (Generation 05)
Parameters : r1 = 0.133333, r2 = 0.196667
Cost       : 0.168200 | Dirac Freq: 0.470862 | Mapped to bands [4, 6, 7]
------------------------------------------------------------------------------------------
  Band  2           : E_2      (freq = 0.375942, conf = 1.000)
  Band  3           : E_2      (freq = 0.375987, conf = 1.000)
* Band  4 [Target #1]: A_1      (freq = 0.431262, conf = 1.000)
  Band  5           : B_2      (freq = 0.469224, conf = 1.000)
* Band  6 [Target #2]: E_1      (freq = 0.509859, conf = 1.000)
* Band  7 [Target #3]: E_1      (freq = 0.510461, conf = 1.000)
  Band  8           : B_1      (freq = 0.669277, conf = 0.997)
  Band  9           : E_1      (freq = 0.688314, conf = 0.997)
  Band 10           : E_1      (freq = 0.692097, conf = 1.000)
==========================================================================================

==========================================================================================
EVALUATION #100 (Generation 05)
Parameters : r1 = 0.133333, r2 = 0.116667
Cost       : 0.468466 | Dirac Freq: 0.599755 | Mapped to bands [2, 5, 6]
------------------------------------------------------------------------------------------
* Band  2 [Target #1]: A_1      (freq = 0.459273, conf = 1.000)
  Band  3           : E_2      (freq = 0.485560, conf = 1.000)
  Band  4           : E_2      (freq = 0.486131, conf = 1.000)
* Band  5 [Target #2]: E_1      (freq = 0.738447, conf = 0.995)
* Band  6 [Target #3]: E_1      (freq = 0.740238, conf = 0.999)
  Band  7           : B_2      (freq = 0.785359, conf = 0.995)
  Band  8           : E_1      (freq = 0.935223, conf = 0.989)
  Band  9           : E_1      (freq = 0.939397, conf = 0.998)
  Band 10           : B_1      (freq = 0.986067, conf = 0.985)
==========================================================================================

==========================================================================================
EVALUATION #101 (Generation 06)
Parameters : r1 = 0.150000, r2 = 0.236667
Cost       : 0.066473 | Dirac Freq: 0.412544 | Mapped to bands [5, 6, 7]
------------------------------------------------------------------------------------------
  Band  2           : E_2      (freq = 0.353363, conf = 1.000)
  Band  3           : E_2      (freq = 0.353600, conf = 1.000)
  Band  4           : B_2      (freq = 0.384876, conf = 1.000)
* Band  5 [Target #1]: A_1      (freq = 0.398832, conf = 1.000)
* Band  6 [Target #2]: E_1      (freq = 0.425436, conf = 1.000)
* Band  7 [Target #3]: E_1      (freq = 0.426255, conf = 1.000)
  Band  8           : B_1      (freq = 0.616893, conf = 1.000)
  Band  9           : E_1      (freq = 0.642283, conf = 1.000)
  Band 10           : E_1      (freq = 0.642486, conf = 1.000)
==========================================================================================

==========================================================================================
EVALUATION #102 (Generation 06)
Parameters : r1 = 0.150000, r2 = 0.116667
Cost       : 0.436035 | Dirac Freq: 0.564466 | Mapped to bands [2, 5, 6]
------------------------------------------------------------------------------------------
* Band  2 [Target #1]: A_1      (freq = 0.441403, conf = 1.000)
  Band  3           : E_2      (freq = 0.485303, conf = 1.000)
  Band  4           : E_2      (freq = 0.485907, conf = 1.000)
* Band  5 [Target #2]: E_1      (freq = 0.685619, conf = 0.999)
* Band  6 [Target #3]: E_1      (freq = 0.687530, conf = 0.999)
  Band  7           : B_2      (freq = 0.784972, conf = 0.997)
  Band  8           : E_1      (freq = 0.916249, conf = 0.992)
  Band  9           : E_1      (freq = 0.918969, conf = 0.998)
  Band 10           : B_1      (freq = 0.985595, conf = 0.988)
==========================================================================================

==========================================================================================
EVALUATION #103 (Generation 06)
Parameters : r1 = 0.150000, r2 = 0.130000
Cost       : 0.428183 | Dirac Freq: 0.550337 | Mapped to bands [2, 5, 6]
------------------------------------------------------------------------------------------
* Band  2 [Target #1]: A_1      (freq = 0.432514, conf = 1.000)
  Band  3           : E_2      (freq = 0.455995, conf = 1.000)
  Band  4           : E_2      (freq = 0.456343, conf = 1.000)
* Band  5 [Target #2]: E_1      (freq = 0.666723, conf = 0.999)
* Band  6 [Target #3]: E_1      (freq = 0.668159, conf = 1.000)
  Band  7           : B_2      (freq = 0.712905, conf = 0.999)
  Band  8           : E_1      (freq = 0.855463, conf = 0.999)
  Band  9           : E_1      (freq = 0.857935, conf = 0.999)
  Band 10           : B_1      (freq = 0.895738, conf = 0.999)
==========================================================================================

==========================================================================================
EVALUATION #104 (Generation 06)
Parameters : r1 = 0.150000, r2 = 0.223333
Cost       : 0.108372 | Dirac Freq: 0.426363 | Mapped to bands [4, 6, 7]
------------------------------------------------------------------------------------------
  Band  2           : E_2      (freq = 0.359938, conf = 1.000)
  Band  3           : E_2      (freq = 0.360169, conf = 1.000)
* Band  4 [Target #1]: A_1      (freq = 0.403260, conf = 1.000)
  Band  5           : B_2      (freq = 0.408135, conf = 1.000)
* Band  6 [Target #2]: E_1      (freq = 0.448474, conf = 1.000)
* Band  7 [Target #3]: E_1      (freq = 0.449466, conf = 1.000)
  Band  8           : B_1      (freq = 0.631953, conf = 1.000)
  Band  9           : E_1      (freq = 0.655345, conf = 1.000)
  Band 10           : E_1      (freq = 0.655485, conf = 1.000)
==========================================================================================

==========================================================================================
EVALUATION #105 (Generation 06)
Parameters : r1 = 0.166667, r2 = 0.143333
Cost       : 0.382876 | Dirac Freq: 0.510097 | Mapped to bands [2, 5, 6]
------------------------------------------------------------------------------------------
* Band  2 [Target #1]: A_1      (freq = 0.412445, conf = 1.000)
  Band  3           : E_2      (freq = 0.431702, conf = 1.000)
  Band  4           : E_2      (freq = 0.432000, conf = 1.000)
* Band  5 [Target #2]: E_1      (freq = 0.605050, conf = 1.000)
* Band  6 [Target #3]: E_1      (freq = 0.607749, conf = 1.000)
  Band  7           : B_2      (freq = 0.650714, conf = 0.999)
  Band  8           : E_1      (freq = 0.795849, conf = 0.999)
  Band  9           : E_1      (freq = 0.796055, conf = 0.991)
  Band 10           : B_1      (freq = 0.826228, conf = 0.988)
==========================================================================================

==========================================================================================
EVALUATION #106 (Generation 06)
Parameters : r1 = 0.150000, r2 = 0.143333
Cost       : 0.402173 | Dirac Freq: 0.532831 | Mapped to bands [2, 5, 6]
------------------------------------------------------------------------------------------
* Band  2 [Target #1]: A_1      (freq = 0.425686, conf = 0.999)
  Band  3           : E_2      (freq = 0.432048, conf = 1.000)
  Band  4           : E_2      (freq = 0.432297, conf = 0.999)
* Band  5 [Target #2]: E_1      (freq = 0.639145, conf = 1.000)
* Band  6 [Target #3]: E_1      (freq = 0.639976, conf = 1.000)
  Band  7           : B_2      (freq = 0.650876, conf = 0.999)
  Band  8           : E_1      (freq = 0.814714, conf = 0.950)
  Band  9           : E_1      (freq = 0.817067, conf = 0.999)
  Band 10           : B_1      (freq = 0.827084, conf = 0.955)
==========================================================================================

==========================================================================================
EVALUATION #107 (Generation 06)
Parameters : r1 = 0.150000, r2 = 0.210000
Cost       : 0.154236 | Dirac Freq: 0.441065 | Mapped to bands [4, 6, 7]
------------------------------------------------------------------------------------------
  Band  2           : E_2      (freq = 0.367172, conf = 1.000)
  Band  3           : E_2      (freq = 0.367444, conf = 1.000)
* Band  4 [Target #1]: A_1      (freq = 0.407051, conf = 1.000)
  Band  5           : B_2      (freq = 0.436357, conf = 1.000)
* Band  6 [Target #2]: E_1      (freq = 0.474860, conf = 1.000)
* Band  7 [Target #3]: E_1      (freq = 0.475079, conf = 1.000)
  Band  8           : B_1      (freq = 0.648474, conf = 0.999)
  Band  9           : E_1      (freq = 0.669319, conf = 0.999)
  Band 10           : E_1      (freq = 0.670757, conf = 1.000)
==========================================================================================

==========================================================================================
EVALUATION #108 (Generation 06)
Parameters : r1 = 0.150000, r2 = 0.183333
Cost       : 0.257912 | Dirac Freq: 0.474926 | Mapped to bands [4, 6, 7]
------------------------------------------------------------------------------------------
  Band  2           : E_2      (freq = 0.387278, conf = 1.000)
  Band  3           : E_2      (freq = 0.387544, conf = 1.000)
* Band  4 [Target #1]: A_1      (freq = 0.413681, conf = 1.000)
  Band  5           : B_2      (freq = 0.506574, conf = 0.999)
* Band  6 [Target #2]: E_1      (freq = 0.535763, conf = 0.999)
* Band  7 [Target #3]: E_1      (freq = 0.536170, conf = 1.000)
  Band  8           : B_1      (freq = 0.700608, conf = 0.999)
  Band  9           : E_1      (freq = 0.717246, conf = 0.999)
  Band 10           : E_1      (freq = 0.718499, conf = 1.000)
==========================================================================================

==========================================================================================
EVALUATION #109 (Generation 06)
Parameters : r1 = 0.166667, r2 = 0.063333
Cost       : 0.266116 | Dirac Freq: 0.577778 | Mapped to bands [2, 3, 4]
------------------------------------------------------------------------------------------
* Band  2 [Target #1]: A_1      (freq = 0.500900, conf = 1.000)
* Band  3 [Target #2]: E_1      (freq = 0.650484, conf = 1.000)
* Band  4 [Target #3]: E_1      (freq = 0.654656, conf = 1.000)
  Band  5           : E_2      (freq = 0.694286, conf = 1.000)
  Band  6           : E_2      (freq = 0.695298, conf = 1.000)
  Band  7           : E_2      (freq = 1.041410, conf = 0.999)
  Band  8           : E_2      (freq = 1.045250, conf = 0.955)
  Band  9           : A_1      (freq = 1.068760, conf = 0.961)
  Band 10           : B_2      (freq = 1.082070, conf = 0.998)
==========================================================================================

==========================================================================================
EVALUATION #110 (Generation 06)
Parameters : r1 = 0.166667, r2 = 0.090000
Cost       : 0.352945 | Dirac Freq: 0.553475 | Mapped to bands [2, 5, 6]
------------------------------------------------------------------------------------------
* Band  2 [Target #1]: A_1      (freq = 0.455802, conf = 1.000)
  Band  3           : E_2      (freq = 0.556356, conf = 1.000)
  Band  4           : E_2      (freq = 0.556902, conf = 1.000)
* Band  5 [Target #2]: E_1      (freq = 0.646996, conf = 1.000)
* Band  6 [Target #3]: E_1      (freq = 0.651148, conf = 1.000)
  Band  7           : B_2      (freq = 0.950839, conf = 0.999)
  Band  8           : E_2      (freq = 1.035520, conf = 0.999)
  Band  9           : E_2      (freq = 1.037320, conf = 0.632)
  Band 10           : A_1      (freq = 1.047520, conf = 0.678)
==========================================================================================

==========================================================================================
EVALUATION #111 (Generation 06)
Parameters : r1 = 0.150000, r2 = 0.170000
Cost       : 0.312197 | Dirac Freq: 0.494344 | Mapped to bands [4, 6, 7]
------------------------------------------------------------------------------------------
  Band  2           : E_2      (freq = 0.400453, conf = 1.000)
  Band  3           : E_2      (freq = 0.400999, conf = 0.999)
* Band  4 [Target #1]: A_1      (freq = 0.417178, conf = 0.999)
  Band  5           : B_2      (freq = 0.549150, conf = 0.993)
* Band  6 [Target #2]: E_1      (freq = 0.570272, conf = 0.992)
* Band  7 [Target #3]: E_1      (freq = 0.571511, conf = 1.000)
  Band  8           : B_1      (freq = 0.738375, conf = 1.000)
  Band  9           : E_1      (freq = 0.751855, conf = 1.000)
  Band 10           : E_1      (freq = 0.752417, conf = 1.000)
==========================================================================================

==========================================================================================
EVALUATION #112 (Generation 06)
Parameters : r1 = 0.166667, r2 = 0.116667
Cost       : 0.391461 | Dirac Freq: 0.534283 | Mapped to bands [2, 5, 6]
------------------------------------------------------------------------------------------
* Band  2 [Target #1]: A_1      (freq = 0.429708, conf = 1.000)
  Band  3           : E_2      (freq = 0.484821, conf = 1.000)
  Band  4           : E_2      (freq = 0.485498, conf = 1.000)
* Band  5 [Target #2]: E_1      (freq = 0.634554, conf = 1.000)
* Band  6 [Target #3]: E_1      (freq = 0.638859, conf = 1.000)
  Band  7           : B_2      (freq = 0.784575, conf = 0.997)
  Band  8           : E_1      (freq = 0.911289, conf = 0.993)
  Band  9           : E_1      (freq = 0.911898, conf = 0.997)
  Band 10           : B_1      (freq = 0.984681, conf = 0.989)
==========================================================================================

==========================================================================================
EVALUATION #113 (Generation 06)
Parameters : r1 = 0.150000, r2 = 0.250000
Cost       : 0.030318 | Dirac Freq: 0.398537 | Mapped to bands [5, 6, 7]
------------------------------------------------------------------------------------------
  Band  2           : E_2      (freq = 0.345505, conf = 1.000)
  Band  3           : E_2      (freq = 0.346683, conf = 1.000)
  Band  4           : B_2      (freq = 0.358946, conf = 0.995)
* Band  5 [Target #1]: A_1      (freq = 0.392496, conf = 1.000)
* Band  6 [Target #2]: E_1      (freq = 0.400680, conf = 0.996)
* Band  7 [Target #3]: E_1      (freq = 0.404579, conf = 0.998)
  Band  8           : B_1      (freq = 0.603435, conf = 1.000)
  Band  9           : E_1      (freq = 0.624409, conf = 0.999)
  Band 10           : E_1      (freq = 0.628527, conf = 0.998)
==========================================================================================

==========================================================================================
EVALUATION #114 (Generation 06)
Parameters : r1 = 0.150000, r2 = 0.196667
Cost       : 0.204565 | Dirac Freq: 0.457135 | Mapped to bands [4, 6, 7]
------------------------------------------------------------------------------------------
  Band  2           : E_2      (freq = 0.375808, conf = 1.000)
  Band  3           : E_2      (freq = 0.375832, conf = 1.000)
* Band  4 [Target #1]: A_1      (freq = 0.410378, conf = 1.000)
  Band  5           : B_2      (freq = 0.469188, conf = 1.000)
* Band  6 [Target #2]: E_1      (freq = 0.503553, conf = 1.000)
* Band  7 [Target #3]: E_1      (freq = 0.503892, conf = 1.000)
  Band  8           : B_1      (freq = 0.669098, conf = 0.997)
  Band  9           : E_1      (freq = 0.687008, conf = 0.996)
  Band 10           : E_1      (freq = 0.690441, conf = 1.000)
==========================================================================================

==========================================================================================
EVALUATION #115 (Generation 06)
Parameters : r1 = 0.166667, r2 = 0.130000
Cost       : 0.394638 | Dirac Freq: 0.523219 | Mapped to bands [2, 5, 6]
------------------------------------------------------------------------------------------
* Band  2 [Target #1]: A_1      (freq = 0.419978, conf = 1.000)
  Band  3           : E_2      (freq = 0.455596, conf = 1.000)
  Band  4           : E_2      (freq = 0.456004, conf = 1.000)
* Band  5 [Target #2]: E_1      (freq = 0.622886, conf = 1.000)
* Band  6 [Target #3]: E_1      (freq = 0.626460, conf = 1.000)
  Band  7           : B_2      (freq = 0.712665, conf = 0.999)
  Band  8           : E_1      (freq = 0.843869, conf = 1.000)
  Band  9           : E_1      (freq = 0.844113, conf = 0.999)
  Band 10           : B_1      (freq = 0.895133, conf = 0.999)
==========================================================================================

==========================================================================================
EVALUATION #116 (Generation 06)
Parameters : r1 = 0.150000, r2 = 0.156667
Cost       : 0.361693 | Dirac Freq: 0.513978 | Mapped to bands [4, 6, 7]
------------------------------------------------------------------------------------------
  Band  2           : E_2      (freq = 0.414933, conf = 1.000)
  Band  3           : E_2      (freq = 0.415397, conf = 0.997)
* Band  4 [Target #1]: A_1      (freq = 0.421027, conf = 0.997)
  Band  5           : B_2      (freq = 0.597010, conf = 0.970)
* Band  6 [Target #2]: E_1      (freq = 0.605728, conf = 0.966)
* Band  7 [Target #3]: E_1      (freq = 0.606929, conf = 1.000)
  Band  8           : B_1      (freq = 0.779025, conf = 0.998)
  Band  9           : E_1      (freq = 0.785424, conf = 0.998)
  Band 10           : E_1      (freq = 0.786507, conf = 0.999)
==========================================================================================

==========================================================================================
EVALUATION #117 (Generation 06)
Parameters : r1 = 0.166667, r2 = 0.076667
Cost       : 0.314328 | Dirac Freq: 0.564705 | Mapped to bands [2, 5, 6]
------------------------------------------------------------------------------------------
* Band  2 [Target #1]: A_1      (freq = 0.475954, conf = 1.000)
  Band  3           : E_2      (freq = 0.615015, conf = 1.000)
  Band  4           : E_2      (freq = 0.615645, conf = 1.000)
* Band  5 [Target #2]: E_1      (freq = 0.649320, conf = 1.000)
* Band  6 [Target #3]: E_1      (freq = 0.653457, conf = 1.000)
  Band  7           : B_2      (freq = 1.026130, conf = 0.999)
  Band  8           : E_2      (freq = 1.037500, conf = 0.999)
  Band  9           : E_2      (freq = 1.040840, conf = 0.863)
  Band 10           : A_1      (freq = 1.055090, conf = 0.880)
==========================================================================================

==========================================================================================
EVALUATION #118 (Generation 06)
Parameters : r1 = 0.166667, r2 = 0.050000
Cost       : 0.216187 | Dirac Freq: 0.591478 | Mapped to bands [2, 3, 4]
------------------------------------------------------------------------------------------
* Band  2 [Target #1]: A_1      (freq = 0.527543, conf = 1.000)
* Band  3 [Target #2]: E_1      (freq = 0.651238, conf = 1.000)
* Band  4 [Target #3]: E_1      (freq = 0.655413, conf = 1.000)
  Band  5           : E_2      (freq = 0.784874, conf = 0.998)
  Band  6           : E_2      (freq = 0.786548, conf = 0.998)
  Band  7           : E_2      (freq = 1.048800, conf = 0.999)
  Band  8           : E_2      (freq = 1.052510, conf = 0.978)
  Band  9           : A_1      (freq = 1.084280, conf = 0.980)
  Band 10           : B_2      (freq = 1.119430, conf = 0.999)
==========================================================================================

==========================================================================================
EVALUATION #119 (Generation 06)
Parameters : r1 = 0.166667, r2 = 0.103333
Cost       : 0.377210 | Dirac Freq: 0.543957 | Mapped to bands [2, 5, 6]
------------------------------------------------------------------------------------------
* Band  2 [Target #1]: A_1      (freq = 0.441364, conf = 1.000)
  Band  3           : E_2      (freq = 0.517456, conf = 1.000)
  Band  4           : E_2      (freq = 0.518188, conf = 1.000)
* Band  5 [Target #2]: E_1      (freq = 0.642206, conf = 1.000)
* Band  6 [Target #3]: E_1      (freq = 0.646550, conf = 1.000)
  Band  7           : B_2      (freq = 0.865691, conf = 0.997)
  Band  8           : E_1      (freq = 0.993373, conf = 0.995)
  Band  9           : E_1      (freq = 0.993581, conf = 0.997)
  Band 10           : E_2      (freq = 1.034450, conf = 0.999)
==========================================================================================

==========================================================================================
EVALUATION #120 (Generation 06)
Parameters : r1 = 0.150000, r2 = 0.103333
Cost       : 0.429057 | Dirac Freq: 0.575581 | Mapped to bands [2, 5, 6]
------------------------------------------------------------------------------------------
* Band  2 [Target #1]: A_1      (freq = 0.452103, conf = 1.000)
  Band  3           : E_2      (freq = 0.518045, conf = 1.000)
  Band  4           : E_2      (freq = 0.518687, conf = 1.000)
* Band  5 [Target #2]: E_1      (freq = 0.697561, conf = 1.000)
* Band  6 [Target #3]: E_1      (freq = 0.699060, conf = 0.999)
  Band  7           : B_2      (freq = 0.866277, conf = 0.997)
  Band  8           : E_1      (freq = 0.994986, conf = 0.995)
  Band  9           : E_1      (freq = 0.996945, conf = 0.997)
  Band 10           : B_1      (freq = 1.087120, conf = 0.989)
==========================================================================================

==========================================================================================
EVALUATION #121 (Generation 07)
Parameters : r1 = 0.166667, r2 = 0.170000
Cost       : 0.316508 | Dirac Freq: 0.478746 | Mapped to bands [4, 6, 7]
------------------------------------------------------------------------------------------
  Band  2           : E_2      (freq = 0.400147, conf = 1.000)
  Band  3           : E_2      (freq = 0.400666, conf = 0.965)
* Band  4 [Target #1]: A_1      (freq = 0.402983, conf = 0.969)
  Band  5           : B_2      (freq = 0.548416, conf = 0.846)
* Band  6 [Target #2]: E_1      (freq = 0.552957, conf = 0.825)
* Band  7 [Target #3]: E_1      (freq = 0.554510, conf = 1.000)
  Band  8           : B_1      (freq = 0.737961, conf = 0.999)
  Band  9           : E_1      (freq = 0.741141, conf = 1.000)
  Band 10           : E_1      (freq = 0.741533, conf = 0.999)
==========================================================================================

==========================================================================================
EVALUATION #122 (Generation 07)
Parameters : r1 = 0.166667, r2 = 0.250000
Cost       : 0.055088 | Dirac Freq: 0.389105 | Mapped to bands [5, 6, 7]
------------------------------------------------------------------------------------------
  Band  2           : E_2      (freq = 0.345202, conf = 0.999)
  Band  3           : E_2      (freq = 0.346412, conf = 1.000)
  Band  4           : B_2      (freq = 0.358896, conf = 0.994)
* Band  5 [Target #1]: A_1      (freq = 0.378388, conf = 0.999)
* Band  6 [Target #2]: E_1      (freq = 0.396319, conf = 0.995)
* Band  7 [Target #3]: E_1      (freq = 0.399823, conf = 0.997)
  Band  8           : B_1      (freq = 0.602919, conf = 1.000)
  Band  9           : E_1      (freq = 0.620791, conf = 0.999)
  Band 10           : E_1      (freq = 0.624984, conf = 1.000)
==========================================================================================

==========================================================================================
EVALUATION #123 (Generation 07)
Parameters : r1 = 0.166667, r2 = 0.223333
Cost       : 0.131793 | Dirac Freq: 0.415795 | Mapped to bands [4, 6, 7]
------------------------------------------------------------------------------------------
  Band  2           : E_2      (freq = 0.359646, conf = 1.000)
  Band  3           : E_2      (freq = 0.359919, conf = 1.000)
* Band  4 [Target #1]: A_1      (freq = 0.388396, conf = 1.000)
  Band  5           : B_2      (freq = 0.408090, conf = 1.000)
* Band  6 [Target #2]: E_1      (freq = 0.441905, conf = 1.000)
* Band  7 [Target #3]: E_1      (freq = 0.443195, conf = 1.000)
  Band  8           : B_1      (freq = 0.631514, conf = 0.999)
  Band  9           : E_1      (freq = 0.652414, conf = 1.000)
  Band 10           : E_1      (freq = 0.652592, conf = 0.999)
==========================================================================================

==========================================================================================
EVALUATION #124 (Generation 07)
Parameters : r1 = 0.166667, r2 = 0.156667
Cost       : 0.355585 | Dirac Freq: 0.495232 | Mapped to bands [2, 5, 6]
------------------------------------------------------------------------------------------
* Band  2 [Target #1]: A_1      (freq = 0.407183, conf = 0.998)
  Band  3           : E_2      (freq = 0.414611, conf = 1.000)
  Band  4           : E_2      (freq = 0.415162, conf = 0.998)
* Band  5 [Target #2]: E_1      (freq = 0.580366, conf = 0.992)
* Band  6 [Target #3]: E_1      (freq = 0.583280, conf = 1.000)
  Band  7           : B_2      (freq = 0.597305, conf = 0.993)
  Band  8           : E_1      (freq = 0.766362, conf = 1.000)
  Band  9           : E_1      (freq = 0.766592, conf = 0.999)
  Band 10           : B_1      (freq = 0.778613, conf = 0.999)
==========================================================================================

==========================================================================================
EVALUATION #125 (Generation 07)
Parameters : r1 = 0.166667, r2 = 0.210000
Cost       : 0.175574 | Dirac Freq: 0.429824 | Mapped to bands [4, 6, 7]
------------------------------------------------------------------------------------------
  Band  2           : E_2      (freq = 0.366886, conf = 1.000)
  Band  3           : E_2      (freq = 0.367199, conf = 1.000)
* Band  4 [Target #1]: A_1      (freq = 0.392091, conf = 1.000)
  Band  5           : B_2      (freq = 0.436301, conf = 1.000)
* Band  6 [Target #2]: E_1      (freq = 0.466919, conf = 1.000)
* Band  7 [Target #3]: E_1      (freq = 0.467557, conf = 1.000)
  Band  8           : B_1      (freq = 0.648055, conf = 0.998)
  Band  9           : E_1      (freq = 0.666633, conf = 0.998)
  Band 10           : E_1      (freq = 0.667569, conf = 1.000)
==========================================================================================

==========================================================================================
EVALUATION #126 (Generation 07)
Parameters : r1 = 0.166667, r2 = 0.183333
Cost       : 0.270420 | Dirac Freq: 0.461437 | Mapped to bands [4, 6, 7]
------------------------------------------------------------------------------------------
  Band  2           : E_2      (freq = 0.386986, conf = 1.000)
  Band  3           : E_2      (freq = 0.387291, conf = 1.000)
* Band  4 [Target #1]: A_1      (freq = 0.399046, conf = 1.000)
  Band  5           : B_2      (freq = 0.506486, conf = 0.999)
* Band  6 [Target #2]: E_1      (freq = 0.522737, conf = 0.998)
* Band  7 [Target #3]: E_1      (freq = 0.523828, conf = 1.000)
  Band  8           : B_1      (freq = 0.700176, conf = 0.996)
  Band  9           : E_1      (freq = 0.712471, conf = 0.996)
  Band 10           : E_1      (freq = 0.712836, conf = 1.000)
==========================================================================================

==========================================================================================
EVALUATION #127 (Generation 07)
Parameters : r1 = 0.183333, r2 = 0.170000
Cost       : 0.304742 | Dirac Freq: 0.461259 | Mapped to bands [2, 5, 6]
------------------------------------------------------------------------------------------
* Band  2 [Target #1]: A_1      (freq = 0.390977, conf = 0.999)
  Band  3           : E_2      (freq = 0.399751, conf = 1.000)
  Band  4           : E_2      (freq = 0.400315, conf = 0.999)
* Band  5 [Target #2]: E_1      (freq = 0.529961, conf = 0.995)
* Band  6 [Target #3]: E_1      (freq = 0.531542, conf = 1.000)
  Band  7           : B_2      (freq = 0.549166, conf = 0.995)
  Band  8           : E_1      (freq = 0.721877, conf = 0.999)
  Band  9           : E_1      (freq = 0.723755, conf = 1.000)
  Band 10           : B_1      (freq = 0.737152, conf = 0.999)
==========================================================================================

==========================================================================================
EVALUATION #128 (Generation 07)
Parameters : r1 = 0.166667, r2 = 0.236667
Cost       : 0.091015 | Dirac Freq: 0.402569 | Mapped to bands [4, 6, 7]
------------------------------------------------------------------------------------------
  Band  2           : E_2      (freq = 0.353108, conf = 1.000)
  Band  3           : E_2      (freq = 0.353300, conf = 1.000)
* Band  4 [Target #1]: A_1      (freq = 0.384249, conf = 1.000)
  Band  5           : B_2      (freq = 0.384837, conf = 1.000)
* Band  6 [Target #2]: E_1      (freq = 0.419874, conf = 1.000)
* Band  7 [Target #3]: E_1      (freq = 0.420889, conf = 1.000)
  Band  8           : B_1      (freq = 0.616413, conf = 1.000)
  Band  9           : E_1      (freq = 0.639274, conf = 1.000)
  Band 10           : E_1      (freq = 0.639508, conf = 0.999)
==========================================================================================

==========================================================================================
EVALUATION #129 (Generation 07)
Parameters : r1 = 0.183333, r2 = 0.063333
Cost       : 0.192556 | Dirac Freq: 0.548870 | Mapped to bands [2, 3, 4]
------------------------------------------------------------------------------------------
* Band  2 [Target #1]: A_1      (freq = 0.496026, conf = 1.000)
* Band  3 [Target #2]: E_1      (freq = 0.600934, conf = 1.000)
* Band  4 [Target #3]: E_1      (freq = 0.601714, conf = 1.000)
  Band  5           : E_2      (freq = 0.690708, conf = 1.000)
  Band  6           : E_2      (freq = 0.691421, conf = 1.000)
  Band  7           : E_2      (freq = 0.953628, conf = 0.999)
  Band  8           : E_2      (freq = 0.955038, conf = 0.999)
  Band  9           : A_1      (freq = 0.995787, conf = 0.999)
  Band 10           : B_2      (freq = 1.075730, conf = 0.998)
==========================================================================================

==========================================================================================
EVALUATION #130 (Generation 07)
Parameters : r1 = 0.183333, r2 = 0.090000
Cost       : 0.287765 | Dirac Freq: 0.523764 | Mapped to bands [2, 5, 6]
------------------------------------------------------------------------------------------
* Band  2 [Target #1]: A_1      (freq = 0.448404, conf = 1.000)
  Band  3           : E_2      (freq = 0.555299, conf = 0.999)
  Band  4           : E_2      (freq = 0.555734, conf = 1.000)
* Band  5 [Target #2]: E_1      (freq = 0.598285, conf = 1.000)
* Band  6 [Target #3]: E_1      (freq = 0.599125, conf = 1.000)
  Band  7           : E_2      (freq = 0.945185, conf = 0.999)
  Band  8           : E_2      (freq = 0.946877, conf = 0.998)
  Band  9           : B_2      (freq = 0.949058, conf = 0.999)
  Band 10           : A_1      (freq = 0.976802, conf = 0.997)
==========================================================================================

==========================================================================================
EVALUATION #131 (Generation 07)
Parameters : r1 = 0.183333, r2 = 0.103333
Cost       : 0.316672 | Dirac Freq: 0.514377 | Mapped to bands [2, 5, 6]
------------------------------------------------------------------------------------------
* Band  2 [Target #1]: A_1      (freq = 0.432933, conf = 1.000)
  Band  3           : E_2      (freq = 0.516651, conf = 1.000)
  Band  4           : E_2      (freq = 0.517293, conf = 1.000)
* Band  5 [Target #2]: E_1      (freq = 0.594744, conf = 1.000)
* Band  6 [Target #3]: E_1      (freq = 0.595822, conf = 1.000)
  Band  7           : B_2      (freq = 0.864750, conf = 0.997)
  Band  8           : E_2      (freq = 0.944235, conf = 0.999)
  Band  9           : E_2      (freq = 0.945891, conf = 0.997)
  Band 10           : A_1      (freq = 0.974578, conf = 0.997)
==========================================================================================

==========================================================================================
EVALUATION #132 (Generation 07)
Parameters : r1 = 0.166667, r2 = 0.196667
Cost       : 0.221918 | Dirac Freq: 0.444849 | Mapped to bands [4, 6, 7]
------------------------------------------------------------------------------------------
  Band  2           : E_2      (freq = 0.375548, conf = 1.000)
  Band  3           : E_2      (freq = 0.375566, conf = 1.000)
* Band  4 [Target #1]: A_1      (freq = 0.395489, conf = 1.000)
  Band  5           : B_2      (freq = 0.469126, conf = 1.000)
* Band  6 [Target #2]: E_1      (freq = 0.494025, conf = 1.000)
* Band  7 [Target #3]: E_1      (freq = 0.494209, conf = 1.000)
  Band  8           : B_1      (freq = 0.668649, conf = 0.993)
  Band  9           : E_1      (freq = 0.684242, conf = 0.993)
  Band 10           : E_1      (freq = 0.686565, conf = 1.000)
==========================================================================================

==========================================================================================
EVALUATION #133 (Generation 07)
Parameters : r1 = 0.183333, r2 = 0.050000
Cost       : 0.139127 | Dirac Freq: 0.563120 | Mapped to bands [2, 3, 4]
------------------------------------------------------------------------------------------
* Band  2 [Target #1]: A_1      (freq = 0.523948, conf = 1.000)
* Band  3 [Target #2]: E_1      (freq = 0.601526, conf = 1.000)
* Band  4 [Target #3]: E_1      (freq = 0.602293, conf = 1.000)
  Band  5           : E_2      (freq = 0.775807, conf = 0.998)
  Band  6           : E_2      (freq = 0.776880, conf = 0.999)
  Band  7           : E_2      (freq = 0.966748, conf = 0.999)
  Band  8           : E_2      (freq = 0.968048, conf = 0.999)
  Band  9           : A_1      (freq = 1.009160, conf = 0.998)
  Band 10           : B_2      (freq = 1.109890, conf = 0.999)
==========================================================================================

==========================================================================================
EVALUATION #134 (Generation 07)
Parameters : r1 = 0.183333, r2 = 0.130000
Cost       : 0.347899 | Dirac Freq: 0.496096 | Mapped to bands [2, 5, 6]
------------------------------------------------------------------------------------------
* Band  2 [Target #1]: A_1      (freq = 0.409800, conf = 1.000)
  Band  3           : E_2      (freq = 0.455066, conf = 1.000)
  Band  4           : E_2      (freq = 0.455410, conf = 1.000)
* Band  5 [Target #2]: E_1      (freq = 0.581419, conf = 1.000)
* Band  6 [Target #3]: E_1      (freq = 0.582391, conf = 1.000)
  Band  7           : B_2      (freq = 0.712316, conf = 0.999)
  Band  8           : E_1      (freq = 0.837019, conf = 1.000)
  Band  9           : E_1      (freq = 0.837916, conf = 0.999)
  Band 10           : B_1      (freq = 0.893805, conf = 0.999)
==========================================================================================

==========================================================================================
EVALUATION #135 (Generation 07)
Parameters : r1 = 0.183333, r2 = 0.076667
Cost       : 0.244846 | Dirac Freq: 0.535289 | Mapped to bands [2, 3, 4]
------------------------------------------------------------------------------------------
* Band  2 [Target #1]: A_1      (freq = 0.469757, conf = 1.000)
* Band  3 [Target #2]: E_1      (freq = 0.600041, conf = 1.000)
* Band  4 [Target #3]: E_1      (freq = 0.600820, conf = 1.000)
  Band  5           : E_2      (freq = 0.613291, conf = 1.000)
  Band  6           : E_2      (freq = 0.613754, conf = 1.000)
  Band  7           : E_2      (freq = 0.947750, conf = 0.999)
  Band  8           : E_2      (freq = 0.949338, conf = 0.998)
  Band  9           : A_1      (freq = 0.984068, conf = 0.998)
  Band 10           : B_2      (freq = 1.022580, conf = 0.999)
==========================================================================================

==========================================================================================
EVALUATION #136 (Generation 07)
Parameters : r1 = 0.183333, r2 = 0.116667
Cost       : 0.336703 | Dirac Freq: 0.505445 | Mapped to bands [2, 5, 6]
------------------------------------------------------------------------------------------
* Band  2 [Target #1]: A_1      (freq = 0.420353, conf = 1.000)
  Band  3           : E_2      (freq = 0.484174, conf = 1.000)
  Band  4           : E_2      (freq = 0.484775, conf = 1.000)
* Band  5 [Target #2]: E_1      (freq = 0.589331, conf = 1.000)
* Band  6 [Target #3]: E_1      (freq = 0.590538, conf = 1.000)
  Band  7           : B_2      (freq = 0.784009, conf = 0.997)
  Band  8           : E_1      (freq = 0.908556, conf = 0.993)
  Band  9           : E_1      (freq = 0.909159, conf = 0.997)
  Band 10           : E_2      (freq = 0.943327, conf = 0.999)
==========================================================================================

==========================================================================================
EVALUATION #137 (Generation 07)
Parameters : r1 = 0.183333, r2 = 0.143333
Cost       : 0.346961 | Dirac Freq: 0.485855 | Mapped to bands [2, 5, 6]
------------------------------------------------------------------------------------------
* Band  2 [Target #1]: A_1      (freq = 0.401569, conf = 1.000)
  Band  3           : E_2      (freq = 0.431248, conf = 1.000)
  Band  4           : E_2      (freq = 0.431489, conf = 1.000)
* Band  5 [Target #2]: E_1      (freq = 0.569336, conf = 1.000)
* Band  6 [Target #3]: E_1      (freq = 0.570142, conf = 1.000)
  Band  7           : B_2      (freq = 0.650479, conf = 0.999)
  Band  8           : E_1      (freq = 0.783353, conf = 0.996)
  Band  9           : E_1      (freq = 0.784530, conf = 0.999)
  Band 10           : B_1      (freq = 0.825120, conf = 0.991)
==========================================================================================

==========================================================================================
EVALUATION #138 (Generation 07)
Parameters : r1 = 0.183333, r2 = 0.156667
Cost       : 0.331687 | Dirac Freq: 0.474438 | Mapped to bands [2, 5, 6]
------------------------------------------------------------------------------------------
* Band  2 [Target #1]: A_1      (freq = 0.395756, conf = 1.000)
  Band  3           : E_2      (freq = 0.414192, conf = 1.000)
  Band  4           : E_2      (freq = 0.414678, conf = 1.000)
* Band  5 [Target #2]: E_1      (freq = 0.551705, conf = 0.999)
* Band  6 [Target #3]: E_1      (freq = 0.553121, conf = 1.000)
  Band  7           : B_2      (freq = 0.597021, conf = 0.999)
  Band  8           : E_1      (freq = 0.748350, conf = 1.000)
  Band  9           : E_1      (freq = 0.749971, conf = 1.000)
  Band 10           : B_1      (freq = 0.777725, conf = 0.999)
==========================================================================================

==========================================================================================
EVALUATION #139 (Generation 07)
Parameters : r1 = 0.183333, r2 = 0.196667
Cost       : 0.227701 | Dirac Freq: 0.432098 | Mapped to bands [4, 6, 7]
------------------------------------------------------------------------------------------
  Band  2           : E_2      (freq = 0.375155, conf = 1.000)
  Band  3           : E_2      (freq = 0.375184, conf = 1.000)
* Band  4 [Target #1]: A_1      (freq = 0.382903, conf = 1.000)
  Band  5           : B_2      (freq = 0.469034, conf = 0.999)
* Band  6 [Target #2]: E_1      (freq = 0.481236, conf = 1.000)
* Band  7 [Target #3]: E_1      (freq = 0.481292, conf = 0.999)
  Band  8           : B_1      (freq = 0.667764, conf = 0.974)
  Band  9           : E_1      (freq = 0.676717, conf = 0.971)
  Band 10           : E_1      (freq = 0.677930, conf = 1.000)
==========================================================================================

==========================================================================================
EVALUATION #140 (Generation 07)
Parameters : r1 = 0.183333, r2 = 0.183333
Cost       : 1.000000 | Dirac Freq: 0.000000 | FAILED: Missing occurrence 1 for irrep 'A_1'. Available modes: {'E_2': [[2, 3], [4]], 'E_1': [[5, 6], [7, 8], [9, 10]]}
------------------------------------------------------------------------------------------
  Band  2           : E_2      (freq = 0.386607, conf = 0.666)
  Band  3           : E_2      (freq = 0.386609, conf = 0.667)
  Band  4           : E_2      (freq = 0.387003, conf = 0.667)
  Band  5           : E_1      (freq = 0.505745, conf = 0.667)
  Band  6           : E_1      (freq = 0.506725, conf = 0.667)
  Band  7           : E_1      (freq = 0.506733, conf = 0.667)
  Band  8           : E_1      (freq = 0.698431, conf = 0.667)
  Band  9           : E_1      (freq = 0.699966, conf = 0.667)
  Band 10           : E_1      (freq = 0.699976, conf = 0.666)
==========================================================================================

==========================================================================================
EVALUATION #141 (Generation 08)
Parameters : r1 = 0.183333, r2 = 0.223333
Cost       : 0.145638 | Dirac Freq: 0.405183 | Mapped to bands [4, 6, 7]
------------------------------------------------------------------------------------------
  Band  2           : E_2      (freq = 0.359275, conf = 1.000)
  Band  3           : E_2      (freq = 0.359498, conf = 1.000)
* Band  4 [Target #1]: A_1      (freq = 0.375678, conf = 1.000)
  Band  5           : B_2      (freq = 0.408029, conf = 1.000)
* Band  6 [Target #2]: E_1      (freq = 0.433520, conf = 1.000)
* Band  7 [Target #3]: E_1      (freq = 0.434688, conf = 1.000)
  Band  8           : B_1      (freq = 0.630694, conf = 0.999)
  Band  9           : E_1      (freq = 0.646474, conf = 0.999)
  Band 10           : E_1      (freq = 0.646601, conf = 1.000)
==========================================================================================

==========================================================================================
EVALUATION #142 (Generation 08)
Parameters : r1 = 0.183333, r2 = 0.250000
Cost       : 0.073184 | Dirac Freq: 0.380095 | Mapped to bands [5, 6, 7]
------------------------------------------------------------------------------------------
  Band  2           : E_2      (freq = 0.344816, conf = 0.999)
  Band  3           : E_2      (freq = 0.345998, conf = 1.000)
  Band  4           : B_2      (freq = 0.358832, conf = 0.993)
* Band  5 [Target #1]: A_1      (freq = 0.366186, conf = 0.999)
* Band  6 [Target #2]: E_1      (freq = 0.390560, conf = 0.994)
* Band  7 [Target #3]: E_1      (freq = 0.394003, conf = 0.997)
  Band  8           : B_1      (freq = 0.602002, conf = 1.000)
  Band  9           : E_1      (freq = 0.614200, conf = 0.999)
  Band 10           : E_1      (freq = 0.619178, conf = 1.000)
==========================================================================================

==========================================================================================
EVALUATION #143 (Generation 08)
Parameters : r1 = 0.200000, r2 = 0.050000
Cost       : 0.070638 | Dirac Freq: 0.540887 | Mapped to bands [2, 3, 4]
------------------------------------------------------------------------------------------
* Band  2 [Target #1]: A_1      (freq = 0.521783, conf = 1.000)
* Band  3 [Target #2]: E_1      (freq = 0.558727, conf = 1.000)
* Band  4 [Target #3]: E_1      (freq = 0.559990, conf = 1.000)
  Band  5           : E_2      (freq = 0.758002, conf = 0.999)
  Band  6           : E_2      (freq = 0.758065, conf = 0.999)
  Band  7           : E_2      (freq = 0.909954, conf = 0.996)
  Band  8           : E_2      (freq = 0.911650, conf = 0.998)
  Band  9           : A_1      (freq = 0.951027, conf = 0.996)
  Band 10           : B_2      (freq = 1.083170, conf = 0.999)
==========================================================================================

==========================================================================================
EVALUATION #144 (Generation 08)
Parameters : r1 = 0.183333, r2 = 0.236667
Cost       : 0.106982 | Dirac Freq: 0.392690 | Mapped to bands [4, 6, 7]
------------------------------------------------------------------------------------------
  Band  2           : E_2      (freq = 0.352677, conf = 1.000)
  Band  3           : E_2      (freq = 0.352920, conf = 1.000)
* Band  4 [Target #1]: A_1      (freq = 0.371685, conf = 1.000)
  Band  5           : B_2      (freq = 0.384779, conf = 0.999)
* Band  6 [Target #2]: E_1      (freq = 0.412823, conf = 0.999)
* Band  7 [Target #3]: E_1      (freq = 0.413696, conf = 1.000)
  Band  8           : B_1      (freq = 0.615524, conf = 0.999)
  Band  9           : E_1      (freq = 0.633589, conf = 1.000)
  Band 10           : E_1      (freq = 0.633776, conf = 0.999)
==========================================================================================

==========================================================================================
EVALUATION #145 (Generation 08)
Parameters : r1 = 0.200000, r2 = 0.090000
Cost       : 0.227666 | Dirac Freq: 0.500387 | Mapped to bands [2, 5, 6]
------------------------------------------------------------------------------------------
* Band  2 [Target #1]: A_1      (freq = 0.443426, conf = 1.000)
  Band  3           : E_2      (freq = 0.553449, conf = 0.999)
  Band  4           : E_2      (freq = 0.553834, conf = 1.000)
* Band  5 [Target #2]: E_1      (freq = 0.556194, conf = 1.000)
* Band  6 [Target #3]: E_1      (freq = 0.557347, conf = 1.000)
  Band  7           : E_2      (freq = 0.871461, conf = 0.999)
  Band  8           : E_2      (freq = 0.873983, conf = 0.999)
  Band  9           : A_1      (freq = 0.919755, conf = 0.999)
  Band 10           : B_2      (freq = 0.944650, conf = 0.999)
==========================================================================================

==========================================================================================
EVALUATION #146 (Generation 08)
Parameters : r1 = 0.200000, r2 = 0.183333
Cost       : 0.253117 | Dirac Freq: 0.431997 | Mapped to bands [2, 5, 6]
------------------------------------------------------------------------------------------
* Band  2 [Target #1]: A_1      (freq = 0.377324, conf = 1.000)
  Band  3           : E_2      (freq = 0.385967, conf = 1.000)
  Band  4           : E_2      (freq = 0.386225, conf = 1.000)
* Band  5 [Target #2]: E_1      (freq = 0.486599, conf = 1.000)
* Band  6 [Target #3]: E_1      (freq = 0.486670, conf = 1.000)
  Band  7           : B_2      (freq = 0.506139, conf = 1.000)
  Band  8           : E_1      (freq = 0.683954, conf = 0.999)
  Band  9           : E_1      (freq = 0.686331, conf = 1.000)
  Band 10           : B_1      (freq = 0.698054, conf = 0.999)
==========================================================================================

==========================================================================================
EVALUATION #147 (Generation 08)
Parameters : r1 = 0.200000, r2 = 0.076667
Cost       : 0.181537 | Dirac Freq: 0.512271 | Mapped to bands [2, 3, 4]
------------------------------------------------------------------------------------------
* Band  2 [Target #1]: A_1      (freq = 0.465773, conf = 1.000)
* Band  3 [Target #2]: E_1      (freq = 0.557538, conf = 1.000)
* Band  4 [Target #3]: E_1      (freq = 0.558769, conf = 1.000)
  Band  5           : E_2      (freq = 0.610200, conf = 1.000)
  Band  6           : E_2      (freq = 0.610555, conf = 1.000)
  Band  7           : E_2      (freq = 0.875239, conf = 0.999)
  Band  8           : E_2      (freq = 0.877774, conf = 0.999)
  Band  9           : A_1      (freq = 0.926561, conf = 0.999)
  Band 10           : B_2      (freq = 1.013260, conf = 0.999)
==========================================================================================

==========================================================================================
EVALUATION #148 (Generation 08)
Parameters : r1 = 0.183333, r2 = 0.210000
Cost       : 0.186110 | Dirac Freq: 0.418296 | Mapped to bands [4, 6, 7]
------------------------------------------------------------------------------------------
  Band  2           : E_2      (freq = 0.366522, conf = 1.000)
  Band  3           : E_2      (freq = 0.366785, conf = 1.000)
* Band  4 [Target #1]: A_1      (freq = 0.379371, conf = 1.000)
  Band  5           : B_2      (freq = 0.436229, conf = 1.000)
* Band  6 [Target #2]: E_1      (freq = 0.456711, conf = 0.999)
* Band  7 [Target #3]: E_1      (freq = 0.457220, conf = 1.000)
  Band  8           : B_1      (freq = 0.647276, conf = 0.997)
  Band  9           : E_1      (freq = 0.660097, conf = 0.997)
  Band 10           : E_1      (freq = 0.661037, conf = 1.000)
==========================================================================================

==========================================================================================
EVALUATION #149 (Generation 08)
Parameters : r1 = 0.200000, r2 = 0.196667
Cost       : 0.220668 | Dirac Freq: 0.419476 | Mapped to bands [2, 5, 6]
------------------------------------------------------------------------------------------
* Band  2 [Target #1]: A_1      (freq = 0.373193, conf = 1.000)
  Band  3           : E_2      (freq = 0.374531, conf = 1.000)
  Band  4           : E_2      (freq = 0.374565, conf = 1.000)
* Band  5 [Target #2]: E_1      (freq = 0.465424, conf = 1.000)
* Band  6 [Target #3]: E_1      (freq = 0.465758, conf = 0.989)
  Band  7           : B_2      (freq = 0.468860, conf = 0.990)
  Band  8           : E_1      (freq = 0.663367, conf = 0.831)
  Band  9           : E_1      (freq = 0.665792, conf = 1.000)
  Band 10           : B_1      (freq = 0.667364, conf = 0.852)
==========================================================================================

==========================================================================================
EVALUATION #150 (Generation 08)
Parameters : r1 = 0.200000, r2 = 0.170000
Cost       : 0.279883 | Dirac Freq: 0.444100 | Mapped to bands [2, 5, 6]
------------------------------------------------------------------------------------------
* Band  2 [Target #1]: A_1      (freq = 0.381952, conf = 1.000)
  Band  3           : E_2      (freq = 0.399076, conf = 1.000)
  Band  4           : E_2      (freq = 0.399626, conf = 1.000)
* Band  5 [Target #2]: E_1      (freq = 0.505717, conf = 0.999)
* Band  6 [Target #3]: E_1      (freq = 0.506248, conf = 1.000)
  Band  7           : B_2      (freq = 0.548750, conf = 0.999)
  Band  8           : E_1      (freq = 0.708274, conf = 0.999)
  Band  9           : E_1      (freq = 0.711364, conf = 1.000)
  Band 10           : B_1      (freq = 0.735626, conf = 0.999)
==========================================================================================

==========================================================================================
EVALUATION #151 (Generation 08)
Parameters : r1 = 0.200000, r2 = 0.116667
Cost       : 0.283539 | Dirac Freq: 0.482008 | Mapped to bands [2, 5, 6]
------------------------------------------------------------------------------------------
* Band  2 [Target #1]: A_1      (freq = 0.413674, conf = 1.000)
  Band  3           : E_2      (freq = 0.483060, conf = 1.000)
  Band  4           : E_2      (freq = 0.483642, conf = 1.000)
* Band  5 [Target #2]: E_1      (freq = 0.549614, conf = 1.000)
* Band  6 [Target #3]: E_1      (freq = 0.550342, conf = 1.000)
  Band  7           : B_2      (freq = 0.782715, conf = 0.998)
  Band  8           : E_2      (freq = 0.869344, conf = 0.999)
  Band  9           : E_2      (freq = 0.871929, conf = 0.999)
  Band 10           : E_1      (freq = 0.906785, conf = 0.993)
==========================================================================================

==========================================================================================
EVALUATION #152 (Generation 08)
Parameters : r1 = 0.200000, r2 = 0.250000
Cost       : 0.081589 | Dirac Freq: 0.371973 | Mapped to bands [4, 6, 7]
------------------------------------------------------------------------------------------
  Band  2           : E_2      (freq = 0.344300, conf = 0.996)
  Band  3           : E_2      (freq = 0.345376, conf = 1.000)
* Band  4 [Target #1]: A_1      (freq = 0.356798, conf = 0.997)
  Band  5           : B_2      (freq = 0.358714, conf = 0.990)
* Band  6 [Target #2]: E_1      (freq = 0.383904, conf = 0.992)
* Band  7 [Target #3]: E_1      (freq = 0.387147, conf = 0.996)
  Band  8           : B_1      (freq = 0.600621, conf = 0.996)
  Band  9           : E_1      (freq = 0.605313, conf = 0.995)
  Band 10           : E_1      (freq = 0.611508, conf = 0.999)
==========================================================================================

==========================================================================================
EVALUATION #153 (Generation 08)
Parameters : r1 = 0.200000, r2 = 0.063333
Cost       : 0.126273 | Dirac Freq: 0.526271 | Mapped to bands [2, 3, 4]
------------------------------------------------------------------------------------------
* Band  2 [Target #1]: A_1      (freq = 0.493044, conf = 1.000)
* Band  3 [Target #2]: E_1      (freq = 0.558254, conf = 1.000)
* Band  4 [Target #3]: E_1      (freq = 0.559498, conf = 1.000)
  Band  5           : E_2      (freq = 0.683986, conf = 1.000)
  Band  6           : E_2      (freq = 0.684369, conf = 1.000)
  Band  7           : E_2      (freq = 0.884951, conf = 0.998)
  Band  8           : E_2      (freq = 0.887389, conf = 0.999)
  Band  9           : A_1      (freq = 0.937740, conf = 0.998)
  Band 10           : B_2      (freq = 1.058200, conf = 0.999)
==========================================================================================

==========================================================================================
EVALUATION #154 (Generation 08)
Parameters : r1 = 0.200000, r2 = 0.143333
Cost       : 0.305823 | Dirac Freq: 0.464537 | Mapped to bands [2, 5, 6]
------------------------------------------------------------------------------------------
* Band  2 [Target #1]: A_1      (freq = 0.393504, conf = 1.000)
  Band  3           : E_2      (freq = 0.430473, conf = 1.000)
  Band  4           : E_2      (freq = 0.430704, conf = 1.000)
* Band  5 [Target #2]: E_1      (freq = 0.534893, conf = 1.000)
* Band  6 [Target #3]: E_1      (freq = 0.535570, conf = 1.000)
  Band  7           : B_2      (freq = 0.649914, conf = 0.999)
  Band  8           : E_1      (freq = 0.777307, conf = 0.997)
  Band  9           : E_1      (freq = 0.778938, conf = 0.999)
  Band 10           : B_1      (freq = 0.823110, conf = 0.992)
==========================================================================================

==========================================================================================
EVALUATION #155 (Generation 08)
Parameters : r1 = 0.200000, r2 = 0.103333
Cost       : 0.259680 | Dirac Freq: 0.490796 | Mapped to bands [2, 5, 6]
------------------------------------------------------------------------------------------
* Band  2 [Target #1]: A_1      (freq = 0.427071, conf = 1.000)
  Band  3           : E_2      (freq = 0.515255, conf = 1.000)
  Band  4           : E_2      (freq = 0.515870, conf = 1.000)
* Band  5 [Target #2]: E_1      (freq = 0.553614, conf = 1.000)
* Band  6 [Target #3]: E_1      (freq = 0.554521, conf = 1.000)
  Band  7           : B_2      (freq = 0.862504, conf = 0.997)
  Band  8           : E_2      (freq = 0.870197, conf = 0.999)
  Band  9           : E_2      (freq = 0.872783, conf = 0.999)
  Band 10           : A_1      (freq = 0.917627, conf = 0.999)
==========================================================================================

==========================================================================================
EVALUATION #156 (Generation 08)
Parameters : r1 = 0.200000, r2 = 0.156667
Cost       : 0.297497 | Dirac Freq: 0.454825 | Mapped to bands [2, 5, 6]
------------------------------------------------------------------------------------------
* Band  2 [Target #1]: A_1      (freq = 0.387171, conf = 1.000)
  Band  3           : E_2      (freq = 0.413478, conf = 1.000)
  Band  4           : E_2      (freq = 0.413953, conf = 1.000)
* Band  5 [Target #2]: E_1      (freq = 0.522383, conf = 1.000)
* Band  6 [Target #3]: E_1      (freq = 0.522480, conf = 1.000)
  Band  7           : B_2      (freq = 0.596566, conf = 1.000)
  Band  8           : E_1      (freq = 0.738506, conf = 1.000)
  Band  9           : E_1      (freq = 0.740905, conf = 1.000)
  Band 10           : B_1      (freq = 0.776047, conf = 0.999)
==========================================================================================

==========================================================================================
EVALUATION #157 (Generation 08)
Parameters : r1 = 0.200000, r2 = 0.210000
Cost       : 0.184084 | Dirac Freq: 0.406945 | Mapped to bands [4, 6, 7]
------------------------------------------------------------------------------------------
  Band  2           : E_2      (freq = 0.365902, conf = 1.000)
  Band  3           : E_2      (freq = 0.366152, conf = 0.997)
* Band  4 [Target #1]: A_1      (freq = 0.369489, conf = 0.997)
  Band  5           : B_2      (freq = 0.436040, conf = 0.998)
* Band  6 [Target #2]: E_1      (freq = 0.444086, conf = 0.998)
* Band  7 [Target #3]: E_1      (freq = 0.444401, conf = 1.000)
  Band  8           : B_1      (freq = 0.645829, conf = 0.969)
  Band  9           : E_1      (freq = 0.649240, conf = 0.965)
  Band 10           : E_1      (freq = 0.650941, conf = 1.000)
==========================================================================================

==========================================================================================
EVALUATION #158 (Generation 08)
Parameters : r1 = 0.200000, r2 = 0.236667
Cost       : 0.112534 | Dirac Freq: 0.383601 | Mapped to bands [4, 6, 7]
------------------------------------------------------------------------------------------
  Band  2           : E_2      (freq = 0.352025, conf = 1.000)
  Band  3           : E_2      (freq = 0.352395, conf = 1.000)
* Band  4 [Target #1]: A_1      (freq = 0.362017, conf = 1.000)
  Band  5           : B_2      (freq = 0.384646, conf = 0.999)
* Band  6 [Target #2]: E_1      (freq = 0.404506, conf = 0.998)
* Band  7 [Target #3]: E_1      (freq = 0.405185, conf = 1.000)
  Band  8           : B_1      (freq = 0.614158, conf = 0.999)
  Band  9           : E_1      (freq = 0.625024, conf = 0.999)
  Band 10           : E_1      (freq = 0.625543, conf = 1.000)
==========================================================================================

==========================================================================================
EVALUATION #159 (Generation 08)
Parameters : r1 = 0.200000, r2 = 0.130000
Cost       : 0.300098 | Dirac Freq: 0.473412 | Mapped to bands [2, 5, 6]
------------------------------------------------------------------------------------------
* Band  2 [Target #1]: A_1      (freq = 0.402377, conf = 1.000)
  Band  3           : E_2      (freq = 0.454159, conf = 1.000)
  Band  4           : E_2      (freq = 0.454489, conf = 1.000)
* Band  5 [Target #2]: E_1      (freq = 0.543667, conf = 1.000)
* Band  6 [Target #3]: E_1      (freq = 0.544447, conf = 1.000)
  Band  7           : B_2      (freq = 0.711503, conf = 0.999)
  Band  8           : E_1      (freq = 0.833872, conf = 0.999)
  Band  9           : E_1      (freq = 0.834806, conf = 0.999)
  Band 10           : E_2      (freq = 0.868394, conf = 0.999)
==========================================================================================

==========================================================================================
EVALUATION #160 (Generation 08)
Parameters : r1 = 0.200000, r2 = 0.223333
Cost       : 0.147720 | Dirac Freq: 0.394890 | Mapped to bands [4, 6, 7]
------------------------------------------------------------------------------------------
  Band  2           : E_2      (freq = 0.358644, conf = 1.000)
  Band  3           : E_2      (freq = 0.358859, conf = 0.999)
* Band  4 [Target #1]: A_1      (freq = 0.365723, conf = 0.999)
  Band  5           : B_2      (freq = 0.407874, conf = 1.000)
* Band  6 [Target #2]: E_1      (freq = 0.423040, conf = 1.000)
* Band  7 [Target #3]: E_1      (freq = 0.424056, conf = 1.000)
  Band  8           : B_1      (freq = 0.629238, conf = 0.997)
  Band  9           : E_1      (freq = 0.636541, conf = 0.997)
  Band 10           : E_1      (freq = 0.637673, conf = 1.000)
==========================================================================================

==========================================================================================
EVALUATION #161 (Generation 09)
Parameters : r1 = 0.216667, r2 = 0.050000
Cost       : 0.009708 | Dirac Freq: 0.523577 | Mapped to bands [2, 3, 4]
------------------------------------------------------------------------------------------
* Band  2 [Target #1]: A_1      (freq = 0.521035, conf = 1.000)
* Band  3 [Target #2]: E_1      (freq = 0.524901, conf = 1.000)
* Band  4 [Target #3]: E_1      (freq = 0.526118, conf = 1.000)
  Band  5           : E_2      (freq = 0.728205, conf = 0.999)
  Band  6           : E_2      (freq = 0.729984, conf = 0.999)
  Band  7           : E_2      (freq = 0.882478, conf = 0.999)
  Band  8           : E_2      (freq = 0.883680, conf = 0.998)
  Band  9           : A_1      (freq = 0.904333, conf = 0.999)
  Band 10           : B_2      (freq = 1.033050, conf = 1.000)
==========================================================================================

==========================================================================================
EVALUATION #162 (Generation 09)
Parameters : r1 = 0.216667, r2 = 0.103333
Cost       : 0.205545 | Dirac Freq: 0.472982 | Mapped to bands [2, 5, 6]
------------------------------------------------------------------------------------------
* Band  2 [Target #1]: A_1      (freq = 0.424372, conf = 1.000)
  Band  3           : E_2      (freq = 0.512702, conf = 1.000)
  Band  4           : E_2      (freq = 0.513609, conf = 1.000)
* Band  5 [Target #2]: E_1      (freq = 0.520185, conf = 1.000)
* Band  6 [Target #3]: E_1      (freq = 0.521591, conf = 1.000)
  Band  7           : E_2      (freq = 0.816583, conf = 0.999)
  Band  8           : E_2      (freq = 0.817154, conf = 1.000)
  Band  9           : B_2      (freq = 0.857236, conf = 0.997)
  Band 10           : A_1      (freq = 0.866518, conf = 0.999)
==========================================================================================

==========================================================================================
EVALUATION #163 (Generation 09)
Parameters : r1 = 0.216667, r2 = 0.130000
Cost       : 0.251937 | Dirac Freq: 0.455784 | Mapped to bands [2, 5, 6]
------------------------------------------------------------------------------------------
* Band  2 [Target #1]: A_1      (freq = 0.398370, conf = 1.000)
  Band  3           : E_2      (freq = 0.452522, conf = 1.000)
  Band  4           : E_2      (freq = 0.453046, conf = 1.000)
* Band  5 [Target #2]: E_1      (freq = 0.511923, conf = 1.000)
* Band  6 [Target #3]: E_1      (freq = 0.513199, conf = 1.000)
  Band  7           : B_2      (freq = 0.709764, conf = 0.999)
  Band  8           : E_2      (freq = 0.814429, conf = 0.999)
  Band  9           : E_2      (freq = 0.814484, conf = 1.000)
  Band 10           : E_1      (freq = 0.833072, conf = 0.999)
==========================================================================================

==========================================================================================
EVALUATION #164 (Generation 09)
Parameters : r1 = 0.216667, r2 = 0.076667
Cost       : 0.122488 | Dirac Freq: 0.494750 | Mapped to bands [2, 3, 4]
------------------------------------------------------------------------------------------
* Band  2 [Target #1]: A_1      (freq = 0.464450, conf = 1.000)
* Band  3 [Target #2]: E_1      (freq = 0.523833, conf = 1.000)
* Band  4 [Target #3]: E_1      (freq = 0.525051, conf = 1.000)
  Band  5           : E_2      (freq = 0.604368, conf = 1.000)
  Band  6           : E_2      (freq = 0.605307, conf = 1.000)
  Band  7           : E_2      (freq = 0.824572, conf = 0.999)
  Band  8           : E_2      (freq = 0.825356, conf = 1.000)
  Band  9           : A_1      (freq = 0.876527, conf = 0.999)
  Band 10           : B_2      (freq = 0.989970, conf = 0.999)
==========================================================================================

==========================================================================================
EVALUATION #165 (Generation 09)
Parameters : r1 = 0.216667, r2 = 0.156667
Cost       : 0.259185 | Dirac Freq: 0.439034 | Mapped to bands [2, 5, 6]
------------------------------------------------------------------------------------------
* Band  2 [Target #1]: A_1      (freq = 0.382139, conf = 1.000)
  Band  3           : E_2      (freq = 0.412198, conf = 1.000)
  Band  4           : E_2      (freq = 0.412829, conf = 1.000)
* Band  5 [Target #2]: E_1      (freq = 0.494332, conf = 1.000)
* Band  6 [Target #3]: E_1      (freq = 0.495930, conf = 1.000)
  Band  7           : B_2      (freq = 0.595670, conf = 1.000)
  Band  8           : E_1      (freq = 0.736138, conf = 1.000)
  Band  9           : E_1      (freq = 0.737393, conf = 1.000)
  Band 10           : B_1      (freq = 0.772692, conf = 0.999)
==========================================================================================

==========================================================================================
EVALUATION #166 (Generation 09)
Parameters : r1 = 0.216667, r2 = 0.196667
Cost       : 0.199915 | Dirac Freq: 0.407878 | Mapped to bands [2, 5, 6]
------------------------------------------------------------------------------------------
* Band  2 [Target #1]: A_1      (freq = 0.367107, conf = 1.000)
  Band  3           : E_2      (freq = 0.373463, conf = 1.000)
  Band  4           : E_2      (freq = 0.373563, conf = 1.000)
* Band  5 [Target #2]: E_1      (freq = 0.448206, conf = 1.000)
* Band  6 [Target #3]: E_1      (freq = 0.448648, conf = 1.000)
  Band  7           : B_2      (freq = 0.468390, conf = 1.000)
  Band  8           : E_1      (freq = 0.656171, conf = 0.954)
  Band  9           : E_1      (freq = 0.656710, conf = 1.000)
  Band 10           : B_1      (freq = 0.664483, conf = 0.959)
==========================================================================================

==========================================================================================
EVALUATION #167 (Generation 09)
Parameters : r1 = 0.216667, r2 = 0.090000
Cost       : 0.170829 | Dirac Freq: 0.482634 | Mapped to bands [2, 3, 4]
------------------------------------------------------------------------------------------
* Band  2 [Target #1]: A_1      (freq = 0.441410, conf = 1.000)
* Band  3 [Target #2]: E_1      (freq = 0.522604, conf = 1.000)
* Band  4 [Target #3]: E_1      (freq = 0.523858, conf = 1.000)
  Band  5           : E_2      (freq = 0.550022, conf = 0.999)
  Band  6           : E_2      (freq = 0.550781, conf = 1.000)
  Band  7           : E_2      (freq = 0.818520, conf = 0.999)
  Band  8           : E_2      (freq = 0.819077, conf = 1.000)
  Band  9           : A_1      (freq = 0.869018, conf = 0.999)
  Band 10           : B_2      (freq = 0.933724, conf = 0.999)
==========================================================================================

==========================================================================================
EVALUATION #168 (Generation 09)
Parameters : r1 = 0.233333, r2 = 0.063333
Cost       : 0.006612 | Dirac Freq: 0.493490 | Mapped to bands [2, 3, 4]
------------------------------------------------------------------------------------------
* Band  2 [Target #1]: A_1      (freq = 0.491859, conf = 1.000)
* Band  3 [Target #2]: E_1      (freq = 0.494467, conf = 1.000)
* Band  4 [Target #3]: E_1      (freq = 0.495122, conf = 1.000)
  Band  5           : E_2      (freq = 0.651613, conf = 1.000)
  Band  6           : E_2      (freq = 0.653202, conf = 1.000)
  Band  7           : E_2      (freq = 0.808989, conf = 1.000)
  Band  8           : E_2      (freq = 0.809331, conf = 1.000)
  Band  9           : A_1      (freq = 0.845720, conf = 0.999)
  Band 10           : B_2      (freq = 0.957507, conf = 1.000)
==========================================================================================

==========================================================================================
EVALUATION #169 (Generation 09)
Parameters : r1 = 0.216667, r2 = 0.063333
Cost       : 0.065746 | Dirac Freq: 0.508960 | Mapped to bands [2, 3, 4]
------------------------------------------------------------------------------------------
* Band  2 [Target #1]: A_1      (freq = 0.492229, conf = 1.000)
* Band  3 [Target #2]: E_1      (freq = 0.524468, conf = 1.000)
* Band  4 [Target #3]: E_1      (freq = 0.525691, conf = 1.000)
  Band  5           : E_2      (freq = 0.671156, conf = 1.000)
  Band  6           : E_2      (freq = 0.672607, conf = 1.000)
  Band  7           : E_2      (freq = 0.841014, conf = 0.999)
  Band  8           : E_2      (freq = 0.842204, conf = 1.000)
  Band  9           : A_1      (freq = 0.889013, conf = 0.999)
  Band 10           : B_2      (freq = 1.019320, conf = 0.999)
==========================================================================================

==========================================================================================
EVALUATION #170 (Generation 09)
Parameters : r1 = 0.233333, r2 = 0.090000
Cost       : 0.113624 | Dirac Freq: 0.466960 | Mapped to bands [2, 3, 4]
------------------------------------------------------------------------------------------
* Band  2 [Target #1]: A_1      (freq = 0.440431, conf = 1.000)
* Band  3 [Target #2]: E_1      (freq = 0.492803, conf = 1.000)
* Band  4 [Target #3]: E_1      (freq = 0.493489, conf = 1.000)
  Band  5           : E_2      (freq = 0.544938, conf = 1.000)
  Band  6           : E_2      (freq = 0.545728, conf = 1.000)
  Band  7           : E_2      (freq = 0.771156, conf = 1.000)
  Band  8           : E_2      (freq = 0.772244, conf = 1.000)
  Band  9           : A_1      (freq = 0.822819, conf = 1.000)
  Band 10           : B_2      (freq = 0.909469, conf = 0.999)
==========================================================================================

==========================================================================================
EVALUATION #171 (Generation 09)
Parameters : r1 = 0.233333, r2 = 0.076667
Cost       : 0.063869 | Dirac Freq: 0.479245 | Mapped to bands [2, 3, 4]
------------------------------------------------------------------------------------------
* Band  2 [Target #1]: A_1      (freq = 0.463941, conf = 1.000)
* Band  3 [Target #2]: E_1      (freq = 0.493899, conf = 1.000)
* Band  4 [Target #3]: E_1      (freq = 0.494550, conf = 1.000)
  Band  5           : E_2      (freq = 0.595400, conf = 1.000)
  Band  6           : E_2      (freq = 0.596412, conf = 1.000)
  Band  7           : E_2      (freq = 0.781381, conf = 1.000)
  Band  8           : E_2      (freq = 0.782204, conf = 1.000)
  Band  9           : A_1      (freq = 0.831374, conf = 1.000)
  Band 10           : B_2      (freq = 0.943658, conf = 0.999)
==========================================================================================

==========================================================================================
EVALUATION #172 (Generation 09)
Parameters : r1 = 0.216667, r2 = 0.170000
Cost       : 0.247227 | Dirac Freq: 0.429625 | Mapped to bands [2, 5, 6]
------------------------------------------------------------------------------------------
* Band  2 [Target #1]: A_1      (freq = 0.376518, conf = 1.000)
  Band  3           : E_2      (freq = 0.397871, conf = 1.000)
  Band  4           : E_2      (freq = 0.398568, conf = 1.000)
* Band  5 [Target #2]: E_1      (freq = 0.481031, conf = 1.000)
* Band  6 [Target #3]: E_1      (freq = 0.482733, conf = 1.000)
  Band  7           : B_2      (freq = 0.548047, conf = 0.999)
  Band  8           : E_1      (freq = 0.703899, conf = 0.999)
  Band  9           : E_1      (freq = 0.705604, conf = 1.000)
  Band 10           : B_1      (freq = 0.732606, conf = 0.999)
==========================================================================================

==========================================================================================
EVALUATION #173 (Generation 09)
Parameters : r1 = 0.216667, r2 = 0.210000
Cost       : 0.169402 | Dirac Freq: 0.396837 | Mapped to bands [2, 5, 6]
------------------------------------------------------------------------------------------
* Band  2 [Target #1]: A_1      (freq = 0.363224, conf = 0.990)
  Band  3           : E_2      (freq = 0.364908, conf = 1.000)
  Band  4           : E_2      (freq = 0.365254, conf = 0.988)
* Band  5 [Target #2]: E_1      (freq = 0.429925, conf = 0.994)
* Band  6 [Target #3]: E_1      (freq = 0.430449, conf = 1.000)
  Band  7           : B_2      (freq = 0.435725, conf = 0.995)
  Band  8           : E_1      (freq = 0.641107, conf = 0.925)
  Band  9           : E_1      (freq = 0.641980, conf = 1.000)
  Band 10           : B_1      (freq = 0.643876, conf = 0.934)
==========================================================================================

==========================================================================================
EVALUATION #174 (Generation 09)
Parameters : r1 = 0.233333, r2 = 0.050000
Cost       : 0.049917 | Dirac Freq: 0.507524 | Mapped to bands [4, 2, 3]
------------------------------------------------------------------------------------------
* Band  2 [Target #2]: E_1      (freq = 0.494857, conf = 1.000)
* Band  3 [Target #3]: E_1      (freq = 0.495507, conf = 1.000)
* Band  4 [Target #1]: A_1      (freq = 0.520191, conf = 1.000)
  Band  5           : E_2      (freq = 0.691183, conf = 1.000)
  Band  6           : E_2      (freq = 0.693191, conf = 1.000)
  Band  7           : A_1      (freq = 0.863656, conf = 0.967)
  Band  8           : E_2      (freq = 0.868006, conf = 0.998)
  Band  9           : E_2      (freq = 0.868416, conf = 0.961)
  Band 10           : B_2      (freq = 0.963848, conf = 1.000)
==========================================================================================

==========================================================================================
EVALUATION #175 (Generation 09)
Parameters : r1 = 0.216667, r2 = 0.143333
Cost       : 0.261688 | Dirac Freq: 0.447483 | Mapped to bands [2, 5, 6]
------------------------------------------------------------------------------------------
* Band  2 [Target #1]: A_1      (freq = 0.388933, conf = 1.000)
  Band  3           : E_2      (freq = 0.429081, conf = 1.000)
  Band  4           : E_2      (freq = 0.429479, conf = 1.000)
* Band  5 [Target #2]: E_1      (freq = 0.504850, conf = 1.000)
* Band  6 [Target #3]: E_1      (freq = 0.506034, conf = 1.000)
  Band  7           : B_2      (freq = 0.648730, conf = 0.999)
  Band  8           : E_1      (freq = 0.776253, conf = 0.997)
  Band  9           : E_1      (freq = 0.777036, conf = 0.999)
  Band 10           : E_2      (freq = 0.812186, conf = 1.000)
==========================================================================================

==========================================================================================
EVALUATION #176 (Generation 09)
Parameters : r1 = 0.216667, r2 = 0.250000
Cost       : 0.075529 | Dirac Freq: 0.363876 | Mapped to bands [4, 6, 7]
------------------------------------------------------------------------------------------
  Band  2           : E_2      (freq = 0.343033, conf = 0.984)
  Band  3           : E_2      (freq = 0.344379, conf = 0.998)
* Band  4 [Target #1]: A_1      (freq = 0.350134, conf = 0.986)
  Band  5           : B_2      (freq = 0.358362, conf = 0.981)
* Band  6 [Target #2]: E_1      (freq = 0.375048, conf = 0.988)
* Band  7 [Target #3]: E_1      (freq = 0.377617, conf = 0.989)
  Band  8           : E_1      (freq = 0.597197, conf = 0.992)
  Band  9           : B_1      (freq = 0.597494, conf = 0.984)
  Band 10           : E_1      (freq = 0.602818, conf = 0.994)
==========================================================================================

==========================================================================================
EVALUATION #177 (Generation 09)
Parameters : r1 = 0.216667, r2 = 0.223333
Cost       : 0.137278 | Dirac Freq: 0.385975 | Mapped to bands [4, 6, 7]
------------------------------------------------------------------------------------------
  Band  2           : E_2      (freq = 0.357808, conf = 1.000)
  Band  3           : E_2      (freq = 0.357963, conf = 0.992)
* Band  4 [Target #1]: A_1      (freq = 0.359482, conf = 0.993)
  Band  5           : B_2      (freq = 0.407557, conf = 0.998)
* Band  6 [Target #2]: E_1      (freq = 0.412081, conf = 0.998)
* Band  7 [Target #3]: E_1      (freq = 0.412468, conf = 1.000)
  Band  8           : B_1      (freq = 0.627412, conf = 0.973)
  Band  9           : E_1      (freq = 0.628851, conf = 0.969)
  Band 10           : E_1      (freq = 0.629257, conf = 1.000)
==========================================================================================

==========================================================================================
EVALUATION #178 (Generation 09)
Parameters : r1 = 0.216667, r2 = 0.183333
Cost       : 0.226901 | Dirac Freq: 0.419077 | Mapped to bands [2, 5, 6]
------------------------------------------------------------------------------------------
* Band  2 [Target #1]: A_1      (freq = 0.371533, conf = 1.000)
  Band  3           : E_2      (freq = 0.384824, conf = 1.000)
  Band  4           : E_2      (freq = 0.385222, conf = 1.000)
* Band  5 [Target #2]: E_1      (freq = 0.465576, conf = 1.000)
* Band  6 [Target #3]: E_1      (freq = 0.466622, conf = 1.000)
  Band  7           : B_2      (freq = 0.505597, conf = 1.000)
  Band  8           : E_1      (freq = 0.677483, conf = 0.999)
  Band  9           : E_1      (freq = 0.678390, conf = 1.000)
  Band 10           : B_1      (freq = 0.695307, conf = 0.999)
==========================================================================================

==========================================================================================
EVALUATION #179 (Generation 09)
Parameters : r1 = 0.216667, r2 = 0.116667
Cost       : 0.232323 | Dirac Freq: 0.464233 | Mapped to bands [2, 5, 6]
------------------------------------------------------------------------------------------
* Band  2 [Target #1]: A_1      (freq = 0.410307, conf = 1.000)
  Band  3           : E_2      (freq = 0.481038, conf = 1.000)
  Band  4           : E_2      (freq = 0.481856, conf = 1.000)
* Band  5 [Target #2]: E_1      (freq = 0.516699, conf = 1.000)
* Band  6 [Target #3]: E_1      (freq = 0.518159, conf = 1.000)
  Band  7           : B_2      (freq = 0.779850, conf = 0.997)
  Band  8           : E_2      (freq = 0.815453, conf = 0.999)
  Band  9           : E_2      (freq = 0.815983, conf = 1.000)
  Band 10           : A_1      (freq = 0.865265, conf = 0.999)
==========================================================================================

==========================================================================================
EVALUATION #180 (Generation 09)
Parameters : r1 = 0.216667, r2 = 0.236667
Cost       : 0.104443 | Dirac Freq: 0.375047 | Mapped to bands [4, 6, 7]
------------------------------------------------------------------------------------------
  Band  2           : E_2      (freq = 0.351085, conf = 0.999)
  Band  3           : E_2      (freq = 0.351366, conf = 1.000)
* Band  4 [Target #1]: A_1      (freq = 0.355461, conf = 0.999)
  Band  5           : B_2      (freq = 0.384364, conf = 0.997)
* Band  6 [Target #2]: E_1      (freq = 0.394315, conf = 0.997)
* Band  7 [Target #3]: E_1      (freq = 0.394632, conf = 1.000)
  Band  8           : B_1      (freq = 0.611775, conf = 0.995)
  Band  9           : E_1      (freq = 0.616994, conf = 1.000)
  Band 10           : E_1      (freq = 0.617474, conf = 0.994)
==========================================================================================

==========================================================================================
EVALUATION #181 (Generation 10)
Parameters : r1 = 0.233333, r2 = 0.130000
Cost       : 0.201372 | Dirac Freq: 0.440012 | Mapped to bands [2, 5, 6]
------------------------------------------------------------------------------------------
* Band  2 [Target #1]: A_1      (freq = 0.395709, conf = 1.000)
  Band  3           : E_2      (freq = 0.450239, conf = 1.000)
  Band  4           : E_2      (freq = 0.450765, conf = 1.000)
* Band  5 [Target #2]: E_1      (freq = 0.483584, conf = 1.000)
* Band  6 [Target #3]: E_1      (freq = 0.484315, conf = 1.000)
  Band  7           : B_2      (freq = 0.706952, conf = 0.999)
  Band  8           : E_2      (freq = 0.764359, conf = 1.000)
  Band  9           : E_2      (freq = 0.765952, conf = 1.000)
  Band 10           : A_1      (freq = 0.816528, conf = 1.000)
==========================================================================================

==========================================================================================
EVALUATION #182 (Generation 10)
Parameters : r1 = 0.233333, r2 = 0.156667
Cost       : 0.215524 | Dirac Freq: 0.424254 | Mapped to bands [2, 5, 6]
------------------------------------------------------------------------------------------
* Band  2 [Target #1]: A_1      (freq = 0.378536, conf = 1.000)
  Band  3           : E_2      (freq = 0.410450, conf = 1.000)
  Band  4           : E_2      (freq = 0.411078, conf = 1.000)
* Band  5 [Target #2]: E_1      (freq = 0.468888, conf = 1.000)
* Band  6 [Target #3]: E_1      (freq = 0.469973, conf = 1.000)
  Band  7           : B_2      (freq = 0.594352, conf = 1.000)
  Band  8           : E_1      (freq = 0.735187, conf = 0.999)
  Band  9           : E_1      (freq = 0.736073, conf = 1.000)
  Band 10           : E_2      (freq = 0.758982, conf = 1.000)
==========================================================================================

==========================================================================================
EVALUATION #183 (Generation 10)
Parameters : r1 = 0.233333, r2 = 0.143333
Cost       : 0.214314 | Dirac Freq: 0.432053 | Mapped to bands [2, 5, 6]
------------------------------------------------------------------------------------------
* Band  2 [Target #1]: A_1      (freq = 0.385755, conf = 1.000)
  Band  3           : E_2      (freq = 0.427161, conf = 1.000)
  Band  4           : E_2      (freq = 0.427559, conf = 1.000)
* Band  5 [Target #2]: E_1      (freq = 0.477666, conf = 1.000)
* Band  6 [Target #3]: E_1      (freq = 0.478350, conf = 1.000)
  Band  7           : B_2      (freq = 0.646918, conf = 0.999)
  Band  8           : E_2      (freq = 0.762132, conf = 1.000)
  Band  9           : E_2      (freq = 0.764231, conf = 1.000)
  Band 10           : E_1      (freq = 0.775850, conf = 0.997)
==========================================================================================

==========================================================================================
EVALUATION #184 (Generation 10)
Parameters : r1 = 0.233333, r2 = 0.236667
Cost       : 0.094703 | Dirac Freq: 0.368405 | Mapped to bands [4, 6, 7]
------------------------------------------------------------------------------------------
  Band  2           : E_2      (freq = 0.350058, conf = 0.877)
  Band  3           : E_2      (freq = 0.350534, conf = 1.000)
* Band  4 [Target #1]: A_1      (freq = 0.350960, conf = 0.892)
  Band  5           : B_2      (freq = 0.383892, conf = 0.940)
* Band  6 [Target #2]: E_1      (freq = 0.385193, conf = 1.000)
* Band  7 [Target #3]: E_1      (freq = 0.385849, conf = 0.932)
  Band  8           : B_1      (freq = 0.610362, conf = 0.910)
  Band  9           : E_1      (freq = 0.610903, conf = 1.000)
  Band 10           : E_1      (freq = 0.611276, conf = 0.897)
==========================================================================================

==========================================================================================
EVALUATION #185 (Generation 10)
Parameters : r1 = 0.233333, r2 = 0.223333
Cost       : 0.117364 | Dirac Freq: 0.376306 | Mapped to bands [2, 5, 6]
------------------------------------------------------------------------------------------
* Band  2 [Target #1]: A_1      (freq = 0.354224, conf = 0.990)
  Band  3           : E_2      (freq = 0.356017, conf = 1.000)
  Band  4           : E_2      (freq = 0.356402, conf = 0.989)
* Band  5 [Target #2]: E_1      (freq = 0.397037, conf = 1.000)
* Band  6 [Target #3]: E_1      (freq = 0.398389, conf = 1.000)
  Band  7           : B_2      (freq = 0.407149, conf = 1.000)
  Band  8           : B_1      (freq = 0.621107, conf = 0.681)
  Band  9           : E_1      (freq = 0.622206, conf = 1.000)
  Band 10           : E_1      (freq = 0.622331, conf = 0.635)
==========================================================================================

==========================================================================================
EVALUATION #186 (Generation 10)
Parameters : r1 = 0.250000, r2 = 0.063333
Cost       : 0.049457 | Dirac Freq: 0.479085 | Mapped to bands [4, 2, 3]
------------------------------------------------------------------------------------------
* Band  2 [Target #2]: E_1      (freq = 0.467238, conf = 1.000)
* Band  3 [Target #3]: E_1      (freq = 0.468529, conf = 1.000)
* Band  4 [Target #1]: A_1      (freq = 0.490932, conf = 1.000)
  Band  5           : E_2      (freq = 0.626206, conf = 1.000)
  Band  6           : E_2      (freq = 0.626541, conf = 1.000)
  Band  7           : E_2      (freq = 0.788378, conf = 0.989)
  Band  8           : E_2      (freq = 0.788492, conf = 1.000)
  Band  9           : A_1      (freq = 0.810569, conf = 0.990)
  Band 10           : B_2      (freq = 0.895875, conf = 0.999)
==========================================================================================

==========================================================================================
EVALUATION #187 (Generation 10)
Parameters : r1 = 0.233333, r2 = 0.116667
Cost       : 0.179096 | Dirac Freq: 0.448364 | Mapped to bands [2, 5, 6]
------------------------------------------------------------------------------------------
* Band  2 [Target #1]: A_1      (freq = 0.408214, conf = 1.000)
  Band  3           : E_2      (freq = 0.478175, conf = 1.000)
  Band  4           : E_2      (freq = 0.479002, conf = 1.000)
* Band  5 [Target #2]: E_1      (freq = 0.487636, conf = 1.000)
* Band  6 [Target #3]: E_1      (freq = 0.488514, conf = 1.000)
  Band  7           : E_2      (freq = 0.766192, conf = 1.000)
  Band  8           : E_2      (freq = 0.767316, conf = 1.000)
  Band  9           : B_2      (freq = 0.774840, conf = 0.998)
  Band 10           : A_1      (freq = 0.818093, conf = 1.000)
==========================================================================================

==========================================================================================
EVALUATION #188 (Generation 10)
Parameters : r1 = 0.233333, r2 = 0.170000
Cost       : 0.208156 | Dirac Freq: 0.415813 | Mapped to bands [2, 5, 6]
------------------------------------------------------------------------------------------
* Band  2 [Target #1]: A_1      (freq = 0.372536, conf = 1.000)
  Band  3           : E_2      (freq = 0.396235, conf = 1.000)
  Band  4           : E_2      (freq = 0.396926, conf = 1.000)
* Band  5 [Target #2]: E_1      (freq = 0.457858, conf = 1.000)
* Band  6 [Target #3]: E_1      (freq = 0.459090, conf = 1.000)
  Band  7           : B_2      (freq = 0.547049, conf = 1.000)
  Band  8           : E_1      (freq = 0.701646, conf = 0.998)
  Band  9           : E_1      (freq = 0.703112, conf = 1.000)
  Band 10           : B_1      (freq = 0.727136, conf = 0.998)
==========================================================================================

==========================================================================================
EVALUATION #189 (Generation 10)
Parameters : r1 = 0.233333, r2 = 0.103333
Cost       : 0.150135 | Dirac Freq: 0.457170 | Mapped to bands [2, 3, 4]
------------------------------------------------------------------------------------------
* Band  2 [Target #1]: A_1      (freq = 0.422851, conf = 1.000)
* Band  3 [Target #2]: E_1      (freq = 0.490662, conf = 1.000)
* Band  4 [Target #3]: E_1      (freq = 0.491488, conf = 1.000)
  Band  5           : E_2      (freq = 0.509014, conf = 1.000)
  Band  6           : E_2      (freq = 0.509941, conf = 1.000)
  Band  7           : E_2      (freq = 0.767986, conf = 1.000)
  Band  8           : E_2      (freq = 0.769060, conf = 1.000)
  Band  9           : A_1      (freq = 0.819739, conf = 1.000)
  Band 10           : B_2      (freq = 0.846818, conf = 0.998)
==========================================================================================

==========================================================================================
EVALUATION #190 (Generation 10)
Parameters : r1 = 0.233333, r2 = 0.210000
Cost       : 0.145766 | Dirac Freq: 0.386510 | Mapped to bands [2, 5, 6]
------------------------------------------------------------------------------------------
* Band  2 [Target #1]: A_1      (freq = 0.358340, conf = 0.999)
  Band  3           : E_2      (freq = 0.363354, conf = 1.000)
  Band  4           : E_2      (freq = 0.363729, conf = 0.998)
* Band  5 [Target #2]: E_1      (freq = 0.413990, conf = 1.000)
* Band  6 [Target #3]: E_1      (freq = 0.414680, conf = 1.000)
  Band  7           : B_2      (freq = 0.435202, conf = 1.000)
  Band  8           : E_1      (freq = 0.634873, conf = 0.963)
  Band  9           : E_1      (freq = 0.635692, conf = 1.000)
  Band 10           : B_1      (freq = 0.638934, conf = 0.968)
==========================================================================================

==========================================================================================
EVALUATION #191 (Generation 10)
Parameters : r1 = 0.250000, r2 = 0.116667
Cost       : 0.127853 | Dirac Freq: 0.434601 | Mapped to bands [2, 3, 4]
------------------------------------------------------------------------------------------
* Band  2 [Target #1]: A_1      (freq = 0.406818, conf = 1.000)
* Band  3 [Target #2]: E_1      (freq = 0.461400, conf = 1.000)
* Band  4 [Target #3]: E_1      (freq = 0.462383, conf = 1.000)
  Band  5           : E_2      (freq = 0.474205, conf = 1.000)
  Band  6           : E_2      (freq = 0.474714, conf = 1.000)
  Band  7           : E_2      (freq = 0.724132, conf = 0.998)
  Band  8           : E_2      (freq = 0.725020, conf = 1.000)
  Band  9           : B_2      (freq = 0.765978, conf = 0.999)
  Band 10           : A_1      (freq = 0.778080, conf = 0.998)
==========================================================================================

==========================================================================================
EVALUATION #192 (Generation 10)
Parameters : r1 = 0.250000, r2 = 0.103333
Cost       : 0.097431 | Dirac Freq: 0.443475 | Mapped to bands [2, 3, 4]
------------------------------------------------------------------------------------------
* Band  2 [Target #1]: A_1      (freq = 0.421871, conf = 1.000)
* Band  3 [Target #2]: E_1      (freq = 0.464002, conf = 1.000)
* Band  4 [Target #3]: E_1      (freq = 0.465079, conf = 1.000)
  Band  5           : E_2      (freq = 0.503826, conf = 1.000)
  Band  6           : E_2      (freq = 0.504339, conf = 1.000)
  Band  7           : E_2      (freq = 0.726974, conf = 0.998)
  Band  8           : E_2      (freq = 0.727830, conf = 1.000)
  Band  9           : A_1      (freq = 0.780226, conf = 0.998)
  Band 10           : B_2      (freq = 0.827661, conf = 0.999)
==========================================================================================

==========================================================================================
EVALUATION #193 (Generation 10)
Parameters : r1 = 0.250000, r2 = 0.076667
Cost       : 0.009877 | Dirac Freq: 0.465712 | Mapped to bands [2, 3, 4]
------------------------------------------------------------------------------------------
* Band  2 [Target #1]: A_1      (freq = 0.463412, conf = 1.000)
* Band  3 [Target #2]: E_1      (freq = 0.466726, conf = 1.000)
* Band  4 [Target #3]: E_1      (freq = 0.468012, conf = 1.000)
  Band  5           : E_2      (freq = 0.582540, conf = 1.000)
  Band  6           : E_2      (freq = 0.582545, conf = 1.000)
  Band  7           : E_2      (freq = 0.748216, conf = 0.998)
  Band  8           : E_2      (freq = 0.748694, conf = 1.000)
  Band  9           : A_1      (freq = 0.793888, conf = 0.998)
  Band 10           : B_2      (freq = 0.888648, conf = 0.999)
==========================================================================================

==========================================================================================
EVALUATION #194 (Generation 10)
Parameters : r1 = 0.233333, r2 = 0.183333
Cost       : 0.193241 | Dirac Freq: 0.406482 | Mapped to bands [2, 5, 6]
------------------------------------------------------------------------------------------
* Band  2 [Target #1]: A_1      (freq = 0.367208, conf = 1.000)
  Band  3           : E_2      (freq = 0.383280, conf = 1.000)
  Band  4           : E_2      (freq = 0.383671, conf = 1.000)
* Band  5 [Target #2]: E_1      (freq = 0.445037, conf = 1.000)
* Band  6 [Target #3]: E_1      (freq = 0.445757, conf = 1.000)
  Band  7           : B_2      (freq = 0.504837, conf = 1.000)
  Band  8           : E_1      (freq = 0.673543, conf = 0.999)
  Band  9           : E_1      (freq = 0.674332, conf = 1.000)
  Band 10           : B_1      (freq = 0.690386, conf = 0.999)
==========================================================================================

==========================================================================================
EVALUATION #195 (Generation 10)
Parameters : r1 = 0.250000, r2 = 0.090000
Cost       : 0.060071 | Dirac Freq: 0.453397 | Mapped to bands [2, 3, 4]
------------------------------------------------------------------------------------------
* Band  2 [Target #1]: A_1      (freq = 0.439779, conf = 1.000)
* Band  3 [Target #2]: E_1      (freq = 0.465779, conf = 1.000)
* Band  4 [Target #3]: E_1      (freq = 0.467015, conf = 1.000)
  Band  5           : E_2      (freq = 0.537657, conf = 1.000)
  Band  6           : E_2      (freq = 0.537865, conf = 1.000)
  Band  7           : E_2      (freq = 0.732252, conf = 0.998)
  Band  8           : E_2      (freq = 0.732918, conf = 1.000)
  Band  9           : A_1      (freq = 0.784027, conf = 0.998)
  Band 10           : B_2      (freq = 0.870431, conf = 0.999)
==========================================================================================

==========================================================================================
EVALUATION #196 (Generation 10)
Parameters : r1 = 0.250000, r2 = 0.130000
Cost       : 0.152409 | Dirac Freq: 0.426347 | Mapped to bands [2, 5, 6]
------------------------------------------------------------------------------------------
* Band  2 [Target #1]: A_1      (freq = 0.393858, conf = 1.000)
  Band  3           : E_2      (freq = 0.447110, conf = 1.000)
  Band  4           : E_2      (freq = 0.447384, conf = 1.000)
* Band  5 [Target #2]: E_1      (freq = 0.457789, conf = 1.000)
* Band  6 [Target #3]: E_1      (freq = 0.458837, conf = 1.000)
  Band  7           : B_2      (freq = 0.702194, conf = 0.999)
  Band  8           : E_2      (freq = 0.722097, conf = 0.999)
  Band  9           : E_2      (freq = 0.722574, conf = 1.000)
  Band 10           : A_1      (freq = 0.776215, conf = 0.999)
==========================================================================================

==========================================================================================
EVALUATION #197 (Generation 10)
Parameters : r1 = 0.250000, r2 = 0.143333
Cost       : 0.167803 | Dirac Freq: 0.418592 | Mapped to bands [2, 5, 6]
------------------------------------------------------------------------------------------
* Band  2 [Target #1]: A_1      (freq = 0.383471, conf = 1.000)
  Band  3           : E_2      (freq = 0.424553, conf = 1.000)
  Band  4           : E_2      (freq = 0.424740, conf = 1.000)
* Band  5 [Target #2]: E_1      (freq = 0.452727, conf = 1.000)
* Band  6 [Target #3]: E_1      (freq = 0.453712, conf = 1.000)
  Band  7           : B_2      (freq = 0.643934, conf = 0.999)
  Band  8           : E_2      (freq = 0.720162, conf = 0.999)
  Band  9           : E_2      (freq = 0.720198, conf = 1.000)
  Band 10           : A_1      (freq = 0.774067, conf = 0.972)
==========================================================================================

==========================================================================================
EVALUATION #198 (Generation 10)
Parameters : r1 = 0.250000, r2 = 0.050000
Cost       : 0.102483 | Dirac Freq: 0.492841 | Mapped to bands [4, 2, 3]
------------------------------------------------------------------------------------------
* Band  2 [Target #2]: E_1      (freq = 0.467587, conf = 1.000)
* Band  3 [Target #3]: E_1      (freq = 0.468886, conf = 1.000)
* Band  4 [Target #1]: A_1      (freq = 0.518095, conf = 1.000)
  Band  5           : E_2      (freq = 0.652761, conf = 0.999)
  Band  6           : E_2      (freq = 0.653449, conf = 1.000)
  Band  7           : A_1      (freq = 0.831455, conf = 0.993)
  Band  8           : E_2      (freq = 0.859761, conf = 0.997)
  Band  9           : E_2      (freq = 0.860787, conf = 0.992)
  Band 10           : B_2      (freq = 0.899467, conf = 0.999)
==========================================================================================

==========================================================================================
EVALUATION #199 (Generation 10)
Parameters : r1 = 0.233333, r2 = 0.196667
Cost       : 0.171795 | Dirac Freq: 0.396548 | Mapped to bands [2, 5, 6]
------------------------------------------------------------------------------------------
* Band  2 [Target #1]: A_1      (freq = 0.362486, conf = 1.000)
  Band  3           : E_2      (freq = 0.371984, conf = 1.000)
  Band  4           : E_2      (freq = 0.372076, conf = 1.000)
* Band  5 [Target #2]: E_1      (freq = 0.430361, conf = 1.000)
* Band  6 [Target #3]: E_1      (freq = 0.430611, conf = 1.000)
  Band  7           : B_2      (freq = 0.467790, conf = 1.000)
  Band  8           : E_1      (freq = 0.650871, conf = 0.962)
  Band  9           : E_1      (freq = 0.651273, conf = 1.000)
  Band 10           : B_1      (freq = 0.659871, conf = 0.967)
==========================================================================================

==========================================================================================
EVALUATION #200 (Generation 10)
Parameters : r1 = 0.233333, r2 = 0.250000
Cost       : 0.074266 | Dirac Freq: 0.359318 | Mapped to bands [4, 6, 7]
------------------------------------------------------------------------------------------
  Band  2           : E_2      (freq = 0.342497, conf = 0.941)
  Band  3           : E_2      (freq = 0.344076, conf = 0.984)
* Band  4 [Target #1]: A_1      (freq = 0.345976, conf = 0.943)
  Band  5           : B_2      (freq = 0.357929, conf = 0.961)
* Band  6 [Target #2]: E_1      (freq = 0.369183, conf = 0.976)
* Band  7 [Target #3]: E_1      (freq = 0.372661, conf = 0.973)
  Band  8           : E_1      (freq = 0.591464, conf = 0.997)
  Band  9           : E_1      (freq = 0.597051, conf = 0.945)
  Band 10           : B_1      (freq = 0.598656, conf = 0.949)
==========================================================================================

==========================================================================================
EVALUATION #201 (Generation 11)
Parameters : r1 = 0.250000, r2 = 0.183333
Cost       : 0.157070 | Dirac Freq: 0.394926 | Mapped to bands [2, 5, 6]
------------------------------------------------------------------------------------------
* Band  2 [Target #1]: A_1      (freq = 0.363910, conf = 1.000)
  Band  3           : E_2      (freq = 0.381303, conf = 1.000)
  Band  4           : E_2      (freq = 0.381444, conf = 1.000)
* Band  5 [Target #2]: E_1      (freq = 0.425424, conf = 1.000)
* Band  6 [Target #3]: E_1      (freq = 0.425941, conf = 1.000)
  Band  7           : B_2      (freq = 0.503649, conf = 1.000)
  Band  8           : E_1      (freq = 0.671001, conf = 1.000)
  Band  9           : E_1      (freq = 0.672063, conf = 1.000)
  Band 10           : B_1      (freq = 0.682413, conf = 0.999)
==========================================================================================

==========================================================================================
EVALUATION #202 (Generation 11)
Parameters : r1 = 0.250000, r2 = 0.210000
Cost       : 0.119672 | Dirac Freq: 0.377123 | Mapped to bands [2, 5, 6]
------------------------------------------------------------------------------------------
* Band  2 [Target #1]: A_1      (freq = 0.354557, conf = 1.000)
  Band  3           : E_2      (freq = 0.361578, conf = 1.000)
  Band  4           : E_2      (freq = 0.361759, conf = 1.000)
* Band  5 [Target #2]: E_1      (freq = 0.398638, conf = 1.000)
* Band  6 [Target #3]: E_1      (freq = 0.399688, conf = 1.000)
  Band  7           : B_2      (freq = 0.434466, conf = 1.000)
  Band  8           : E_1      (freq = 0.630297, conf = 0.961)
  Band  9           : E_1      (freq = 0.631644, conf = 0.899)
  Band 10           : B_1      (freq = 0.632273, conf = 0.874)
==========================================================================================

==========================================================================================
EVALUATION #203 (Generation 11)
Parameters : r1 = 0.266667, r2 = 0.063333
Cost       : 0.088862 | Dirac Freq: 0.467276 | Mapped to bands [4, 2, 3]
------------------------------------------------------------------------------------------
* Band  2 [Target #2]: E_1      (freq = 0.446514, conf = 1.000)
* Band  3 [Target #3]: E_1      (freq = 0.446627, conf = 1.000)
* Band  4 [Target #1]: A_1      (freq = 0.488037, conf = 1.000)
  Band  5           : E_2      (freq = 0.598057, conf = 1.000)
  Band  6           : E_2      (freq = 0.598926, conf = 1.000)
  Band  7           : E_2      (freq = 0.780033, conf = 0.982)
  Band  8           : E_2      (freq = 0.780644, conf = 1.000)
  Band  9           : A_1      (freq = 0.787856, conf = 0.984)
  Band 10           : B_2      (freq = 0.845731, conf = 1.000)
==========================================================================================

==========================================================================================
EVALUATION #204 (Generation 11)
Parameters : r1 = 0.250000, r2 = 0.236667
Cost       : 0.077163 | Dirac Freq: 0.359487 | Mapped to bands [2, 5, 6]
------------------------------------------------------------------------------------------
* Band  2 [Target #1]: A_1      (freq = 0.345617, conf = 0.578)
  Band  3           : E_2      (freq = 0.347307, conf = 0.571)
  Band  4           : E_2      (freq = 0.348540, conf = 0.999)
* Band  5 [Target #2]: E_1      (freq = 0.367582, conf = 0.999)
* Band  6 [Target #3]: E_1      (freq = 0.373356, conf = 1.000)
  Band  7           : B_2      (freq = 0.383349, conf = 1.000)
  Band  8           : B_1      (freq = 0.597845, conf = 0.865)
  Band  9           : E_1      (freq = 0.605314, conf = 0.851)
  Band 10           : E_1      (freq = 0.605900, conf = 0.995)
==========================================================================================

==========================================================================================
EVALUATION #205 (Generation 11)
Parameters : r1 = 0.250000, r2 = 0.196667
Cost       : 0.142897 | Dirac Freq: 0.386537 | Mapped to bands [2, 5, 6]
------------------------------------------------------------------------------------------
* Band  2 [Target #1]: A_1      (freq = 0.358919, conf = 1.000)
  Band  3           : E_2      (freq = 0.370109, conf = 1.000)
  Band  4           : E_2      (freq = 0.370174, conf = 1.000)
* Band  5 [Target #2]: E_1      (freq = 0.412503, conf = 1.000)
* Band  6 [Target #3]: E_1      (freq = 0.414154, conf = 1.000)
  Band  7           : B_2      (freq = 0.466894, conf = 1.000)
  Band  8           : E_1      (freq = 0.647193, conf = 0.951)
  Band  9           : E_1      (freq = 0.648077, conf = 1.000)
  Band 10           : B_1      (freq = 0.653110, conf = 0.957)
==========================================================================================

==========================================================================================
EVALUATION #206 (Generation 11)
Parameters : r1 = 0.250000, r2 = 0.156667
Cost       : 0.170921 | Dirac Freq: 0.411009 | Mapped to bands [2, 5, 6]
------------------------------------------------------------------------------------------
* Band  2 [Target #1]: A_1      (freq = 0.375884, conf = 1.000)
  Band  3           : E_2      (freq = 0.408090, conf = 1.000)
  Band  4           : E_2      (freq = 0.408524, conf = 1.000)
* Band  5 [Target #2]: E_1      (freq = 0.445642, conf = 1.000)
* Band  6 [Target #3]: E_1      (freq = 0.446134, conf = 1.000)
  Band  7           : B_2      (freq = 0.592224, conf = 1.000)
  Band  8           : E_2      (freq = 0.717326, conf = 0.999)
  Band  9           : E_2      (freq = 0.717516, conf = 1.000)
  Band 10           : E_1      (freq = 0.734254, conf = 0.998)
==========================================================================================

==========================================================================================
EVALUATION #207 (Generation 11)
Parameters : r1 = 0.266667, r2 = 0.130000
Cost       : 0.107050 | Dirac Freq: 0.415496 | Mapped to bands [2, 3, 4]
------------------------------------------------------------------------------------------
* Band  2 [Target #1]: A_1      (freq = 0.393256, conf = 1.000)
* Band  3 [Target #2]: E_1      (freq = 0.437521, conf = 1.000)
* Band  4 [Target #3]: E_1      (freq = 0.437735, conf = 1.000)
  Band  5           : E_2      (freq = 0.442129, conf = 1.000)
  Band  6           : E_2      (freq = 0.442836, conf = 1.000)
  Band  7           : E_2      (freq = 0.692251, conf = 1.000)
  Band  8           : E_2      (freq = 0.692818, conf = 1.000)
  Band  9           : B_2      (freq = 0.692956, conf = 0.999)
  Band 10           : A_1      (freq = 0.745303, conf = 1.000)
==========================================================================================

==========================================================================================
EVALUATION #208 (Generation 11)
Parameters : r1 = 0.266667, r2 = 0.050000
Cost       : 0.137163 | Dirac Freq: 0.479756 | Mapped to bands [4, 2, 3]
------------------------------------------------------------------------------------------
* Band  2 [Target #2]: E_1      (freq = 0.446854, conf = 1.000)
* Band  3 [Target #3]: E_1      (freq = 0.446964, conf = 1.000)
* Band  4 [Target #1]: A_1      (freq = 0.512659, conf = 1.000)
  Band  5           : E_2      (freq = 0.617907, conf = 1.000)
  Band  6           : E_2      (freq = 0.618513, conf = 1.000)
  Band  7           : A_1      (freq = 0.813466, conf = 0.998)
  Band  8           : B_2      (freq = 0.848637, conf = 1.000)
  Band  9           : E_2      (freq = 0.857322, conf = 0.997)
  Band 10           : E_2      (freq = 0.857818, conf = 0.998)
==========================================================================================

==========================================================================================
EVALUATION #209 (Generation 11)
Parameters : r1 = 0.250000, r2 = 0.250000
Cost       : 1.000000 | Dirac Freq: 0.000000 | FAILED: Missing occurrence 1 for irrep 'A_1'. Available modes: {'E_2': [[2, 3], [4]], 'E_1': [[5, 6], [7, 8], [9, 10]]}
------------------------------------------------------------------------------------------
  Band  2           : E_2      (freq = 0.338530, conf = 0.667)
  Band  3           : E_2      (freq = 0.341376, conf = 0.667)
  Band  4           : E_2      (freq = 0.342881, conf = 0.667)
  Band  5           : E_1      (freq = 0.355773, conf = 0.667)
  Band  6           : E_1      (freq = 0.357574, conf = 0.667)
  Band  7           : E_1      (freq = 0.361300, conf = 0.667)
  Band  8           : E_1      (freq = 0.583646, conf = 0.667)
  Band  9           : E_1      (freq = 0.586832, conf = 0.667)
  Band 10           : E_1      (freq = 0.591197, conf = 0.667)
==========================================================================================

==========================================================================================
EVALUATION #210 (Generation 11)
Parameters : r1 = 0.266667, r2 = 0.143333
Cost       : 0.123661 | Dirac Freq: 0.407867 | Mapped to bands [2, 5, 6]
------------------------------------------------------------------------------------------
* Band  2 [Target #1]: A_1      (freq = 0.382648, conf = 1.000)
  Band  3           : E_2      (freq = 0.420382, conf = 1.000)
  Band  4           : E_2      (freq = 0.420946, conf = 1.000)
* Band  5 [Target #2]: E_1      (freq = 0.432876, conf = 1.000)
* Band  6 [Target #3]: E_1      (freq = 0.433085, conf = 1.000)
  Band  7           : B_2      (freq = 0.638025, conf = 0.999)
  Band  8           : E_2      (freq = 0.689812, conf = 1.000)
  Band  9           : E_2      (freq = 0.689882, conf = 1.000)
  Band 10           : A_1      (freq = 0.742906, conf = 1.000)
==========================================================================================

==========================================================================================
EVALUATION #211 (Generation 11)
Parameters : r1 = 0.266667, r2 = 0.116667
Cost       : 0.081912 | Dirac Freq: 0.423735 | Mapped to bands [2, 3, 4]
------------------------------------------------------------------------------------------
* Band  2 [Target #1]: A_1      (freq = 0.406380, conf = 1.000)
* Band  3 [Target #2]: E_1      (freq = 0.440764, conf = 1.000)
* Band  4 [Target #3]: E_1      (freq = 0.441089, conf = 1.000)
  Band  5           : E_2      (freq = 0.467933, conf = 1.000)
  Band  6           : E_2      (freq = 0.468957, conf = 1.000)
  Band  7           : E_2      (freq = 0.695256, conf = 1.000)
  Band  8           : E_2      (freq = 0.696311, conf = 1.000)
  Band  9           : A_1      (freq = 0.747705, conf = 1.000)
  Band 10           : B_2      (freq = 0.749668, conf = 0.999)
==========================================================================================

==========================================================================================
EVALUATION #212 (Generation 11)
Parameters : r1 = 0.266667, r2 = 0.090000
Cost       : 0.013679 | Dirac Freq: 0.442206 | Mapped to bands [2, 3, 4]
------------------------------------------------------------------------------------------
* Band  2 [Target #1]: A_1      (freq = 0.439181, conf = 1.000)
* Band  3 [Target #2]: E_1      (freq = 0.445085, conf = 1.000)
* Band  4 [Target #3]: E_1      (freq = 0.445230, conf = 1.000)
  Band  5           : E_2      (freq = 0.526527, conf = 1.000)
  Band  6           : E_2      (freq = 0.527488, conf = 1.000)
  Band  7           : E_2      (freq = 0.707509, conf = 1.000)
  Band  8           : E_2      (freq = 0.708454, conf = 1.000)
  Band  9           : A_1      (freq = 0.755506, conf = 1.000)
  Band 10           : B_2      (freq = 0.827805, conf = 1.000)
==========================================================================================

==========================================================================================
EVALUATION #213 (Generation 11)
Parameters : r1 = 0.266667, r2 = 0.170000
Cost       : 0.127250 | Dirac Freq: 0.393313 | Mapped to bands [2, 5, 6]
------------------------------------------------------------------------------------------
* Band  2 [Target #1]: A_1      (freq = 0.368289, conf = 1.000)
  Band  3           : E_2      (freq = 0.390520, conf = 1.000)
  Band  4           : E_2      (freq = 0.391359, conf = 1.000)
* Band  5 [Target #2]: E_1      (freq = 0.417599, conf = 1.000)
* Band  6 [Target #3]: E_1      (freq = 0.418338, conf = 1.000)
  Band  7           : B_2      (freq = 0.542260, conf = 1.000)
  Band  8           : E_2      (freq = 0.683244, conf = 1.000)
  Band  9           : E_2      (freq = 0.683374, conf = 1.000)
  Band 10           : E_1      (freq = 0.698487, conf = 0.888)
==========================================================================================

==========================================================================================
EVALUATION #214 (Generation 11)
Parameters : r1 = 0.250000, r2 = 0.223333
Cost       : 0.096997 | Dirac Freq: 0.368279 | Mapped to bands [2, 5, 6]
------------------------------------------------------------------------------------------
* Band  2 [Target #1]: A_1      (freq = 0.350418, conf = 0.998)
  Band  3           : E_2      (freq = 0.354403, conf = 0.998)
  Band  4           : E_2      (freq = 0.354597, conf = 0.999)
* Band  5 [Target #2]: E_1      (freq = 0.384525, conf = 1.000)
* Band  6 [Target #3]: E_1      (freq = 0.386140, conf = 1.000)
  Band  7           : B_2      (freq = 0.406644, conf = 1.000)
  Band  8           : B_1      (freq = 0.615066, conf = 0.945)
  Band  9           : E_1      (freq = 0.616845, conf = 0.938)
  Band 10           : E_1      (freq = 0.617707, conf = 0.990)
==========================================================================================

==========================================================================================
EVALUATION #215 (Generation 11)
Parameters : r1 = 0.266667, r2 = 0.076667
Cost       : 0.035424 | Dirac Freq: 0.454068 | Mapped to bands [4, 2, 3]
------------------------------------------------------------------------------------------
* Band  2 [Target #2]: E_1      (freq = 0.446025, conf = 1.000)
* Band  3 [Target #3]: E_1      (freq = 0.446136, conf = 1.000)
* Band  4 [Target #1]: A_1      (freq = 0.462110, conf = 1.000)
  Band  5           : E_2      (freq = 0.564532, conf = 1.000)
  Band  6           : E_2      (freq = 0.565510, conf = 1.000)
  Band  7           : E_2      (freq = 0.729984, conf = 0.999)
  Band  8           : E_2      (freq = 0.730888, conf = 1.000)
  Band  9           : A_1      (freq = 0.767595, conf = 0.999)
  Band 10           : B_2      (freq = 0.840332, conf = 1.000)
==========================================================================================

==========================================================================================
EVALUATION #216 (Generation 11)
Parameters : r1 = 0.266667, r2 = 0.196667
Cost       : 0.103714 | Dirac Freq: 0.376756 | Mapped to bands [2, 5, 6]
------------------------------------------------------------------------------------------
* Band  2 [Target #1]: A_1      (freq = 0.357218, conf = 1.000)
  Band  3           : E_2      (freq = 0.366606, conf = 1.000)
  Band  4           : E_2      (freq = 0.366909, conf = 1.000)
* Band  5 [Target #2]: E_1      (freq = 0.395810, conf = 1.000)
* Band  6 [Target #3]: E_1      (freq = 0.396293, conf = 1.000)
  Band  7           : B_2      (freq = 0.464804, conf = 1.000)
  Band  8           : B_1      (freq = 0.639545, conf = 0.982)
  Band  9           : E_1      (freq = 0.646610, conf = 1.000)
  Band 10           : E_1      (freq = 0.646778, conf = 0.980)
==========================================================================================

==========================================================================================
EVALUATION #217 (Generation 11)
Parameters : r1 = 0.250000, r2 = 0.170000
Cost       : 0.166547 | Dirac Freq: 0.403118 | Mapped to bands [2, 5, 6]
------------------------------------------------------------------------------------------
* Band  2 [Target #1]: A_1      (freq = 0.369549, conf = 1.000)
  Band  3           : E_2      (freq = 0.394039, conf = 1.000)
  Band  4           : E_2      (freq = 0.394546, conf = 1.000)
* Band  5 [Target #2]: E_1      (freq = 0.436494, conf = 1.000)
* Band  6 [Target #3]: E_1      (freq = 0.436687, conf = 1.000)
  Band  7           : B_2      (freq = 0.545460, conf = 1.000)
  Band  8           : E_1      (freq = 0.700097, conf = 0.993)
  Band  9           : E_1      (freq = 0.701618, conf = 1.000)
  Band 10           : E_2      (freq = 0.713394, conf = 1.000)
==========================================================================================

==========================================================================================
EVALUATION #218 (Generation 11)
Parameters : r1 = 0.266667, r2 = 0.103333
Cost       : 0.051036 | Dirac Freq: 0.432503 | Mapped to bands [2, 3, 4]
------------------------------------------------------------------------------------------
* Band  2 [Target #1]: A_1      (freq = 0.421466, conf = 1.000)
* Band  3 [Target #2]: E_1      (freq = 0.443265, conf = 1.000)
* Band  4 [Target #3]: E_1      (freq = 0.443539, conf = 1.000)
  Band  5           : E_2      (freq = 0.495712, conf = 1.000)
  Band  6           : E_2      (freq = 0.496844, conf = 1.000)
  Band  7           : E_2      (freq = 0.699581, conf = 1.000)
  Band  8           : E_2      (freq = 0.700659, conf = 1.000)
  Band  9           : A_1      (freq = 0.750588, conf = 1.000)
  Band 10           : B_2      (freq = 0.798286, conf = 0.999)
==========================================================================================

==========================================================================================
EVALUATION #219 (Generation 11)
Parameters : r1 = 0.266667, r2 = 0.183333
Cost       : 0.118442 | Dirac Freq: 0.385244 | Mapped to bands [2, 5, 6]
------------------------------------------------------------------------------------------
* Band  2 [Target #1]: A_1      (freq = 0.362430, conf = 1.000)
  Band  3           : E_2      (freq = 0.377760, conf = 1.000)
  Band  4           : E_2      (freq = 0.378431, conf = 1.000)
* Band  5 [Target #2]: E_1      (freq = 0.407620, conf = 1.000)
* Band  6 [Target #3]: E_1      (freq = 0.408059, conf = 1.000)
  Band  7           : B_2      (freq = 0.501140, conf = 1.000)
  Band  8           : B_1      (freq = 0.669185, conf = 0.937)
  Band  9           : E_1      (freq = 0.670317, conf = 0.928)
  Band 10           : E_1      (freq = 0.670777, conf = 1.000)
==========================================================================================

==========================================================================================
EVALUATION #220 (Generation 11)
Parameters : r1 = 0.266667, r2 = 0.156667
Cost       : 0.129190 | Dirac Freq: 0.400727 | Mapped to bands [2, 5, 6]
------------------------------------------------------------------------------------------
* Band  2 [Target #1]: A_1      (freq = 0.374842, conf = 1.000)
  Band  3           : E_2      (freq = 0.404310, conf = 1.000)
  Band  4           : E_2      (freq = 0.405095, conf = 1.000)
* Band  5 [Target #2]: E_1      (freq = 0.426037, conf = 1.000)
* Band  6 [Target #3]: E_1      (freq = 0.426612, conf = 1.000)
  Band  7           : B_2      (freq = 0.587958, conf = 1.000)
  Band  8           : E_2      (freq = 0.686966, conf = 1.000)
  Band  9           : E_2      (freq = 0.687187, conf = 1.000)
  Band 10           : E_1      (freq = 0.731710, conf = 0.950)
==========================================================================================

==========================================================================================
EVALUATION #221 (Generation 12)
Parameters : r1 = 0.283333, r2 = 0.116667
Cost       : 0.039428 | Dirac Freq: 0.414303 | Mapped to bands [2, 3, 4]
------------------------------------------------------------------------------------------
* Band  2 [Target #1]: A_1      (freq = 0.406135, conf = 1.000)
* Band  3 [Target #2]: E_1      (freq = 0.421912, conf = 1.000)
* Band  4 [Target #3]: E_1      (freq = 0.422470, conf = 1.000)
  Band  5           : E_2      (freq = 0.459700, conf = 1.000)
  Band  6           : E_2      (freq = 0.460967, conf = 1.000)
  Band  7           : E_2      (freq = 0.672513, conf = 1.000)
  Band  8           : E_2      (freq = 0.672989, conf = 1.000)
  Band  9           : A_1      (freq = 0.721670, conf = 1.000)
  Band 10           : B_2      (freq = 0.725447, conf = 0.999)
==========================================================================================

==========================================================================================
EVALUATION #222 (Generation 12)
Parameters : r1 = 0.266667, r2 = 0.223333
Cost       : 0.060176 | Dirac Freq: 0.358979 | Mapped to bands [2, 5, 6]
------------------------------------------------------------------------------------------
* Band  2 [Target #1]: A_1      (freq = 0.348178, conf = 1.000)
  Band  3           : E_2      (freq = 0.350765, conf = 1.000)
  Band  4           : E_2      (freq = 0.350878, conf = 1.000)
* Band  5 [Target #2]: E_1      (freq = 0.369541, conf = 1.000)
* Band  6 [Target #3]: E_1      (freq = 0.369780, conf = 1.000)
  Band  7           : B_2      (freq = 0.405127, conf = 1.000)
  Band  8           : B_1      (freq = 0.600337, conf = 1.000)
  Band  9           : E_1      (freq = 0.614848, conf = 1.000)
  Band 10           : E_1      (freq = 0.615469, conf = 1.000)
==========================================================================================

==========================================================================================
EVALUATION #223 (Generation 12)
Parameters : r1 = 0.283333, r2 = 0.090000
Cost       : 0.028126 | Dirac Freq: 0.432098 | Mapped to bands [4, 2, 3]
------------------------------------------------------------------------------------------
* Band  2 [Target #2]: E_1      (freq = 0.426021, conf = 1.000)
* Band  3 [Target #3]: E_1      (freq = 0.426425, conf = 1.000)
* Band  4 [Target #1]: A_1      (freq = 0.438174, conf = 1.000)
  Band  5           : E_2      (freq = 0.512332, conf = 1.000)
  Band  6           : E_2      (freq = 0.513655, conf = 1.000)
  Band  7           : E_2      (freq = 0.689896, conf = 1.000)
  Band  8           : E_2      (freq = 0.690334, conf = 1.000)
  Band  9           : A_1      (freq = 0.731871, conf = 1.000)
  Band 10           : B_2      (freq = 0.780867, conf = 1.000)
==========================================================================================

==========================================================================================
EVALUATION #224 (Generation 12)
Parameters : r1 = 0.283333, r2 = 0.076667
Cost       : 0.074310 | Dirac Freq: 0.443400 | Mapped to bands [4, 2, 3]
------------------------------------------------------------------------------------------
* Band  2 [Target #2]: E_1      (freq = 0.426926, conf = 1.000)
* Band  3 [Target #3]: E_1      (freq = 0.427299, conf = 1.000)
* Band  4 [Target #1]: A_1      (freq = 0.459875, conf = 1.000)
  Band  5           : E_2      (freq = 0.543431, conf = 1.000)
  Band  6           : E_2      (freq = 0.544864, conf = 1.000)
  Band  7           : E_2      (freq = 0.718779, conf = 1.000)
  Band  8           : E_2      (freq = 0.719238, conf = 1.000)
  Band  9           : A_1      (freq = 0.746767, conf = 1.000)
  Band 10           : B_2      (freq = 0.789828, conf = 1.000)
==========================================================================================

==========================================================================================
EVALUATION #225 (Generation 12)
Parameters : r1 = 0.283333, r2 = 0.130000
Cost       : 0.064678 | Dirac Freq: 0.406180 | Mapped to bands [2, 3, 4]
------------------------------------------------------------------------------------------
* Band  2 [Target #1]: A_1      (freq = 0.393045, conf = 1.000)
* Band  3 [Target #2]: E_1      (freq = 0.418875, conf = 1.000)
* Band  4 [Target #3]: E_1      (freq = 0.419316, conf = 1.000)
  Band  5           : E_2      (freq = 0.435577, conf = 1.000)
  Band  6           : E_2      (freq = 0.436492, conf = 1.000)
  Band  7           : E_2      (freq = 0.668102, conf = 1.000)
  Band  8           : E_2      (freq = 0.668178, conf = 1.000)
  Band  9           : B_2      (freq = 0.678757, conf = 1.000)
  Band 10           : A_1      (freq = 0.718545, conf = 1.000)
==========================================================================================

==========================================================================================
EVALUATION #226 (Generation 12)
Parameters : r1 = 0.283333, r2 = 0.063333
Cost       : 0.123298 | Dirac Freq: 0.455476 | Mapped to bands [4, 2, 3]
------------------------------------------------------------------------------------------
* Band  2 [Target #2]: E_1      (freq = 0.427396, conf = 1.000)
* Band  3 [Target #3]: E_1      (freq = 0.427774, conf = 1.000)
* Band  4 [Target #1]: A_1      (freq = 0.483555, conf = 1.000)
  Band  5           : E_2      (freq = 0.569033, conf = 1.000)
  Band  6           : E_2      (freq = 0.570482, conf = 1.000)
  Band  7           : A_1      (freq = 0.771119, conf = 0.981)
  Band  8           : E_2      (freq = 0.775842, conf = 0.979)
  Band  9           : E_2      (freq = 0.775854, conf = 1.000)
  Band 10           : B_2      (freq = 0.793950, conf = 1.000)
==========================================================================================

==========================================================================================
EVALUATION #227 (Generation 12)
Parameters : r1 = 0.283333, r2 = 0.196667
Cost       : 0.072883 | Dirac Freq: 0.369868 | Mapped to bands [2, 5, 6]
------------------------------------------------------------------------------------------
* Band  2 [Target #1]: A_1      (freq = 0.356389, conf = 1.000)
  Band  3           : E_2      (freq = 0.362357, conf = 1.000)
  Band  4           : E_2      (freq = 0.363240, conf = 1.000)
* Band  5 [Target #2]: E_1      (freq = 0.379539, conf = 1.000)
* Band  6 [Target #3]: E_1      (freq = 0.383346, conf = 1.000)
  Band  7           : B_2      (freq = 0.462650, conf = 1.000)
  Band  8           : B_1      (freq = 0.622829, conf = 0.989)
  Band  9           : E_2      (freq = 0.644315, conf = 1.000)
  Band 10           : E_2      (freq = 0.645981, conf = 0.616)
==========================================================================================

==========================================================================================
EVALUATION #228 (Generation 12)
Parameters : r1 = 0.266667, r2 = 0.236667
Cost       : 0.036341 | Dirac Freq: 0.350132 | Mapped to bands [2, 5, 6]
------------------------------------------------------------------------------------------
* Band  2 [Target #1]: A_1      (freq = 0.343770, conf = 0.736)
  Band  3           : E_2      (freq = 0.343814, conf = 1.000)
  Band  4           : E_2      (freq = 0.344214, conf = 0.698)
* Band  5 [Target #2]: E_1      (freq = 0.356346, conf = 1.000)
* Band  6 [Target #3]: E_1      (freq = 0.356494, conf = 1.000)
  Band  7           : B_2      (freq = 0.382161, conf = 1.000)
  Band  8           : B_1      (freq = 0.583696, conf = 1.000)
  Band  9           : E_1      (freq = 0.602143, conf = 1.000)
  Band 10           : E_1      (freq = 0.602837, conf = 1.000)
==========================================================================================

==========================================================================================
EVALUATION #229 (Generation 12)
Parameters : r1 = 0.283333, r2 = 0.143333
Cost       : 0.081598 | Dirac Freq: 0.398613 | Mapped to bands [2, 3, 5]
------------------------------------------------------------------------------------------
* Band  2 [Target #1]: A_1      (freq = 0.382350, conf = 1.000)
* Band  3 [Target #2]: E_1      (freq = 0.414242, conf = 1.000)
  Band  4           : E_2      (freq = 0.414648, conf = 1.000)
* Band  5 [Target #3]: E_1      (freq = 0.414876, conf = 1.000)
  Band  6           : E_2      (freq = 0.415564, conf = 1.000)
  Band  7           : B_2      (freq = 0.629125, conf = 1.000)
  Band  8           : E_2      (freq = 0.664189, conf = 1.000)
  Band  9           : E_2      (freq = 0.664918, conf = 1.000)
  Band 10           : A_1      (freq = 0.715529, conf = 1.000)
==========================================================================================

==========================================================================================
EVALUATION #230 (Generation 12)
Parameters : r1 = 0.283333, r2 = 0.156667
Cost       : 0.089155 | Dirac Freq: 0.391924 | Mapped to bands [2, 5, 6]
------------------------------------------------------------------------------------------
* Band  2 [Target #1]: A_1      (freq = 0.374453, conf = 1.000)
  Band  3           : E_2      (freq = 0.400211, conf = 1.000)
  Band  4           : E_2      (freq = 0.400605, conf = 1.000)
* Band  5 [Target #2]: E_1      (freq = 0.409380, conf = 1.000)
* Band  6 [Target #3]: E_1      (freq = 0.409395, conf = 1.000)
  Band  7           : B_2      (freq = 0.581728, conf = 1.000)
  Band  8           : E_2      (freq = 0.662170, conf = 1.000)
  Band  9           : E_2      (freq = 0.662186, conf = 1.000)
  Band 10           : A_1      (freq = 0.713298, conf = 1.000)
==========================================================================================

==========================================================================================
EVALUATION #231 (Generation 12)
Parameters : r1 = 0.283333, r2 = 0.223333
Cost       : 0.034228 | Dirac Freq: 0.353273 | Mapped to bands [2, 5, 6]
------------------------------------------------------------------------------------------
* Band  2 [Target #1]: A_1      (freq = 0.347227, conf = 0.948)
  Band  3           : E_2      (freq = 0.347323, conf = 1.000)
  Band  4           : E_2      (freq = 0.347737, conf = 0.940)
* Band  5 [Target #2]: E_1      (freq = 0.357891, conf = 1.000)
* Band  6 [Target #3]: E_1      (freq = 0.359319, conf = 1.000)
  Band  7           : B_2      (freq = 0.403210, conf = 1.000)
  Band  8           : B_1      (freq = 0.589036, conf = 1.000)
  Band  9           : E_1      (freq = 0.614523, conf = 1.000)
  Band 10           : E_1      (freq = 0.614611, conf = 1.000)
==========================================================================================

==========================================================================================
EVALUATION #232 (Generation 12)
Parameters : r1 = 0.283333, r2 = 0.250000
Cost       : 0.012056 | Dirac Freq: 0.340812 | Mapped to bands [4, 5, 6]
------------------------------------------------------------------------------------------
  Band  2           : E_2      (freq = 0.335717, conf = 0.796)
  Band  3           : E_2      (freq = 0.337017, conf = 0.954)
* Band  4 [Target #1]: A_1      (freq = 0.338758, conf = 0.806)
* Band  5 [Target #2]: E_1      (freq = 0.341062, conf = 0.994)
* Band  6 [Target #3]: E_1      (freq = 0.342867, conf = 0.994)
  Band  7           : B_2      (freq = 0.356325, conf = 0.989)
  Band  8           : B_1      (freq = 0.575972, conf = 0.992)
  Band  9           : E_1      (freq = 0.581309, conf = 0.991)
  Band 10           : E_1      (freq = 0.587707, conf = 0.999)
==========================================================================================

==========================================================================================
EVALUATION #233 (Generation 12)
Parameters : r1 = 0.283333, r2 = 0.050000
Cost       : 0.165886 | Dirac Freq: 0.466411 | Mapped to bands [4, 2, 3]
------------------------------------------------------------------------------------------
* Band  2 [Target #2]: E_1      (freq = 0.427725, conf = 1.000)
* Band  3 [Target #3]: E_1      (freq = 0.428101, conf = 1.000)
* Band  4 [Target #1]: A_1      (freq = 0.505096, conf = 1.000)
  Band  5           : E_2      (freq = 0.584399, conf = 1.000)
  Band  6           : E_2      (freq = 0.585741, conf = 1.000)
  Band  7           : B_2      (freq = 0.796310, conf = 1.000)
  Band  8           : A_1      (freq = 0.801953, conf = 0.999)
  Band  9           : B_1      (freq = 0.829061, conf = 0.999)
  Band 10           : E_2      (freq = 0.853934, conf = 0.998)
==========================================================================================

==========================================================================================
EVALUATION #234 (Generation 12)
Parameters : r1 = 0.283333, r2 = 0.103333
Cost       : 0.008993 | Dirac Freq: 0.422899 | Mapped to bands [2, 3, 4]
------------------------------------------------------------------------------------------
* Band  2 [Target #1]: A_1      (freq = 0.420997, conf = 1.000)
* Band  3 [Target #2]: E_1      (freq = 0.424280, conf = 1.000)
* Band  4 [Target #3]: E_1      (freq = 0.424800, conf = 1.000)
  Band  5           : E_2      (freq = 0.485132, conf = 1.000)
  Band  6           : E_2      (freq = 0.486559, conf = 1.000)
  Band  7           : E_2      (freq = 0.678783, conf = 1.000)
  Band  8           : E_2      (freq = 0.679321, conf = 1.000)
  Band  9           : A_1      (freq = 0.725519, conf = 1.000)
  Band 10           : B_2      (freq = 0.760639, conf = 1.000)
==========================================================================================

==========================================================================================
EVALUATION #235 (Generation 12)
Parameters : r1 = 0.283333, r2 = 0.170000
Cost       : 0.086815 | Dirac Freq: 0.384426 | Mapped to bands [2, 5, 6]
------------------------------------------------------------------------------------------
* Band  2 [Target #1]: A_1      (freq = 0.367739, conf = 1.000)
  Band  3           : E_2      (freq = 0.385645, conf = 1.000)
  Band  4           : E_2      (freq = 0.386744, conf = 1.000)
* Band  5 [Target #2]: E_1      (freq = 0.400073, conf = 1.000)
* Band  6 [Target #3]: E_1      (freq = 0.401113, conf = 1.000)
  Band  7           : B_2      (freq = 0.537701, conf = 1.000)
  Band  8           : E_2      (freq = 0.657518, conf = 1.000)
  Band  9           : E_2      (freq = 0.658144, conf = 1.000)
  Band 10           : B_1      (freq = 0.681832, conf = 0.982)
==========================================================================================

==========================================================================================
EVALUATION #236 (Generation 12)
Parameters : r1 = 0.283333, r2 = 0.236667
Cost       : 0.018468 | Dirac Freq: 0.346430 | Mapped to bands [4, 5, 6]
------------------------------------------------------------------------------------------
  Band  2           : E_2      (freq = 0.341501, conf = 0.969)
  Band  3           : E_2      (freq = 0.341954, conf = 1.000)
* Band  4 [Target #1]: A_1      (freq = 0.343231, conf = 0.973)
* Band  5 [Target #2]: E_1      (freq = 0.348639, conf = 0.999)
* Band  6 [Target #3]: E_1      (freq = 0.349629, conf = 1.000)
  Band  7           : B_2      (freq = 0.380564, conf = 0.999)
  Band  8           : B_1      (freq = 0.578855, conf = 0.999)
  Band  9           : E_1      (freq = 0.601249, conf = 1.000)
  Band 10           : E_1      (freq = 0.602509, conf = 0.999)
==========================================================================================

==========================================================================================
EVALUATION #237 (Generation 12)
Parameters : r1 = 0.266667, r2 = 0.250000
Cost       : 0.029088 | Dirac Freq: 0.344711 | Mapped to bands [4, 5, 6]
------------------------------------------------------------------------------------------
  Band  2           : E_2      (freq = 0.337451, conf = 0.789)
  Band  3           : E_2      (freq = 0.338925, conf = 0.705)
* Band  4 [Target #1]: A_1      (freq = 0.339697, conf = 0.579)
* Band  5 [Target #2]: E_1      (freq = 0.347556, conf = 0.962)
* Band  6 [Target #3]: E_1      (freq = 0.349724, conf = 0.974)
  Band  7           : B_2      (freq = 0.358032, conf = 0.951)
  Band  8           : B_1      (freq = 0.578019, conf = 0.993)
  Band  9           : E_1      (freq = 0.581694, conf = 0.992)
  Band 10           : E_1      (freq = 0.588104, conf = 0.999)
==========================================================================================

==========================================================================================
EVALUATION #238 (Generation 12)
Parameters : r1 = 0.283333, r2 = 0.210000
Cost       : 0.049557 | Dirac Freq: 0.360572 | Mapped to bands [2, 5, 6]
------------------------------------------------------------------------------------------
* Band  2 [Target #1]: A_1      (freq = 0.351638, conf = 0.997)
  Band  3           : E_2      (freq = 0.353838, conf = 1.000)
  Band  4           : E_2      (freq = 0.354576, conf = 0.997)
* Band  5 [Target #2]: E_1      (freq = 0.369040, conf = 1.000)
* Band  6 [Target #3]: E_1      (freq = 0.369507, conf = 1.000)
  Band  7           : B_2      (freq = 0.430724, conf = 1.000)
  Band  8           : B_1      (freq = 0.602345, conf = 1.000)
  Band  9           : E_1      (freq = 0.628756, conf = 1.000)
  Band 10           : E_1      (freq = 0.629235, conf = 1.000)
==========================================================================================

==========================================================================================
EVALUATION #239 (Generation 12)
Parameters : r1 = 0.266667, r2 = 0.210000
Cost       : 0.084325 | Dirac Freq: 0.368182 | Mapped to bands [2, 5, 6]
------------------------------------------------------------------------------------------
* Band  2 [Target #1]: A_1      (freq = 0.352659, conf = 0.999)
  Band  3           : E_2      (freq = 0.358067, conf = 1.000)
  Band  4           : E_2      (freq = 0.358619, conf = 0.999)
* Band  5 [Target #2]: E_1      (freq = 0.383084, conf = 1.000)
* Band  6 [Target #3]: E_1      (freq = 0.383706, conf = 1.000)
  Band  7           : B_2      (freq = 0.432746, conf = 1.000)
  Band  8           : B_1      (freq = 0.619242, conf = 0.999)
  Band  9           : E_1      (freq = 0.629223, conf = 0.999)
  Band 10           : E_1      (freq = 0.629924, conf = 1.000)
==========================================================================================

==========================================================================================
EVALUATION #240 (Generation 12)
Parameters : r1 = 0.283333, r2 = 0.183333
Cost       : 0.080658 | Dirac Freq: 0.376937 | Mapped to bands [2, 5, 6]
------------------------------------------------------------------------------------------
* Band  2 [Target #1]: A_1      (freq = 0.361735, conf = 1.000)
  Band  3           : E_2      (freq = 0.373352, conf = 1.000)
  Band  4           : E_2      (freq = 0.374188, conf = 1.000)
* Band  5 [Target #2]: E_1      (freq = 0.391306, conf = 1.000)
* Band  6 [Target #3]: E_1      (freq = 0.392138, conf = 1.000)
  Band  7           : B_2      (freq = 0.497768, conf = 1.000)
  Band  8           : B_1      (freq = 0.651168, conf = 0.998)
  Band  9           : E_2      (freq = 0.652314, conf = 1.000)
  Band 10           : E_2      (freq = 0.653553, conf = 1.000)
==========================================================================================

==========================================================================================
EVALUATION #241 (Generation 13)
Parameters : r1 = 0.300000, r2 = 0.076667
Cost       : 0.109485 | Dirac Freq: 0.432800 | Mapped to bands [4, 2, 3]
------------------------------------------------------------------------------------------
* Band  2 [Target #2]: E_1      (freq = 0.409107, conf = 1.000)
* Band  3 [Target #3]: E_1      (freq = 0.410111, conf = 1.000)
* Band  4 [Target #1]: A_1      (freq = 0.456492, conf = 1.000)
  Band  5           : E_2      (freq = 0.521194, conf = 1.000)
  Band  6           : E_2      (freq = 0.521375, conf = 1.000)
  Band  7           : E_2      (freq = 0.710288, conf = 1.000)
  Band  8           : E_2      (freq = 0.711013, conf = 0.994)
  Band  9           : A_1      (freq = 0.730061, conf = 0.994)
  Band 10           : B_2      (freq = 0.740989, conf = 0.999)
==========================================================================================

==========================================================================================
EVALUATION #242 (Generation 13)
Parameters : r1 = 0.300000, r2 = 0.103333
Cost       : 0.032196 | Dirac Freq: 0.413374 | Mapped to bands [4, 2, 3]
------------------------------------------------------------------------------------------
* Band  2 [Target #2]: E_1      (freq = 0.406719, conf = 1.000)
* Band  3 [Target #3]: E_1      (freq = 0.407557, conf = 1.000)
* Band  4 [Target #1]: A_1      (freq = 0.420028, conf = 1.000)
  Band  5           : E_2      (freq = 0.472600, conf = 1.000)
  Band  6           : E_2      (freq = 0.473214, conf = 1.000)
  Band  7           : E_2      (freq = 0.662028, conf = 1.000)
  Band  8           : E_2      (freq = 0.662249, conf = 0.998)
  Band  9           : A_1      (freq = 0.704172, conf = 0.998)
  Band 10           : B_2      (freq = 0.720141, conf = 0.999)
==========================================================================================

==========================================================================================
EVALUATION #243 (Generation 13)
Parameters : r1 = 0.300000, r2 = 0.183333
Cost       : 0.056997 | Dirac Freq: 0.371930 | Mapped to bands [2, 5, 6]
------------------------------------------------------------------------------------------
* Band  2 [Target #1]: A_1      (freq = 0.361331, conf = 1.000)
  Band  3           : E_2      (freq = 0.371746, conf = 1.000)
  Band  4           : E_2      (freq = 0.372164, conf = 1.000)
* Band  5 [Target #2]: E_1      (freq = 0.380932, conf = 1.000)
* Band  6 [Target #3]: E_1      (freq = 0.382530, conf = 1.000)
  Band  7           : B_2      (freq = 0.493179, conf = 1.000)
  Band  8           : E_2      (freq = 0.634168, conf = 1.000)
  Band  9           : E_2      (freq = 0.634486, conf = 0.998)
  Band 10           : B_1      (freq = 0.648427, conf = 0.998)
==========================================================================================

==========================================================================================
EVALUATION #244 (Generation 13)
Parameters : r1 = 0.300000, r2 = 0.090000
Cost       : 0.066576 | Dirac Freq: 0.422330 | Mapped to bands [4, 2, 3]
------------------------------------------------------------------------------------------
* Band  2 [Target #2]: E_1      (freq = 0.408271, conf = 1.000)
* Band  3 [Target #3]: E_1      (freq = 0.409236, conf = 1.000)
* Band  4 [Target #1]: A_1      (freq = 0.436388, conf = 1.000)
  Band  5           : E_2      (freq = 0.496067, conf = 1.000)
  Band  6           : E_2      (freq = 0.496393, conf = 1.000)
  Band  7           : E_2      (freq = 0.676250, conf = 1.000)
  Band  8           : E_2      (freq = 0.676747, conf = 0.997)
  Band  9           : A_1      (freq = 0.712143, conf = 0.998)
  Band 10           : B_2      (freq = 0.734400, conf = 0.999)
==========================================================================================

==========================================================================================
EVALUATION #245 (Generation 13)
Parameters : r1 = 0.300000, r2 = 0.143333
Cost       : 0.044692 | Dirac Freq: 0.390983 | Mapped to bands [2, 3, 4]
------------------------------------------------------------------------------------------
* Band  2 [Target #1]: A_1      (freq = 0.382246, conf = 1.000)
* Band  3 [Target #2]: E_1      (freq = 0.397827, conf = 1.000)
* Band  4 [Target #3]: E_1      (freq = 0.399720, conf = 1.000)
  Band  5           : E_2      (freq = 0.409183, conf = 1.000)
  Band  6           : E_2      (freq = 0.409542, conf = 1.000)
  Band  7           : B_2      (freq = 0.617282, conf = 1.000)
  Band  8           : E_2      (freq = 0.642657, conf = 1.000)
  Band  9           : E_2      (freq = 0.643731, conf = 0.998)
  Band 10           : A_1      (freq = 0.692474, conf = 0.998)
==========================================================================================

==========================================================================================
EVALUATION #246 (Generation 13)
Parameters : r1 = 0.300000, r2 = 0.050000
Cost       : 0.190196 | Dirac Freq: 0.452953 | Mapped to bands [4, 2, 3]
------------------------------------------------------------------------------------------
* Band  2 [Target #2]: E_1      (freq = 0.409878, conf = 1.000)
* Band  3 [Target #3]: E_1      (freq = 0.410888, conf = 1.000)
* Band  4 [Target #1]: A_1      (freq = 0.496028, conf = 1.000)
  Band  5           : E_2      (freq = 0.553449, conf = 1.000)
  Band  6           : E_2      (freq = 0.553455, conf = 1.000)
  Band  7           : B_2      (freq = 0.746041, conf = 0.999)
  Band  8           : B_1      (freq = 0.785020, conf = 0.999)
  Band  9           : A_1      (freq = 0.793921, conf = 0.999)
  Band 10           : E_2      (freq = 0.845729, conf = 0.998)
==========================================================================================

==========================================================================================
EVALUATION #247 (Generation 13)
Parameters : r1 = 0.300000, r2 = 0.236667
Cost       : 0.003553 | Dirac Freq: 0.343396 | Mapped to bands [4, 5, 6]
------------------------------------------------------------------------------------------
  Band  2           : E_2      (freq = 0.339821, conf = 1.000)
  Band  3           : E_2      (freq = 0.340219, conf = 0.975)
* Band  4 [Target #1]: A_1      (freq = 0.342786, conf = 0.978)
* Band  5 [Target #2]: E_1      (freq = 0.343840, conf = 1.000)
* Band  6 [Target #3]: E_1      (freq = 0.344006, conf = 1.000)
  Band  7           : B_2      (freq = 0.378791, conf = 1.000)
  Band  8           : B_1      (freq = 0.576649, conf = 1.000)
  Band  9           : E_2      (freq = 0.596408, conf = 1.000)
  Band 10           : E_2      (freq = 0.597408, conf = 0.999)
==========================================================================================

==========================================================================================
EVALUATION #248 (Generation 13)
Parameters : r1 = 0.300000, r2 = 0.116667
Cost       : 0.002708 | Dirac Freq: 0.405060 | Mapped to bands [4, 2, 3]
------------------------------------------------------------------------------------------
* Band  2 [Target #2]: E_1      (freq = 0.404512, conf = 1.000)
* Band  3 [Target #3]: E_1      (freq = 0.405291, conf = 1.000)
* Band  4 [Target #1]: A_1      (freq = 0.405609, conf = 1.000)
  Band  5           : E_2      (freq = 0.449798, conf = 1.000)
  Band  6           : E_2      (freq = 0.450403, conf = 1.000)
  Band  7           : E_2      (freq = 0.653503, conf = 1.000)
  Band  8           : E_2      (freq = 0.653669, conf = 0.998)
  Band  9           : B_2      (freq = 0.695384, conf = 0.999)
  Band 10           : A_1      (freq = 0.699197, conf = 0.998)
==========================================================================================

==========================================================================================
EVALUATION #249 (Generation 13)
Parameters : r1 = 0.300000, r2 = 0.170000
Cost       : 0.057510 | Dirac Freq: 0.378333 | Mapped to bands [2, 5, 6]
------------------------------------------------------------------------------------------
* Band  2 [Target #1]: A_1      (freq = 0.367454, conf = 1.000)
  Band  3           : E_2      (freq = 0.382989, conf = 1.000)
  Band  4           : E_2      (freq = 0.383396, conf = 1.000)
* Band  5 [Target #2]: E_1      (freq = 0.387681, conf = 1.000)
* Band  6 [Target #3]: E_1      (freq = 0.389212, conf = 1.000)
  Band  7           : B_2      (freq = 0.531735, conf = 1.000)
  Band  8           : E_2      (freq = 0.637811, conf = 1.000)
  Band  9           : E_2      (freq = 0.637979, conf = 0.998)
  Band 10           : B_1      (freq = 0.672105, conf = 0.999)
==========================================================================================

==========================================================================================
EVALUATION #250 (Generation 13)
Parameters : r1 = 0.300000, r2 = 0.130000
Cost       : 0.024360 | Dirac Freq: 0.397571 | Mapped to bands [2, 3, 4]
------------------------------------------------------------------------------------------
* Band  2 [Target #1]: A_1      (freq = 0.392729, conf = 1.000)
* Band  3 [Target #2]: E_1      (freq = 0.401554, conf = 1.000)
* Band  4 [Target #3]: E_1      (freq = 0.402414, conf = 1.000)
  Band  5           : E_2      (freq = 0.427636, conf = 1.000)
  Band  6           : E_2      (freq = 0.428016, conf = 1.000)
  Band  7           : E_2      (freq = 0.647016, conf = 1.000)
  Band  8           : E_2      (freq = 0.647661, conf = 0.998)
  Band  9           : B_2      (freq = 0.659428, conf = 1.000)
  Band 10           : A_1      (freq = 0.695218, conf = 0.998)
==========================================================================================

==========================================================================================
EVALUATION #251 (Generation 13)
Parameters : r1 = 0.300000, r2 = 0.223333
Cost       : 0.006527 | Dirac Freq: 0.347802 | Mapped to bands [4, 5, 6]
------------------------------------------------------------------------------------------
  Band  2           : E_2      (freq = 0.343147, conf = 1.000)
  Band  3           : E_2      (freq = 0.344814, conf = 0.991)
* Band  4 [Target #1]: A_1      (freq = 0.346667, conf = 0.992)
* Band  5 [Target #2]: E_1      (freq = 0.348866, conf = 1.000)
* Band  6 [Target #3]: E_1      (freq = 0.348937, conf = 1.000)
  Band  7           : B_2      (freq = 0.399997, conf = 1.000)
  Band  8           : B_1      (freq = 0.579885, conf = 0.997)
  Band  9           : E_2      (freq = 0.602364, conf = 0.999)
  Band 10           : E_2      (freq = 0.604757, conf = 0.998)
==========================================================================================

==========================================================================================
EVALUATION #252 (Generation 13)
Parameters : r1 = 0.300000, r2 = 0.210000
Cost       : 0.021569 | Dirac Freq: 0.354901 | Mapped to bands [4, 5, 6]
------------------------------------------------------------------------------------------
  Band  2           : E_2      (freq = 0.350607, conf = 0.998)
  Band  3           : E_2      (freq = 0.350714, conf = 1.000)
* Band  4 [Target #1]: A_1      (freq = 0.351073, conf = 0.998)
* Band  5 [Target #2]: E_1      (freq = 0.358120, conf = 1.000)
* Band  6 [Target #3]: E_1      (freq = 0.358728, conf = 1.000)
  Band  7           : B_2      (freq = 0.428007, conf = 1.000)
  Band  8           : B_1      (freq = 0.590396, conf = 0.999)
  Band  9           : E_2      (freq = 0.614968, conf = 1.000)
  Band 10           : E_2      (freq = 0.614971, conf = 1.000)
==========================================================================================

==========================================================================================
EVALUATION #253 (Generation 13)
Parameters : r1 = 0.300000, r2 = 0.196667
Cost       : 0.030448 | Dirac Freq: 0.361309 | Mapped to bands [2, 5, 6]
------------------------------------------------------------------------------------------
* Band  2 [Target #1]: A_1      (freq = 0.355808, conf = 0.994)
  Band  3           : E_2      (freq = 0.357035, conf = 0.993)
  Band  4           : E_2      (freq = 0.357437, conf = 1.000)
* Band  5 [Target #2]: E_1      (freq = 0.365565, conf = 1.000)
* Band  6 [Target #3]: E_1      (freq = 0.366809, conf = 1.000)
  Band  7           : B_2      (freq = 0.459213, conf = 1.000)
  Band  8           : B_1      (freq = 0.600142, conf = 0.998)
  Band  9           : E_2      (freq = 0.622800, conf = 0.998)
  Band 10           : E_2      (freq = 0.622835, conf = 1.000)
==========================================================================================

==========================================================================================
EVALUATION #254 (Generation 13)
Parameters : r1 = 0.300000, r2 = 0.156667
Cost       : 0.050560 | Dirac Freq: 0.383883 | Mapped to bands [2, 3, 4]
------------------------------------------------------------------------------------------
* Band  2 [Target #1]: A_1      (freq = 0.374179, conf = 1.000)
* Band  3 [Target #2]: E_1      (freq = 0.392676, conf = 1.000)
* Band  4 [Target #3]: E_1      (freq = 0.393588, conf = 1.000)
  Band  5           : E_2      (freq = 0.394307, conf = 1.000)
  Band  6           : E_2      (freq = 0.394492, conf = 1.000)
  Band  7           : B_2      (freq = 0.573272, conf = 1.000)
  Band  8           : E_2      (freq = 0.639832, conf = 1.000)
  Band  9           : E_2      (freq = 0.640485, conf = 0.999)
  Band 10           : A_1      (freq = 0.689446, conf = 0.998)
==========================================================================================

==========================================================================================
EVALUATION #255 (Generation 13)
Parameters : r1 = 0.300000, r2 = 0.250000
Cost       : 0.004215 | Dirac Freq: 0.338583 | Mapped to bands [5, 4, 6]
------------------------------------------------------------------------------------------
  Band  2           : E_2      (freq = 0.334798, conf = 0.926)
  Band  3           : E_2      (freq = 0.336206, conf = 0.953)
* Band  4 [Target #2]: E_1      (freq = 0.337869, conf = 0.989)
* Band  5 [Target #1]: A_1      (freq = 0.337990, conf = 0.908)
* Band  6 [Target #3]: E_1      (freq = 0.339296, conf = 0.997)
  Band  7           : B_2      (freq = 0.355575, conf = 0.989)
  Band  8           : B_1      (freq = 0.574746, conf = 1.000)
  Band  9           : E_1      (freq = 0.580800, conf = 0.999)
  Band 10           : E_1      (freq = 0.587431, conf = 0.999)
==========================================================================================

==========================================================================================
EVALUATION #256 (Generation 13)
Parameters : r1 = 0.300000, r2 = 0.063333
Cost       : 0.153391 | Dirac Freq: 0.443584 | Mapped to bands [4, 2, 3]
------------------------------------------------------------------------------------------
* Band  2 [Target #2]: E_1      (freq = 0.409563, conf = 1.000)
* Band  3 [Target #3]: E_1      (freq = 0.410568, conf = 1.000)
* Band  4 [Target #1]: A_1      (freq = 0.477605, conf = 1.000)
  Band  5           : E_2      (freq = 0.541136, conf = 1.000)
  Band  6           : E_2      (freq = 0.541206, conf = 1.000)
  Band  7           : B_2      (freq = 0.744150, conf = 0.999)
  Band  8           : A_1      (freq = 0.758596, conf = 0.992)
  Band  9           : E_2      (freq = 0.770430, conf = 1.000)
  Band 10           : E_2      (freq = 0.771907, conf = 0.991)
==========================================================================================

